[Licensing::Module] Trying to connect to existing licensing client channel...
Built from '6000.4/staging' branch; Version is '6000.4.5f1 (cc83ebd631f8) revision 13403115'; Using compiler version '194234433'; Build Type 'Release'
[Licensing::IpcConnector] Successfully connected to: "LicenseClient-Windows" at "2026-05-04T04:46:28.2833653Z"
OS: 'Windows 11  (10.0.26200) Professional' Language: 'en' Physical Memory: 24446 MB
BatchMode: 1, IsHumanControllingUs: 0, StartBugReporterOnCrash: 0, Is64bit: 1
System  architecture: x64
Process architecture: x64
Date: 2026-05-04T04:46:28Z

COMMAND LINE ARGUMENTS:
C:\Program Files\Unity\Hub\Editor\6000.4.5f1\Editor\Unity.exe
-adb2
-batchMode
-noUpm
-name
AssetImportWorker0
-projectPath
D:/Personal Files/Work/Projects/TV-Guy
-logFile
Logs/AssetImportWorker0.log
-srvPort
5678
-licensingIpc
LicenseClient-Windows
-force-d3d12
-job-worker-count
2
-background-job-worker-count
8
-gc-helper-count
1
-name
AssetImport
Successfully changed project path to: D:/Personal Files/Work/Projects/TV-Guy
D:/Personal Files/Work/Projects/TV-Guy
[UnityMemory] Configuration Parameters - Can be set up in boot.config
    "memorysetup-temp-allocator-size-gi-baking-worker=262144"
    "memorysetup-temp-allocator-size-gi-baking-worker=262144"
    "memorysetup-temp-allocator-size-gi-baking-worker=262144"
    "memorysetup-temp-allocator-size-gi-baking-worker=262144"
    "memorysetup-temp-allocator-size-gi-baking-worker=262144"
    "memorysetup-temp-allocator-size-nav-mesh-worker=65536"
    "memorysetup-temp-allocator-size-audio-worker=65536"
    "memorysetup-temp-allocator-size-cloud-worker=32768"
    "memorysetup-temp-allocator-size-gfx=262144"
    "memorysetup-temp-allocator-size-preload-manager=33554432"
    "memorysetup-temp-allocator-size-job-worker=262144"
    "memorysetup-temp-allocator-size-background-worker=32768"
    "memorysetup-allocator-temp-initial-block-size-main=262144"
    "memorysetup-allocator-temp-initial-block-size-worker=262144"
    "memorysetup-bucket-allocator-granularity=16"
    "memorysetup-bucket-allocator-bucket-count=8"
    "memorysetup-bucket-allocator-block-size=33554432"
    "memorysetup-bucket-allocator-block-count=8"
    "memorysetup-main-allocator-block-size=16777216"
    "memorysetup-thread-allocator-block-size=16777216"
    "memorysetup-gfx-main-allocator-block-size=16777216"
    "memorysetup-gfx-thread-allocator-block-size=16777216"
    "memorysetup-cache-allocator-block-size=4194304"
    "memorysetup-typetree-allocator-block-size=2097152"
    "memorysetup-profiler-bucket-allocator-granularity=16"
    "memorysetup-profiler-bucket-allocator-bucket-count=8"
    "memorysetup-profiler-bucket-allocator-block-size=33554432"
    "memorysetup-profiler-bucket-allocator-block-count=8"
    "memorysetup-profiler-allocator-block-size=16777216"
    "memorysetup-profiler-editor-allocator-block-size=1048576"
    "memorysetup-temp-allocator-size-main=16777216"
    "memorysetup-job-temp-allocator-block-size=2097152"
    "memorysetup-job-temp-allocator-block-size-background=1048576"
    "memorysetup-job-temp-allocator-reduction-small-platforms=262144"
Player connection [45608]  Target information:

Player connection [45608]  * "[IP] 192.168.254.100 [Port] 0 [Flags] 2 [Guid] 1866426179 [EditorId] 1866426179 [Version] 1048832 [Id] WindowsEditor(7,DESKTOP-UQGS35N) [Debug] 1 [PackageName] WindowsEditor [ProjectName] Editor" 

Player connection [45608] Host joined multi-casting on [225.0.0.222:54997]...
Player connection [45608] Host joined alternative multi-casting on [225.0.0.222:34997]...
JobSystem: Creating JobQueue using job-worker-count value 2
Input System module state changed to: Initialized.
[Physics::Module] Initialized fallback backend.
[Physics::Module] Id: 0xdecafbad
Library Redirect Path: Library/
[Physics::Module] Selected backend.
[Physics::Module] Name: PhysX
[Physics::Module] Id: 0xf2b8ea05
[Physics::Module] SDK Version: 4.1.2
[Physics::Module] Integration Version: 1.0.0
[Physics::Module] Threading Mode: Multi-Threaded
Refreshing native plugins compatible for Editor in 7.96 ms, found 5 plugins.
Initialize engine version: 6000.4.5f1 (cc83ebd631f8)
[Subsystems] Discovering subsystems at path C:/Program Files/Unity/Hub/Editor/6000.4.5f1/Editor/Data/Resources/UnitySubsystems
[Subsystems] Discovering subsystems at path D:/Personal Files/Work/Projects/TV-Guy/Assets
Forcing GfxDevice: Direct3D 12
GfxDevice: creating device client; kGfxThreadingModeNonThreaded
d3d12: failed to query info queue interface (0x80004002).
Direct3D:
    Version:         Direct3D 12 [level 12.1]
    Renderer:        NVIDIA GeForce GTX 1060 6GB (ID=0x1c03)
    Vendor:          NVIDIA
    VRAM:            6029 MB
    App VRAM Budget: 5261 MB
    Driver:          32.0.15.8228
Initialize mono
Mono path[0] = 'C:/Program Files/Unity/Hub/Editor/6000.4.5f1/Editor/Data/Managed'
Mono path[1] = 'C:/Program Files/Unity/Hub/Editor/6000.4.5f1/Editor/Data/MonoBleedingEdge/lib/mono/unityjit-win32'
Mono config path = 'C:/Program Files/Unity/Hub/Editor/6000.4.5f1/Editor/Data/MonoBleedingEdge/etc'
Using monoOptions --debugger-agent=transport=dt_socket,embedding=1,server=y,suspend=n,address=127.0.0.1:56180
CodeReloadManager initialized
Begin MonoManager ReloadAssembly
Registering precompiled unity dll's ...
Register platform support module: C:/Program Files/Unity/Hub/Editor/6000.4.5f1/Editor/Data/PlaybackEngines/WebGLSupport/UnityEditor.WebGL.Extensions.dll
Register platform support module: C:/Program Files/Unity/Hub/Editor/6000.4.5f1/Editor/Data/PlaybackEngines/WindowsStandaloneSupport/UnityEditor.WindowsStandalone.Extensions.dll
Registered in 0.002322 seconds.
[Licensing::Client] Error: HandshakeResponse reported an error:
	ResponseCode: 505
	ResponseStatus: Unsupported protocol version '1.18.1'.
[Licensing::Module] Error: Failed to handshake to channel: "LicenseClient-Windows"
[Licensing::IpcConnector] LicenseClient-Windows channel disconnected successfully.
[Licensing::IpcConnector] Successfully connected to: "LicenseClient-Windows-6000.4.5" at "2026-05-04T04:46:30.162308Z"
[Licensing::Client] Code 10 while verifying Licensing Client signature (process Id: 18424, path: "C:/Program Files/Unity/Hub/Editor/6000.4.5f1/Editor/Data/Resources/Licensing/Client/Unity.Licensing.Client.exe")
[Licensing::Module] LicensingClient has failed validation; ignoring
[Licensing::Client] Handshaking with LicensingClient:
  Version:                 1.18.1+9fbee8e
  Session Id:              6ee2fcec2c61468495c34a45497f40b9
  Correlation Id:          0b5c0a3c9dda255d4a84663aecdc20b9
  External correlation Id: 1841028429511550058
  Machine Id:              i4LZcePD91jR2sa2N6JBgUkrNYA=
[Licensing::Module] Successfully connected to LicensingClient on channel: "LicenseClient-Windows-6000.4.5" (connect: 0.00s, validation: 0.00s, handshake: 0.02s)
[Licensing::IpcConnector] Successfully connected to: "LicenseClient-Windows-6000.4.5-notifications" at "2026-05-04T04:46:30.1858234Z"
[Licensing::Module] Licensing Background thread has ended after 1.90s
Native extension for WindowsStandalone target not found
Native extension for WebGL target not found
Package Manager log level set to [2]
[Package Manager] Failed to launch server process. Reason: Unity was launched with the -noUpm command-line argument
[Package Manager] Unable to send message (not connected to server process).
[Package Manager] Cannot connect to Unity Package Manager local server
ScheduleIndexationOnStartup MainProcess:False IndexOnStartup:True
Mono: successfully reloaded assembly
- Finished resetting the current domain, in  0.617 seconds
Domain Reload Profiling: 1263ms
	BeginReloadAssembly (177ms)
	RebuildCommonClasses (53ms)
	RebuildNativeTypeToScriptingClass (19ms)
	initialDomainReloadingComplete (88ms)
	LoadAllAssembliesAndSetupDomain (308ms)
		LoadAssemblies (174ms)
		AnalyzeDomain (293ms)
			TypeCache.Refresh (291ms)
				TypeCache.ScanAssembly (270ms)
	FinalizeReload (619ms)
		SetupLoadedEditorAssemblies (0ms)
			InitializePlatformSupportModulesInManaged (69ms)
			BeforeProcessingInitializeOnLoad (140ms)
			ProcessInitializeOnLoadAttributes (163ms)
			ProcessInitializeOnLoadMethodAttributes (117ms)
Assembly reference Packages/com.unity.cinemachine/Editor/Samples/ExposeHDRPInternals/HDRP-Editor-ref.asmref has no target assembly definition
========================================================================
Worker process is ready to serve import requests
Import Worker Mode flag is 0x00
Assembly reference Packages/com.unity.cinemachine/Editor/Samples/ExposeHDRPInternals/HDRP-Editor-ref.asmref has no target assembly definition
Assembly reference Packages/com.unity.cinemachine/Editor/Samples/ExposeHDRPInternals/HDRP-Editor-ref.asmref has no target assembly definition
Begin MonoManager ReloadAssembly
[Licensing::Client] Successfully resolved entitlement details
[Licensing::Module] License group:
  Id: 1374459508342-UnityPersXXXX
  Product: Unity Personal
  Type: Assigned
  Expiration: Unlimited
Assembly Assembly-CSharp-Editor-firstpass.dll at Library/ScriptAssemblies/Assembly-CSharp-Editor-firstpass.dll not valid. Loading of assembly skipped.
Assembly Assembly-CSharp-Editor.dll at Library/ScriptAssemblies/Assembly-CSharp-Editor.dll not valid. Loading of assembly skipped.
Assembly Assembly-CSharp-firstpass.dll at Library/ScriptAssemblies/Assembly-CSharp-firstpass.dll not valid. Loading of assembly skipped.
Assembly DocCodeExamples.dll at Library/ScriptAssemblies/DocCodeExamples.dll not valid. Loading of assembly skipped.
Assembly TestNewCustomAssembly.dll at Library/ScriptAssemblies/TestNewCustomAssembly.dll not valid. Loading of assembly skipped.
Assembly Unity.2D.Animation.EditorTests.dll at Library/ScriptAssemblies/Unity.2D.Animation.EditorTests.dll not valid. Loading of assembly skipped.
Assembly Unity.2D.Aseprite.EditorTests.dll at Library/ScriptAssemblies/Unity.2D.Aseprite.EditorTests.dll not valid. Loading of assembly skipped.
Assembly Unity.2D.Common.EditorTests.dll at Library/ScriptAssemblies/Unity.2D.Common.EditorTests.dll not valid. Loading of assembly skipped.
Assembly Unity.2D.Psdimporter.EditorTests.dll at Library/ScriptAssemblies/Unity.2D.Psdimporter.EditorTests.dll not valid. Loading of assembly skipped.
Assembly Unity.2D.Sprite.Package.EditorTests.dll at Library/ScriptAssemblies/Unity.2D.Sprite.Package.EditorTests.dll not valid. Loading of assembly skipped.
Assembly Unity.2D.SpriteShape.EditorTests.dll at Library/ScriptAssemblies/Unity.2D.SpriteShape.EditorTests.dll not valid. Loading of assembly skipped.
Assembly Unity.2D.Tilemap.Package.EditorTests.dll at Library/ScriptAssemblies/Unity.2D.Tilemap.Package.EditorTests.dll not valid. Loading of assembly skipped.
Assembly Unity.Collections.BurstCompatibilityGen.dll at Library/ScriptAssemblies/Unity.Collections.BurstCompatibilityGen.dll not valid. Loading of assembly skipped.
Assembly Unity.Collections.DocCodeSamples.dll at Library/ScriptAssemblies/Unity.Collections.DocCodeSamples.dll not valid. Loading of assembly skipped.
Assembly Unity.Collections.PerformanceTests.dll at Library/ScriptAssemblies/Unity.Collections.PerformanceTests.dll not valid. Loading of assembly skipped.
Assembly Unity.Collections.Tests.dll at Library/ScriptAssemblies/Unity.Collections.Tests.dll not valid. Loading of assembly skipped.
Assembly Unity.Collections.Tests.Playmode.dll at Library/ScriptAssemblies/Unity.Collections.Tests.Playmode.dll not valid. Loading of assembly skipped.
Assembly Unity.InputSystem.IntegrationTests.dll at Library/ScriptAssemblies/Unity.InputSystem.IntegrationTests.dll not valid. Loading of assembly skipped.
Assembly Unity.Mathematics.Tests.dll at Library/ScriptAssemblies/Unity.Mathematics.Tests.dll not valid. Loading of assembly skipped.
Assembly Unity.Multiplayer.Center.Editor.Tests.dll at Library/ScriptAssemblies/Unity.Multiplayer.Center.Editor.Tests.dll not valid. Loading of assembly skipped.
Assembly Unity.Multiplayer.Center.Tests.dll at Library/ScriptAssemblies/Unity.Multiplayer.Center.Tests.dll not valid. Loading of assembly skipped.
Assembly Unity.Nuget.Mono-Cecil.dll at Library/ScriptAssemblies/Unity.Nuget.Mono-Cecil.dll not valid. Loading of assembly skipped.
Assembly Unity.PathTracing.Editor.Tests.dll at Library/ScriptAssemblies/Unity.PathTracing.Editor.Tests.dll not valid. Loading of assembly skipped.
Assembly Unity.PathTracing.Runtime.Tests.dll at Library/ScriptAssemblies/Unity.PathTracing.Runtime.Tests.dll not valid. Loading of assembly skipped.
Assembly Unity.RenderPipelines.Core.Editor.Tests.dll at Library/ScriptAssemblies/Unity.RenderPipelines.Core.Editor.Tests.dll not valid. Loading of assembly skipped.
Assembly Unity.RenderPipelines.Core.Runtime.Tests.dll at Library/ScriptAssemblies/Unity.RenderPipelines.Core.Runtime.Tests.dll not valid. Loading of assembly skipped.
Assembly Unity.RenderPipelines.Universal.Config.Editor.Tests.dll at Library/ScriptAssemblies/Unity.RenderPipelines.Universal.Config.Editor.Tests.dll not valid. Loading of assembly skipped.
Assembly Unity.RenderPipelines.Universal.Editor.Tests.dll at Library/ScriptAssemblies/Unity.RenderPipelines.Universal.Editor.Tests.dll not valid. Loading of assembly skipped.
Assembly Unity.RenderPipelines.Universal.Runtime.Tests.dll at Library/ScriptAssemblies/Unity.RenderPipelines.Universal.Runtime.Tests.dll not valid. Loading of assembly skipped.
Assembly Unity.Searcher.EditorTests.dll at Library/ScriptAssemblies/Unity.Searcher.EditorTests.dll not valid. Loading of assembly skipped.
Assembly Unity.Settings.Tests.dll at Library/ScriptAssemblies/Unity.Settings.Tests.dll not valid. Loading of assembly skipped.
Assembly Unity.ShaderGraph.Editor.Tests.dll at Library/ScriptAssemblies/Unity.ShaderGraph.Editor.Tests.dll not valid. Loading of assembly skipped.
Assembly Unity.TextMeshPro.Editor.Tests.dll at Library/ScriptAssemblies/Unity.TextMeshPro.Editor.Tests.dll not valid. Loading of assembly skipped.
Assembly Unity.TextMeshPro.Tests.dll at Library/ScriptAssemblies/Unity.TextMeshPro.Tests.dll not valid. Loading of assembly skipped.
Assembly Unity.UnifiedRayTracing.Editor.Tests.dll at Library/ScriptAssemblies/Unity.UnifiedRayTracing.Editor.Tests.dll not valid. Loading of assembly skipped.
Assembly UnityEditor.UI.Common.Tests.dll at Library/ScriptAssemblies/UnityEditor.UI.Common.Tests.dll not valid. Loading of assembly skipped.
Assembly UnityEditor.UI.EditorTests.dll at Library/ScriptAssemblies/UnityEditor.UI.EditorTests.dll not valid. Loading of assembly skipped.
Assembly UnityEngine.UI.Tests.dll at Library/ScriptAssemblies/UnityEngine.UI.Tests.dll not valid. Loading of assembly skipped.
Assembly reference Packages/com.unity.cinemachine/Editor/Samples/ExposeHDRPInternals/HDRP-Editor-ref.asmref has no target assembly definition
'Packages/com.unity.cinemachine/Editor/Obsolete/CinemachineVirtualCameraBaseEditor.cs' contains partial class of Unity.Object, exactly 1 of the partial classes needs to be in a file with the same filename. This is to know the one that can be referenced from ie. GameObjects
'Packages/com.unity.cinemachine/Editor/Editors/CinemachineVirtualCameraBaseEditor.cs' contains partial class of Unity.Object, exactly 1 of the partial classes needs to be in a file with the same filename. This is to know the one that can be referenced from ie. GameObjects
Refreshing native plugins compatible for Editor in 3.19 ms, found 5 plugins.
Native extension for WindowsStandalone target not found
Native extension for WebGL target not found
Assembly reference Packages/com.unity.cinemachine/Editor/Samples/ExposeHDRPInternals/HDRP-Editor-ref.asmref has no target assembly definition
[Package Manager] Failed to launch server process. Reason: Unity was launched with the -noUpm command-line argument
[Package Manager] Unable to send message (not connected to server process).
[Package Manager] Cannot connect to Unity Package Manager local server
[Package Manager] Failed to launch server process. Reason: Unity was launched with the -noUpm command-line argument
[Package Manager] Unable to send message (not connected to server process).
[Package Manager] Cannot connect to Unity Package Manager local server
[Package Manager] Failed to launch server process. Reason: Unity was launched with the -noUpm command-line argument
[Package Manager] Unable to send message (not connected to server process).
[Package Manager] Cannot connect to Unity Package Manager local server
Refreshing native plugins compatible for Editor in 3.67 ms, found 5 plugins.
ScheduleIndexationOnStartup MainProcess:False IndexOnStartup:True
Mono: successfully reloaded assembly
- Finished resetting the current domain, in  1.654 seconds
Domain Reload Profiling: 3072ms
	BeginReloadAssembly (255ms)
		DisableScriptedObjects (11ms)
		CreateAndSetChildDomain (38ms)
	RebuildCommonClasses (53ms)
	RebuildNativeTypeToScriptingClass (20ms)
	initialDomainReloadingComplete (113ms)
	LoadAllAssembliesAndSetupDomain (977ms)
		LoadAssemblies (663ms)
		AnalyzeDomain (443ms)
			TypeCache.Refresh (299ms)
				TypeCache.ScanAssembly (277ms)
			BuildScriptInfoCaches (119ms)
			ResolveRequiredComponents (22ms)
	FinalizeReload (1655ms)
		SetupLoadedEditorAssemblies (0ms)
			InitializePlatformSupportModulesInManaged (3ms)
			BeforeProcessingInitializeOnLoad (351ms)
			ProcessInitializeOnLoadAttributes (799ms)
			ProcessInitializeOnLoadMethodAttributes (211ms)
			AfterProcessingInitializeOnLoad (8ms)
		AwakeInstancesAfterBackupRestoration (11ms)
Launched and connected shader compiler UnityShaderCompiler.exe after 0.05 seconds
Refreshing native plugins compatible for Editor in 3.79 ms, found 5 plugins.
Unloading 25 Unused Serialized files (Serialized files now loaded: 0)
Unloading 7636 unused Assets / (6.3 MB). Loaded Objects now: 8468.
Memory consumption went from 162.0 MB to 155.7 MB.
Total: 12.281000 ms (FindLiveObjects: 0.981200 ms CreateObjectMapping: 1.553300 ms MarkObjects: 6.600000 ms  DeleteObjects: 3.143400 ms)

========================================================================
Received Import Request.
  Time since last request: 493187.454453 seconds.
  path: Assets/Packages/JMO Assets/Welcome Screen/CFXR_WelcomeScreen_Background.png
  importAddress: Guid(fed1b64fd853f994c8d504720a0a6d44) Importer(2089858483,b0f066a214c2f5e87bad3c948f4d605d)
Start importing Assets/Packages/JMO Assets/Welcome Screen/CFXR_WelcomeScreen_Background.png using Guid(fed1b64fd853f994c8d504720a0a6d44) Importer(2089858483,b0f066a214c2f5e87bad3c948f4d605d) (ScriptedImporter) -> (Import Result ID: '388f8a1443c68616d86c01f6a118fe18') in 0.1648643 seconds [static and dynamic dependencies]. Details - ImportResultOutputID=9f1f01a5a2955cb8535040c972dda250 DependenciesID=009251430113e2100072193210bfd6fc StaticDependenciesID=204997f8505c5ad59d99533be3295d65 
Number of updated asset objects reloaded before import = 0Number of asset objects unloaded after import = 1

========================================================================
Received Import Request.
  Time since last request: 0.000028 seconds.
  path: Assets/Packages/JMO Assets/Welcome Screen/CFXR_WelcomeScreen.cs
  importAddress: Guid(9c4fcce295aee5d4fb38ac4f82c8e664) Importer(2089858483,b0f066a214c2f5e87bad3c948f4d605d)
Start importing Assets/Packages/JMO Assets/Welcome Screen/CFXR_WelcomeScreen.cs using Guid(9c4fcce295aee5d4fb38ac4f82c8e664) Importer(2089858483,b0f066a214c2f5e87bad3c948f4d605d) (ScriptedImporter) -> (Import Result ID: '2100bbb5b4e5bedb5da0527022bdf4b6') in 0.0263382 seconds [static and dynamic dependencies]. Details - ImportResultOutputID=9665868665933d53056b9aa55198d919 DependenciesID=f457e16836455e4d95b7483692069e33 StaticDependenciesID=84f25057bc593942444e4c4af39e3214 
Number of updated asset objects reloaded before import = 0Number of asset objects unloaded after import = 0

========================================================================
Received Import Request.
  Time since last request: 0.000029 seconds.
  path: Assets/Input/PlayerInput.inputactions
  importAddress: Guid(755217f8b39b59449bf249349c6ca89e) Importer(2089858483,b0f066a214c2f5e87bad3c948f4d605d)
Start importing Assets/Input/PlayerInput.inputactions using Guid(755217f8b39b59449bf249349c6ca89e) Importer(2089858483,b0f066a214c2f5e87bad3c948f4d605d) (ScriptedImporter) -> (Import Result ID: 'b278ddf4940a7101d9f1e59f1286b670') in 0.2514095 seconds [static and dynamic dependencies]. Details - ImportResultOutputID=59a6fe5d3d40377fa7f98f468b157e87 DependenciesID=d5b0c41f7d96b0668dbae53f51a9401a StaticDependenciesID=cb2da3fc90b2da4bade19937da2f5a6c 
Number of updated asset objects reloaded before import = 0Number of asset objects unloaded after import = 6

========================================================================
Received Import Request.
  Time since last request: 0.000021 seconds.
  path: Assets/Settings/Lit2DSceneTemplate.scenetemplate
  importAddress: Guid(d03ed43fc9d8a4f2e9fa70c1c7916eb9) Importer(2089858483,b0f066a214c2f5e87bad3c948f4d605d)
Start importing Assets/Settings/Lit2DSceneTemplate.scenetemplate using Guid(d03ed43fc9d8a4f2e9fa70c1c7916eb9) Importer(2089858483,b0f066a214c2f5e87bad3c948f4d605d) (ScriptedImporter) -> (Import Result ID: '186930e6332273262ab99811f4ae4eb9') in 0.0695337 seconds [static and dynamic dependencies]. Details - ImportResultOutputID=ab6a3e0a05913a4d382c7b3b2db0794a DependenciesID=5c0bd2cb90af4e2791144fb1182f67c3 StaticDependenciesID=8fcf58ac9945924203f704a338d26430 
Number of updated asset objects reloaded before import = 0Number of asset objects unloaded after import = 3

========================================================================
Received Import Request.
  Time since last request: 0.000030 seconds.
  path: Assets/Animation/PlayerAnimations/PlayerIdle.anim
  importAddress: Guid(3c7ae0823ceaf5b49a81bef9a16df6e9) Importer(2089858483,b0f066a214c2f5e87bad3c948f4d605d)
Start importing Assets/Animation/PlayerAnimations/PlayerIdle.anim using Guid(3c7ae0823ceaf5b49a81bef9a16df6e9) Importer(2089858483,b0f066a214c2f5e87bad3c948f4d605d) (ScriptedImporter) -> (Import Result ID: '381dd77185e9290157b72274c009d28e') in 0.0251768 seconds [static and dynamic dependencies]. Details - ImportResultOutputID=ad1aaa284f235d777e5a409103a2679d DependenciesID=d04efef447b6a1e01eb3f057ec97706d StaticDependenciesID=70ab4794d903b6d7cbecf132e96cd0e3 
Number of updated asset objects reloaded before import = 0Number of asset objects unloaded after import = 1

========================================================================
Received Import Request.
  Time since last request: 0.000017 seconds.
  path: Assets/Scripts/Character/Player/PlayerCombat.cs
  importAddress: Guid(2fd34230f24aa304cac9035f606ee2c8) Importer(2089858483,b0f066a214c2f5e87bad3c948f4d605d)
Start importing Assets/Scripts/Character/Player/PlayerCombat.cs using Guid(2fd34230f24aa304cac9035f606ee2c8) Importer(2089858483,b0f066a214c2f5e87bad3c948f4d605d) (ScriptedImporter) -> (Import Result ID: '19925735a5a04713ddb937fbe7f7b1b2') in 0.0117464 seconds [static and dynamic dependencies]. Details - ImportResultOutputID=aaea130fe5ae9650c00cf1adbab0d44f DependenciesID=db179179a3a0eda1c1cd4f038cd5307d StaticDependenciesID=9755946f2e078830234b3dd894b2af72 
Number of updated asset objects reloaded before import = 0Number of asset objects unloaded after import = 0

========================================================================
Received Import Request.
  Time since last request: 0.000016 seconds.
  path: Assets/Packages/Pixel Adventure 1/Assets/Mask Dude/Wall Jump (32x32).png
  importAddress: Guid(9b7e8d8d6e9ac904dba7f59ba8b11835) Importer(2089858483,b0f066a214c2f5e87bad3c948f4d605d)
Start importing Assets/Packages/Pixel Adventure 1/Assets/Mask Dude/Wall Jump (32x32).png using Guid(9b7e8d8d6e9ac904dba7f59ba8b11835) Importer(2089858483,b0f066a214c2f5e87bad3c948f4d605d) (ScriptedImporter) -> (Import Result ID: '53a0b2fb37f3ff2494cfee239128d23b') in 0.0370579 seconds [static and dynamic dependencies]. Details - ImportResultOutputID=fd1aca301214d45d95c7dd31f3b3cf84 DependenciesID=c8f3db222aa23e1740ba121474d72d54 StaticDependenciesID=0f34455513d22d11469b3567cef5a97a 
Number of updated asset objects reloaded before import = 0Number of asset objects unloaded after import = 7

========================================================================
Received Import Request.
  Time since last request: 0.000024 seconds.
  path: Assets/Packages/Pixel Adventure 1/Assets/Mask Dude/Run (32x32).png
  importAddress: Guid(97d5ce53f3ac76e4888319c6a53c7ff3) Importer(2089858483,b0f066a214c2f5e87bad3c948f4d605d)
Start importing Assets/Packages/Pixel Adventure 1/Assets/Mask Dude/Run (32x32).png using Guid(97d5ce53f3ac76e4888319c6a53c7ff3) Importer(2089858483,b0f066a214c2f5e87bad3c948f4d605d) (ScriptedImporter) -> (Import Result ID: '722148f3d40e1fbe4573114675ead892') in 0.0444269 seconds [static and dynamic dependencies]. Details - ImportResultOutputID=048bdccf3fb0431c7b4d2fd3bd087fa8 DependenciesID=53a66a30a392348837a7318889c6cce1 StaticDependenciesID=2cdd6cf2089e8e3617294fa039ca4a8d 
Number of updated asset objects reloaded before import = 0Number of asset objects unloaded after import = 14

========================================================================
Received Import Request.
  Time since last request: 0.000029 seconds.
  path: Assets/Packages/JMO Assets/Cartoon FX Remaster/CFXR Assets/Graphics/cfxr aura rays.png
  importAddress: Guid(4ece64fbaa1a3d14091abf505199104e) Importer(2089858483,b0f066a214c2f5e87bad3c948f4d605d)
Start importing Assets/Packages/JMO Assets/Cartoon FX Remaster/CFXR Assets/Graphics/cfxr aura rays.png using Guid(4ece64fbaa1a3d14091abf505199104e) Importer(2089858483,b0f066a214c2f5e87bad3c948f4d605d) (ScriptedImporter) -> (Import Result ID: '1dfed364028b7e8edb5aa685b1f70a97') in 0.0214661 seconds [static and dynamic dependencies]. Details - ImportResultOutputID=dddc06b711c22ea11176c7d8ea42ee71 DependenciesID=2a3fe46c1db11090e100a597f22f4747 StaticDependenciesID=4cf62b0f2daf34d40a956c3c2f47b07d 
Number of updated asset objects reloaded before import = 0Number of asset objects unloaded after import = 1

========================================================================
Received Import Request.
  Time since last request: 0.000019 seconds.
  path: Assets/Packages/JMO Assets/Cartoon FX Remaster/CFXR Assets/Graphics/cfxr blood dissolve ab.mat
  importAddress: Guid(28dde998c7abf234498a42d0aab38421) Importer(2089858483,b0f066a214c2f5e87bad3c948f4d605d)
Start importing Assets/Packages/JMO Assets/Cartoon FX Remaster/CFXR Assets/Graphics/cfxr blood dissolve ab.mat using Guid(28dde998c7abf234498a42d0aab38421) Importer(2089858483,b0f066a214c2f5e87bad3c948f4d605d) (ScriptedImporter) -> (Import Result ID: '37c4300ca1407b8136abc0f5d11a301b') in 0.1226769 seconds [static and dynamic dependencies]. Details - ImportResultOutputID=12d5946718e797b1be4b61a407af10b5 DependenciesID=270fe8902c577e9132b63797d017c2d1 StaticDependenciesID=bccb4b651d7ef36d4dcd0f9219812ef5 
Number of updated asset objects reloaded before import = 0Number of asset objects unloaded after import = 3

========================================================================
Received Import Request.
  Time since last request: 0.000023 seconds.
  path: Assets/Packages/JMO Assets/Cartoon FX Remaster/Demo Assets/CFXR Demo Bloom Post Process.asset
  importAddress: Guid(90cb09980f1d2a44898356ebf979337e) Importer(2089858483,b0f066a214c2f5e87bad3c948f4d605d)
Start importing Assets/Packages/JMO Assets/Cartoon FX Remaster/Demo Assets/CFXR Demo Bloom Post Process.asset using Guid(90cb09980f1d2a44898356ebf979337e) Importer(2089858483,b0f066a214c2f5e87bad3c948f4d605d) (ScriptedImporter) -> (Import Result ID: 'fca1c05b86b15d5e94b41b094700ec27') in 0.0141281 seconds [static and dynamic dependencies]. Details - ImportResultOutputID=2311c54d486f55d7e877ddf7a670d740 DependenciesID=e1085fd06a571c3cdd2e1773b5a9d339 StaticDependenciesID=8a8f135a2e6ffc2461a25936b559bd33 
Number of updated asset objects reloaded before import = 0Number of asset objects unloaded after import = 2

========================================================================
Received Import Request.
  Time since last request: 0.000032 seconds.
  path: Assets/Sprites/TV-Guy 8-Bit Parts/TVGuy-RThigh.png
  importAddress: Guid(a9535bf83086e274da40b63112f8a27e) Importer(2089858483,b0f066a214c2f5e87bad3c948f4d605d)
Start importing Assets/Sprites/TV-Guy 8-Bit Parts/TVGuy-RThigh.png using Guid(a9535bf83086e274da40b63112f8a27e) Importer(2089858483,b0f066a214c2f5e87bad3c948f4d605d) (ScriptedImporter) -> (Import Result ID: '2dabf2eea130ec7bc735f16402ce7bd5') in 0.0231682 seconds [static and dynamic dependencies]. Details - ImportResultOutputID=2ce2dcbc79a94e8f79c69783e70faad8 DependenciesID=75219eb3389efb9b8968465cdbb9df8f StaticDependenciesID=ab854baf141e61025b05831c2e3ae28c 
Number of updated asset objects reloaded before import = 0Number of asset objects unloaded after import = 3

========================================================================
Received Import Request.
  Time since last request: 0.000019 seconds.
  path: Assets/Animation/PlayerAnimations/PlayerRun.anim
  importAddress: Guid(6c80bcde5547f544b8801a799b315b0d) Importer(2089858483,b0f066a214c2f5e87bad3c948f4d605d)
Start importing Assets/Animation/PlayerAnimations/PlayerRun.anim using Guid(6c80bcde5547f544b8801a799b315b0d) Importer(2089858483,b0f066a214c2f5e87bad3c948f4d605d) (ScriptedImporter) -> (Import Result ID: 'c13320b25314bd257e276914c5b2e886') in 0.016668 seconds [static and dynamic dependencies]. Details - ImportResultOutputID=6a795f59681e9ff86e30b1cde927017f DependenciesID=01d81fdcc84d46dda1e84881893c827c StaticDependenciesID=7b3b7c1e2e6d1c046e5da4662c07e0a4 
Number of updated asset objects reloaded before import = 0Number of asset objects unloaded after import = 1

========================================================================
Received Import Request.
  Time since last request: 0.000017 seconds.
  path: Assets/Animation/PlayerAnimations/PlayerJump.anim
  importAddress: Guid(8de3d313833d0464cbf46e8e522d7362) Importer(2089858483,b0f066a214c2f5e87bad3c948f4d605d)
Start importing Assets/Animation/PlayerAnimations/PlayerJump.anim using Guid(8de3d313833d0464cbf46e8e522d7362) Importer(2089858483,b0f066a214c2f5e87bad3c948f4d605d) (ScriptedImporter) -> (Import Result ID: '2c5819005e7c2620387c6f97940a0f42') in 0.0139212 seconds [static and dynamic dependencies]. Details - ImportResultOutputID=c05cfa0d9074034e5d620f60773737a0 DependenciesID=97fedb3591e833b2e7fb38115bef824f StaticDependenciesID=75f0d23041c6549fa4d2f17692c60494 
Number of updated asset objects reloaded before import = 0Number of asset objects unloaded after import = 1

========================================================================
Received Import Request.
  Time since last request: 0.000020 seconds.
  path: Assets/Scripts/Character/Player/PlayerMovement.cs
  importAddress: Guid(cdff298877ad84f45ad7937625ed7294) Importer(2089858483,b0f066a214c2f5e87bad3c948f4d605d)
Start importing Assets/Scripts/Character/Player/PlayerMovement.cs using Guid(cdff298877ad84f45ad7937625ed7294) Importer(2089858483,b0f066a214c2f5e87bad3c948f4d605d) (ScriptedImporter) -> (Import Result ID: '51b7730a95ad41ccaf3ebae1fecdb1ec') in 0.0116762 seconds [static and dynamic dependencies]. Details - ImportResultOutputID=1abe014c058741665bc2580bc1bdc1b3 DependenciesID=0b6b27eb4d890c666449807db516decb StaticDependenciesID=c649d38130788d69c947c2d39a579860 
Number of updated asset objects reloaded before import = 0Number of asset objects unloaded after import = 0

========================================================================
Received Import Request.
  Time since last request: 0.000027 seconds.
  path: Assets/Animation/PlayerAnimations/PlayerBasicAttack1.anim
  importAddress: Guid(7caba67556190dc4a8d3449dcda458ab) Importer(2089858483,b0f066a214c2f5e87bad3c948f4d605d)
Start importing Assets/Animation/PlayerAnimations/PlayerBasicAttack1.anim using Guid(7caba67556190dc4a8d3449dcda458ab) Importer(2089858483,b0f066a214c2f5e87bad3c948f4d605d) (ScriptedImporter) -> (Import Result ID: '1f1341df1f9eaf043ce97fec564a7cbc') in 0.0172296 seconds [static and dynamic dependencies]. Details - ImportResultOutputID=a0a28587cf8d6e96ca26b0466a5a116a DependenciesID=e5b3d3cd95f570d02d848a1e2bbda652 StaticDependenciesID=5c848dab9fc4ec12e095ff1214c61957 
Number of updated asset objects reloaded before import = 0Number of asset objects unloaded after import = 1

========================================================================
Received Import Request.
  Time since last request: 0.000017 seconds.
  path: Assets/Sprites/TV-Guy 8-Bit Parts/TVGuy-Torso.png
  importAddress: Guid(e18673680532ad14ab75cc2d6ebf843a) Importer(2089858483,b0f066a214c2f5e87bad3c948f4d605d)
Start importing Assets/Sprites/TV-Guy 8-Bit Parts/TVGuy-Torso.png using Guid(e18673680532ad14ab75cc2d6ebf843a) Importer(2089858483,b0f066a214c2f5e87bad3c948f4d605d) (ScriptedImporter) -> (Import Result ID: '01748a5652243f4aa76a83f54618d674') in 0.0238474 seconds [static and dynamic dependencies]. Details - ImportResultOutputID=d4840fb768b423a6340cb14439eb492d DependenciesID=f984c4dfdd6757739c9aa5f8343181ca StaticDependenciesID=a3151d2f1e8f6465a55b34dbf9bb98c8 
Number of updated asset objects reloaded before import = 0Number of asset objects unloaded after import = 3

========================================================================
Received Import Request.
  Time since last request: 0.000019 seconds.
  path: Assets/Animation/PlayerAnimations/SpriteTest/TestPlayerHit.anim
  importAddress: Guid(6f4eb1d120c1b6a4aa18a2fbcc9e331a) Importer(2089858483,b0f066a214c2f5e87bad3c948f4d605d)
Start importing Assets/Animation/PlayerAnimations/SpriteTest/TestPlayerHit.anim using Guid(6f4eb1d120c1b6a4aa18a2fbcc9e331a) Importer(2089858483,b0f066a214c2f5e87bad3c948f4d605d) (ScriptedImporter) -> (Import Result ID: '9c87262b2cbb9210323a80350c194375') in 0.013659 seconds [static and dynamic dependencies]. Details - ImportResultOutputID=d370ba87b987a0b33539c83ee6ebf2c5 DependenciesID=3feaf1920ed9ffd3f220df0b63d3e472 StaticDependenciesID=5f9839bab3780961b33b114cc421dd60 
Number of updated asset objects reloaded before import = 0Number of asset objects unloaded after import = 1

========================================================================
Received Import Request.
  Time since last request: 0.000019 seconds.
  path: Assets/Packages/Pixel Adventure 1/Scenes/Demo.unity
  importAddress: Guid(01e0c5491f028784eb3d851aa52a4c97) Importer(2089858483,b0f066a214c2f5e87bad3c948f4d605d)
Start importing Assets/Packages/Pixel Adventure 1/Scenes/Demo.unity using Guid(01e0c5491f028784eb3d851aa52a4c97) Importer(2089858483,b0f066a214c2f5e87bad3c948f4d605d) (ScriptedImporter) -> (Import Result ID: 'ecef2e564047b4cbc63ac5c8a1097137') in 0.0371533 seconds [static and dynamic dependencies]. Details - ImportResultOutputID=5cf78fc03120fcb508f5b6270283b229 DependenciesID=1e738d7e39a3bd1d042074559f7c3cf4 StaticDependenciesID=9050900cd575f742c37feaea5b6fc775 
Number of updated asset objects reloaded before import = 0Number of asset objects unloaded after import = 1

========================================================================
Received Import Request.
  Time since last request: 0.000029 seconds.
  path: Assets/Sprites/TV-Guy-Spritesheet/TVGuy-Spritesheet.psb
  importAddress: Guid(c9cc5f006003f17459e338c1ed8b3db0) Importer(2089858483,b0f066a214c2f5e87bad3c948f4d605d)
Start importing Assets/Sprites/TV-Guy-Spritesheet/TVGuy-Spritesheet.psb using Guid(c9cc5f006003f17459e338c1ed8b3db0) Importer(2089858483,b0f066a214c2f5e87bad3c948f4d605d) (ScriptedImporter) -> (Import Result ID: '2542433afea5cd1174c5e46201ba6b04') in 0.206955 seconds [static and dynamic dependencies]. Details - ImportResultOutputID=e4189a29f4f127f3dbd724b72894b7c7 DependenciesID=0fdc3d56ebed227e86a021e27ba45a39 StaticDependenciesID=f18e270e5061c163d436c7760a2e79db 
Number of updated asset objects reloaded before import = 0Number of asset objects unloaded after import = 104

========================================================================
Received Import Request.
  Time since last request: 0.000022 seconds.
  path: Assets/Sprites/TV-Guy 8-Bit Parts/TVGuy-RBicep.png
  importAddress: Guid(ce286817fc20f88409ec0a23ab714fb8) Importer(2089858483,b0f066a214c2f5e87bad3c948f4d605d)
Start importing Assets/Sprites/TV-Guy 8-Bit Parts/TVGuy-RBicep.png using Guid(ce286817fc20f88409ec0a23ab714fb8) Importer(2089858483,b0f066a214c2f5e87bad3c948f4d605d) (ScriptedImporter) -> (Import Result ID: '44accd1672b592b66c57df9520a2cd1b') in 0.024881 seconds [static and dynamic dependencies]. Details - ImportResultOutputID=dbb96b889cadddce6595d42f7c30e6f0 DependenciesID=8fa4ca8a2ea1a2bc85d279ffe5f8deec StaticDependenciesID=e8333c4663710538d6adc89a1121ba37 
Number of updated asset objects reloaded before import = 0Number of asset objects unloaded after import = 3

========================================================================
Received Import Request.
  Time since last request: 0.000031 seconds.
  path: Assets/Animation/PlayerAnimations/SpriteTest/TestPlayerDoubleJump.anim
  importAddress: Guid(c13bd9fb8cfc995489b785aabdea0b88) Importer(2089858483,b0f066a214c2f5e87bad3c948f4d605d)
Start importing Assets/Animation/PlayerAnimations/SpriteTest/TestPlayerDoubleJump.anim using Guid(c13bd9fb8cfc995489b785aabdea0b88) Importer(2089858483,b0f066a214c2f5e87bad3c948f4d605d) (ScriptedImporter) -> (Import Result ID: 'e785a5aea0541c523d53dae874de9dd3') in 0.0161448 seconds [static and dynamic dependencies]. Details - ImportResultOutputID=296602b79993c2d75dea0374db010dea DependenciesID=de024a020b15dae2600beb99c9626ac2 StaticDependenciesID=447202c901f7b8c9c19dc4bac856eb02 
Number of updated asset objects reloaded before import = 0Number of asset objects unloaded after import = 1

========================================================================
Received Import Request.
  Time since last request: 0.000019 seconds.
  path: Assets/Animation/TestDummy/DamageOnOff.anim
  importAddress: Guid(12f2058e3b1dade41a1a84327f4556ca) Importer(2089858483,b0f066a214c2f5e87bad3c948f4d605d)
Start importing Assets/Animation/TestDummy/DamageOnOff.anim using Guid(12f2058e3b1dade41a1a84327f4556ca) Importer(2089858483,b0f066a214c2f5e87bad3c948f4d605d) (ScriptedImporter) -> (Import Result ID: 'dc135f321705c35205cc3fd493e978bf') in 0.0147404 seconds [static and dynamic dependencies]. Details - ImportResultOutputID=75b219aff30b9aa22399799d05ad740a DependenciesID=fe2ea0da72ecc0bd4272aa2fe42e08d9 StaticDependenciesID=33ec555b82f05f2b350119d5ec0bee1b 
Number of updated asset objects reloaded before import = 0Number of asset objects unloaded after import = 1

========================================================================
Received Import Request.
  Time since last request: 0.000018 seconds.
  path: Assets/Packages/JMO Assets/Cartoon FX Remaster/CFXR Assets/Editor/CFXR_MaterialInspector.cs
  importAddress: Guid(4fb4c15e772a1cc4baecc7a958bf9cc7) Importer(2089858483,b0f066a214c2f5e87bad3c948f4d605d)
Start importing Assets/Packages/JMO Assets/Cartoon FX Remaster/CFXR Assets/Editor/CFXR_MaterialInspector.cs using Guid(4fb4c15e772a1cc4baecc7a958bf9cc7) Importer(2089858483,b0f066a214c2f5e87bad3c948f4d605d) (ScriptedImporter) -> (Import Result ID: 'ed5e0b14f639fd9832c27e279383e42b') in 0.0118699 seconds [static and dynamic dependencies]. Details - ImportResultOutputID=729846b18ab9bb4aee3e054b9fef77b1 DependenciesID=294bed8a25b51674087ad5b8ce9cf1f6 StaticDependenciesID=29b78ba9f5f016c1bcf90dffe5e9fbb6 
Number of updated asset objects reloaded before import = 0Number of asset objects unloaded after import = 0

========================================================================
Received Import Request.
  Time since last request: 0.000020 seconds.
  path: Assets/Packages/JMO Assets/Cartoon FX Remaster/CFXR Assets/Editor/CFXR_ShaderPostProcessor.cs
  importAddress: Guid(29d46695388f9a84d9ae71b5140727a3) Importer(2089858483,b0f066a214c2f5e87bad3c948f4d605d)
Start importing Assets/Packages/JMO Assets/Cartoon FX Remaster/CFXR Assets/Editor/CFXR_ShaderPostProcessor.cs using Guid(29d46695388f9a84d9ae71b5140727a3) Importer(2089858483,b0f066a214c2f5e87bad3c948f4d605d) (ScriptedImporter) -> (Import Result ID: 'f5eb5f9a28fe0ffc4e8ecf401c0315ae') in 0.011457 seconds [static and dynamic dependencies]. Details - ImportResultOutputID=e1721f34416dc8bb28ea6a51a2ac2ecf DependenciesID=18758d6381eaa3c60505ae4023362553 StaticDependenciesID=492eb7c9c9933ea4b2912ae3d2ea6496 
Number of updated asset objects reloaded before import = 0Number of asset objects unloaded after import = 0

========================================================================
Received Import Request.
  Time since last request: 0.000029 seconds.
  path: Assets/Packages/JMO Assets/Cartoon FX Remaster/Demo Assets/CFXR Demo Tonemapping Post Process.asset
  importAddress: Guid(3786878ac55c85c48a462de5504f6eac) Importer(2089858483,b0f066a214c2f5e87bad3c948f4d605d)
Start importing Assets/Packages/JMO Assets/Cartoon FX Remaster/Demo Assets/CFXR Demo Tonemapping Post Process.asset using Guid(3786878ac55c85c48a462de5504f6eac) Importer(2089858483,b0f066a214c2f5e87bad3c948f4d605d) (ScriptedImporter) -> (Import Result ID: '357ffb2b8ab4eef8fb66e67d6b6109b2') in 0.0132406 seconds [static and dynamic dependencies]. Details - ImportResultOutputID=64db6597af31cf947256882ca0bbacb5 DependenciesID=a7d75194315b76c002d45c45e7460419 StaticDependenciesID=65efd140bc175f65184e65c0a5fa301d 
Number of updated asset objects reloaded before import = 0Number of asset objects unloaded after import = 2

========================================================================
Received Import Request.
  Time since last request: 0.000017 seconds.
  path: Assets/Packages/Pixel Adventure 1/Assets/Mask Dude/Fall (32x32).png
  importAddress: Guid(88794fc5febd16e40a94cacbf542b65b) Importer(2089858483,b0f066a214c2f5e87bad3c948f4d605d)
Start importing Assets/Packages/Pixel Adventure 1/Assets/Mask Dude/Fall (32x32).png using Guid(88794fc5febd16e40a94cacbf542b65b) Importer(2089858483,b0f066a214c2f5e87bad3c948f4d605d) (ScriptedImporter) -> (Import Result ID: '4815f307b12989cb74bfe19726a94e51') in 0.0220067 seconds [static and dynamic dependencies]. Details - ImportResultOutputID=b38eaae9998a7c642ec30255c20c2bdd DependenciesID=bc66cdc37baaa9388c59e4cbd8b9fedb StaticDependenciesID=ffd72a8d6edef5c377cca08f4ae89e54 
Number of updated asset objects reloaded before import = 0Number of asset objects unloaded after import = 3

========================================================================
Received Import Request.
  Time since last request: 0.000018 seconds.
  path: Assets/Animation/PlayerAnimations/PlayerFall.anim
  importAddress: Guid(72cf0e413398dc545b6d847f7c5c9859) Importer(2089858483,b0f066a214c2f5e87bad3c948f4d605d)
Start importing Assets/Animation/PlayerAnimations/PlayerFall.anim using Guid(72cf0e413398dc545b6d847f7c5c9859) Importer(2089858483,b0f066a214c2f5e87bad3c948f4d605d) (ScriptedImporter) -> (Import Result ID: '3813b4456f86faa8068b2c15683447b5') in 0.0142098 seconds [static and dynamic dependencies]. Details - ImportResultOutputID=cc4f968b1267314aedfb4a3f4b0aad89 DependenciesID=1323866336578a69beae335012523b40 StaticDependenciesID=a8d244ae7a239c972ea5f82cf276e304 
Number of updated asset objects reloaded before import = 0Number of asset objects unloaded after import = 1

========================================================================
Received Import Request.
  Time since last request: 0.000018 seconds.
  path: Assets/Packages/JMO Assets/Cartoon FX Remaster/CFXR Assets/Graphics/cfxr card spade.png
  importAddress: Guid(495bf78b2a79c4049ba5feebcc016c39) Importer(2089858483,b0f066a214c2f5e87bad3c948f4d605d)
Start importing Assets/Packages/JMO Assets/Cartoon FX Remaster/CFXR Assets/Graphics/cfxr card spade.png using Guid(495bf78b2a79c4049ba5feebcc016c39) Importer(2089858483,b0f066a214c2f5e87bad3c948f4d605d) (ScriptedImporter) -> (Import Result ID: 'e35747620119fe5c96fe3fc97302e59f') in 0.0198279 seconds [static and dynamic dependencies]. Details - ImportResultOutputID=a43db0ca96717ac44909ce943988e730 DependenciesID=602d0fa327cbb320e13c7354a325bf57 StaticDependenciesID=239524fa1c153dcb60d6e5842fc493f4 
Number of updated asset objects reloaded before import = 0Number of asset objects unloaded after import = 1

========================================================================
Received Import Request.
  Time since last request: 0.000029 seconds.
  path: Assets/Packages/JMO Assets/Cartoon FX Remaster/CFXR Assets/Graphics/cfxr cloud blur add.mat
  importAddress: Guid(0eb2f2d564c8c87418392fdf927b2cee) Importer(2089858483,b0f066a214c2f5e87bad3c948f4d605d)
Start importing Assets/Packages/JMO Assets/Cartoon FX Remaster/CFXR Assets/Graphics/cfxr cloud blur add.mat using Guid(0eb2f2d564c8c87418392fdf927b2cee) Importer(2089858483,b0f066a214c2f5e87bad3c948f4d605d) (ScriptedImporter) -> (Import Result ID: '8a11c5f601af8876f8b002855f2f8596') in 0.0434747 seconds [static and dynamic dependencies]. Details - ImportResultOutputID=eeb8dd66d6e957774d1f64afd41c6183 DependenciesID=7b85bb6fa32d1a26bced938723d31795 StaticDependenciesID=e2d0ffb6d26efca4558e8c47d9ec4041 
Number of updated asset objects reloaded before import = 0Number of asset objects unloaded after import = 2

========================================================================
Received Import Request.
  Time since last request: 0.000018 seconds.
  path: Assets/Packages/JMO Assets/Cartoon FX FREE (old legacy effects).unitypackage
  importAddress: Guid(b18b93d4b5d00384ba417df18aeac5a3) Importer(2089858483,b0f066a214c2f5e87bad3c948f4d605d)
Start importing Assets/Packages/JMO Assets/Cartoon FX FREE (old legacy effects).unitypackage using Guid(b18b93d4b5d00384ba417df18aeac5a3) Importer(2089858483,b0f066a214c2f5e87bad3c948f4d605d) (ScriptedImporter) -> (Import Result ID: '42ff5c1f909bbe7889990922bb2c222c') in 0.0105637 seconds [static and dynamic dependencies]. Details - ImportResultOutputID=6de47576a981b791628f03723751cb53 DependenciesID=e825722f716db6bb49b7b2035bd289a2 StaticDependenciesID=4a05b8d8a31829d07867a3a2f48319fa 
Number of updated asset objects reloaded before import = 0Number of asset objects unloaded after import = 1

========================================================================
Received Import Request.
  Time since last request: 0.000016 seconds.
  path: Assets/Packages/Pixel Adventure 1/Assets/Terrain/Terrain Sliced (16x16).png
  importAddress: Guid(fc584d329b77b9545b9c9c8bb829e553) Importer(2089858483,b0f066a214c2f5e87bad3c948f4d605d)
Start importing Assets/Packages/Pixel Adventure 1/Assets/Terrain/Terrain Sliced (16x16).png using Guid(fc584d329b77b9545b9c9c8bb829e553) Importer(2089858483,b0f066a214c2f5e87bad3c948f4d605d) (ScriptedImporter) -> (Import Result ID: 'eb392600d3242537bbfd437b995cdd8d') in 0.2968871 seconds [static and dynamic dependencies]. Details - ImportResultOutputID=e4d9174868be3340f49e5f89b6a70af4 DependenciesID=a27494096cd8df857c67cabf80a69f3b StaticDependenciesID=ba19f49277de25fd1dfadc0629e0f077 
Number of updated asset objects reloaded before import = 0Number of asset objects unloaded after import = 146

========================================================================
Received Import Request.
  Time since last request: 0.000025 seconds.
  path: Assets/Packages/Pixel Adventure 1/Assets/Background/Brown.png
  importAddress: Guid(ca6a66f8e2ae9c24c8c6b39c49206a0d) Importer(2089858483,b0f066a214c2f5e87bad3c948f4d605d)
Start importing Assets/Packages/Pixel Adventure 1/Assets/Background/Brown.png using Guid(ca6a66f8e2ae9c24c8c6b39c49206a0d) Importer(2089858483,b0f066a214c2f5e87bad3c948f4d605d) (ScriptedImporter) -> (Import Result ID: '603fadad619f1d91e05275e616e4526d') in 0.02324 seconds [static and dynamic dependencies]. Details - ImportResultOutputID=64cd374efe88a72dd369e1c3cff9b88a DependenciesID=06b7c022087f3bd86420a96da4ae2075 StaticDependenciesID=35ce5bb74371c9ef8092866815aeb37a 
Number of updated asset objects reloaded before import = 0Number of asset objects unloaded after import = 3

========================================================================
Received Import Request.
  Time since last request: 0.000034 seconds.
  path: Assets/Packages/JMO Assets/Cartoon FX Remaster/CFXR Assets/Graphics/cfxr debris 3x3 ab lit.mat
  importAddress: Guid(21758c48417fe2e43b8845f710749ad7) Importer(2089858483,b0f066a214c2f5e87bad3c948f4d605d)
Start importing Assets/Packages/JMO Assets/Cartoon FX Remaster/CFXR Assets/Graphics/cfxr debris 3x3 ab lit.mat using Guid(21758c48417fe2e43b8845f710749ad7) Importer(2089858483,b0f066a214c2f5e87bad3c948f4d605d) (ScriptedImporter) -> (Import Result ID: '5b8dcceec5d9525fd83c2dabac7a40cd') in 0.0364836 seconds [static and dynamic dependencies]. Details - ImportResultOutputID=e755fd51b15bbe4321c11e7723fe98ba DependenciesID=cbf9d399ad37a8ffb3b5760625446b81 StaticDependenciesID=c9b28db402d56076bda3b001c30d93d8 
Number of updated asset objects reloaded before import = 0Number of asset objects unloaded after import = 3

========================================================================
Received Import Request.
  Time since last request: 0.000017 seconds.
  path: Assets/Packages/JMO Assets/Cartoon FX Remaster/CFXR Assets/Graphics/cfxr debris 3x3 normal.png
  importAddress: Guid(89e84656724ca9045bb4f742113d74be) Importer(2089858483,b0f066a214c2f5e87bad3c948f4d605d)
Start importing Assets/Packages/JMO Assets/Cartoon FX Remaster/CFXR Assets/Graphics/cfxr debris 3x3 normal.png using Guid(89e84656724ca9045bb4f742113d74be) Importer(2089858483,b0f066a214c2f5e87bad3c948f4d605d) (ScriptedImporter) -> (Import Result ID: '6fcd464d013980dc33a38f467c09a2e7') in 0.0202496 seconds [static and dynamic dependencies]. Details - ImportResultOutputID=d42ed899379b1a497eaa5f2a00ab26a2 DependenciesID=bf6ddf5cfc6547e489018293daffccc4 StaticDependenciesID=6ab0a4f730906bb5624dc720b0b0053c 
Number of updated asset objects reloaded before import = 0Number of asset objects unloaded after import = 1

========================================================================
Received Import Request.
  Time since last request: 0.000017 seconds.
  path: Assets/Packages/JMO Assets/Cartoon FX Remaster/CFXR Assets/Graphics/cfxr cloud blur.png
  importAddress: Guid(3f4b2ef884de1f64e90da1a73016c1fd) Importer(2089858483,b0f066a214c2f5e87bad3c948f4d605d)
Start importing Assets/Packages/JMO Assets/Cartoon FX Remaster/CFXR Assets/Graphics/cfxr cloud blur.png using Guid(3f4b2ef884de1f64e90da1a73016c1fd) Importer(2089858483,b0f066a214c2f5e87bad3c948f4d605d) (ScriptedImporter) -> (Import Result ID: '374e2936bac1e3c8b132851652fe832d') in 0.0210591 seconds [static and dynamic dependencies]. Details - ImportResultOutputID=3a6e7d3fe2db6c22694f576930f76f7e DependenciesID=6a45286de132d529857a35780f663de4 StaticDependenciesID=7102282a314a2b1ebc0c31ce9ea8997e 
Number of updated asset objects reloaded before import = 0Number of asset objects unloaded after import = 1

========================================================================
Received Import Request.
  Time since last request: 0.000021 seconds.
  path: Assets/Scripts/Character/Player/PlayerAnimation.cs
  importAddress: Guid(d2dae78f0e1cac643be1019ecb4ee31f) Importer(2089858483,b0f066a214c2f5e87bad3c948f4d605d)
Start importing Assets/Scripts/Character/Player/PlayerAnimation.cs using Guid(d2dae78f0e1cac643be1019ecb4ee31f) Importer(2089858483,b0f066a214c2f5e87bad3c948f4d605d) (ScriptedImporter) -> (Import Result ID: '7428d4c173b8b2981861726acd890dda') in 0.0116693 seconds [static and dynamic dependencies]. Details - ImportResultOutputID=8b203040a9ee4d989b70021ec7f21c0b DependenciesID=4f0aae53dd213454731ed466c9bf4196 StaticDependenciesID=17756ede130a97ee6a2dad84ce2d9846 
Number of updated asset objects reloaded before import = 0Number of asset objects unloaded after import = 0

========================================================================
Received Import Request.
  Time since last request: 0.000028 seconds.
  path: Assets/Animation/PlayerAnimations/SpriteTest/TestPlayerJump.anim
  importAddress: Guid(1aa3a21c45cddf84e8ddb9de53e4e20a) Importer(2089858483,b0f066a214c2f5e87bad3c948f4d605d)
Start importing Assets/Animation/PlayerAnimations/SpriteTest/TestPlayerJump.anim using Guid(1aa3a21c45cddf84e8ddb9de53e4e20a) Importer(2089858483,b0f066a214c2f5e87bad3c948f4d605d) (ScriptedImporter) -> (Import Result ID: '2e607936de7c70ec9161292b975304ab') in 0.0141973 seconds [static and dynamic dependencies]. Details - ImportResultOutputID=5bd39f01760684479e84a295d57b12ff DependenciesID=f750cc4ed9cdf0b536f7c1dcd19a7f28 StaticDependenciesID=b58e5644a381be777d107270d385951a 
Number of updated asset objects reloaded before import = 0Number of asset objects unloaded after import = 1

========================================================================
Received Import Request.
  Time since last request: 0.000017 seconds.
  path: Assets/Packages/JMO Assets/Cartoon FX Remaster/CFXR Assets/Graphics/cfxr aura runic hdr ab nosp.mat
  importAddress: Guid(cbb6f419bbe7c6e4d9ce7e0322aa267d) Importer(2089858483,b0f066a214c2f5e87bad3c948f4d605d)
Start importing Assets/Packages/JMO Assets/Cartoon FX Remaster/CFXR Assets/Graphics/cfxr aura runic hdr ab nosp.mat using Guid(cbb6f419bbe7c6e4d9ce7e0322aa267d) Importer(2089858483,b0f066a214c2f5e87bad3c948f4d605d) (ScriptedImporter) -> (Import Result ID: '1fae250fc49d93958a2cb2adec68d93e') in 0.0307504 seconds [static and dynamic dependencies]. Details - ImportResultOutputID=4ead614f521cc0d3d18b970726b19b21 DependenciesID=b928928821ffcc15173f5e47b42f86d3 StaticDependenciesID=18b5bcfa79e07a3a6bd01b5e492921eb 
Number of updated asset objects reloaded before import = 0Number of asset objects unloaded after import = 2

========================================================================
Received Import Request.
  Time since last request: 0.000017 seconds.
  path: Assets/Packages/JMO Assets/Cartoon FX Remaster/Demo Assets/CFXR Demo Ground URP.mat
  importAddress: Guid(542e5e9d1f2d2e74eb33676a59eca6f2) Importer(2089858483,b0f066a214c2f5e87bad3c948f4d605d)
Start importing Assets/Packages/JMO Assets/Cartoon FX Remaster/Demo Assets/CFXR Demo Ground URP.mat using Guid(542e5e9d1f2d2e74eb33676a59eca6f2) Importer(2089858483,b0f066a214c2f5e87bad3c948f4d605d) (ScriptedImporter) -> (Import Result ID: 'abf2de39c552032babad33a7f218e39b') in 0.0258234 seconds [static and dynamic dependencies]. Details - ImportResultOutputID=52e578a35aa46b2a44881b2f06687019 DependenciesID=7bfba2a7c9eddb26c2ae252af9e30dd3 StaticDependenciesID=db30d320e76e385819320524a48e2490 
Number of updated asset objects reloaded before import = 0Number of asset objects unloaded after import = 2

========================================================================
Received Import Request.
  Time since last request: 0.000024 seconds.
  path: Assets/Packages/JMO Assets/Cartoon FX Remaster/CFXR Assets/Graphics/cfxr debris flat unlit 3x3 ab.mat
  importAddress: Guid(8e4bb08e9ff5d134fa0d5b0bfe6a2eb9) Importer(2089858483,b0f066a214c2f5e87bad3c948f4d605d)
Start importing Assets/Packages/JMO Assets/Cartoon FX Remaster/CFXR Assets/Graphics/cfxr debris flat unlit 3x3 ab.mat using Guid(8e4bb08e9ff5d134fa0d5b0bfe6a2eb9) Importer(2089858483,b0f066a214c2f5e87bad3c948f4d605d) (ScriptedImporter) -> (Import Result ID: '5c3c38f83880382d321c162f77d613f9') in 0.0158884 seconds [static and dynamic dependencies]. Details - ImportResultOutputID=6d49bdcb49900ef80b2a6c361d80829a DependenciesID=43aaf36b6a10ec2bf24b476cecf09865 StaticDependenciesID=0f678df73680897361657cec5abcc000 
Number of updated asset objects reloaded before import = 0Number of asset objects unloaded after import = 2

========================================================================
Received Import Request.
  Time since last request: 0.000027 seconds.
  path: Assets/Packages/JMO Assets/Cartoon FX Remaster/CFXR Assets/Graphics/cfxr debris ice 2x2.png
  importAddress: Guid(5631ad2c0e51148479f2586eb8ce868e) Importer(2089858483,b0f066a214c2f5e87bad3c948f4d605d)
Start importing Assets/Packages/JMO Assets/Cartoon FX Remaster/CFXR Assets/Graphics/cfxr debris ice 2x2.png using Guid(5631ad2c0e51148479f2586eb8ce868e) Importer(2089858483,b0f066a214c2f5e87bad3c948f4d605d) (ScriptedImporter) -> (Import Result ID: '300a575e3e3a17b0c03b0a540bf19ef9') in 0.0233989 seconds [static and dynamic dependencies]. Details - ImportResultOutputID=179669c2480f359fe4b0029d3d7735bc DependenciesID=6084878dcef29b178cea14b1962c299b StaticDependenciesID=22280bbf19776d89a6fcdbecc843dd99 
Number of updated asset objects reloaded before import = 0Number of asset objects unloaded after import = 1

========================================================================
Received Import Request.
  Time since last request: 0.000018 seconds.
  path: Assets/Packages/Pixel Adventure 1/Assets/Main Characters/Appearing (96x96).png
  importAddress: Guid(3421078018dc3934a8c1ab3b7bf89aa0) Importer(2089858483,b0f066a214c2f5e87bad3c948f4d605d)
Start importing Assets/Packages/Pixel Adventure 1/Assets/Main Characters/Appearing (96x96).png using Guid(3421078018dc3934a8c1ab3b7bf89aa0) Importer(2089858483,b0f066a214c2f5e87bad3c948f4d605d) (ScriptedImporter) -> (Import Result ID: '5142c5113036cf41777f249d2db59ff7') in 0.0426582 seconds [static and dynamic dependencies]. Details - ImportResultOutputID=d61812f8f05108c6f9f549917ce713d7 DependenciesID=2a15b2f93fe084e06f44000e212b671d StaticDependenciesID=d05357afa77fd71869b48592cb0d592a 
Number of updated asset objects reloaded before import = 0Number of asset objects unloaded after import = 9

========================================================================
Received Import Request.
  Time since last request: 0.000021 seconds.
  path: Assets/Settings/Renderer2D.asset
  importAddress: Guid(424799608f7334c24bf367e4bbfa7f9a) Importer(2089858483,b0f066a214c2f5e87bad3c948f4d605d)
Start importing Assets/Settings/Renderer2D.asset using Guid(424799608f7334c24bf367e4bbfa7f9a) Importer(2089858483,b0f066a214c2f5e87bad3c948f4d605d) (ScriptedImporter) -> (Import Result ID: 'd4f39928947a6f9dd0255b22231c32d1') in 0.0381157 seconds [static and dynamic dependencies]. Details - ImportResultOutputID=68d0196ae6c162f0e3b335b11fc91ae3 DependenciesID=fb4a52daad2865f90a51b7e52025d90c StaticDependenciesID=6274974ce82b425c2c428478e3e7e69a 
Number of updated asset objects reloaded before import = 0Number of asset objects unloaded after import = 1

========================================================================
Received Import Request.
  Time since last request: 0.000020 seconds.
  path: Assets/Packages/JMO Assets/Cartoon FX Remaster/CFXR Assets/Graphics/cfxr card diamond ab.mat
  importAddress: Guid(f4814d2dd466a574d8746a53e0ab0443) Importer(2089858483,b0f066a214c2f5e87bad3c948f4d605d)
Start importing Assets/Packages/JMO Assets/Cartoon FX Remaster/CFXR Assets/Graphics/cfxr card diamond ab.mat using Guid(f4814d2dd466a574d8746a53e0ab0443) Importer(2089858483,b0f066a214c2f5e87bad3c948f4d605d) (ScriptedImporter) -> (Import Result ID: '86583870b70353ca4e8e05c278d20d7f') in 0.053709 seconds [static and dynamic dependencies]. Details - ImportResultOutputID=2522abc4b2fb93e44d339e97452b31fb DependenciesID=96757b723d18471f6af0427ca2e9a99b StaticDependenciesID=c2c8f85467a173e22a79ed00e415e21c 
Number of updated asset objects reloaded before import = 0Number of asset objects unloaded after import = 2

========================================================================
Received Import Request.
  Time since last request: 0.000029 seconds.
  path: Assets/Packages/JMO Assets/Cartoon FX Remaster/CFXR Assets/Graphics/cfxr blood splash dissolve.png
  importAddress: Guid(66389432937edf24a943c3944a78bd01) Importer(2089858483,b0f066a214c2f5e87bad3c948f4d605d)
Start importing Assets/Packages/JMO Assets/Cartoon FX Remaster/CFXR Assets/Graphics/cfxr blood splash dissolve.png using Guid(66389432937edf24a943c3944a78bd01) Importer(2089858483,b0f066a214c2f5e87bad3c948f4d605d) (ScriptedImporter) -> (Import Result ID: '7e52aad4b63213151e5ffd713d445aee') in 0.0223296 seconds [static and dynamic dependencies]. Details - ImportResultOutputID=14301a61f0e83af275fb112619c6f878 DependenciesID=7db3125fc29f4aae80a6df02f7a4104b StaticDependenciesID=c11d2e3f7f1b574c0bed1fc10272c7c0 
Number of updated asset objects reloaded before import = 0Number of asset objects unloaded after import = 1

========================================================================
Received Import Request.
  Time since last request: 0.000017 seconds.
  path: Assets/Packages/JMO Assets/Cartoon FX Remaster/CFXR Assets/Graphics/cfxr debris wood unlit 3x3.png
  importAddress: Guid(ba5c573490b77f942a086e98994192a0) Importer(2089858483,b0f066a214c2f5e87bad3c948f4d605d)
Start importing Assets/Packages/JMO Assets/Cartoon FX Remaster/CFXR Assets/Graphics/cfxr debris wood unlit 3x3.png using Guid(ba5c573490b77f942a086e98994192a0) Importer(2089858483,b0f066a214c2f5e87bad3c948f4d605d) (ScriptedImporter) -> (Import Result ID: '042a0b8df2c2d1693d4d5cddfd4f4b45') in 0.0211114 seconds [static and dynamic dependencies]. Details - ImportResultOutputID=d1307705fd9af315b46116faa292c82c DependenciesID=89a80a6aa3a4f7c655e27c52bc77487f StaticDependenciesID=c49c58b0b4456ad917f9e53423e53ace 
Number of updated asset objects reloaded before import = 0Number of asset objects unloaded after import = 1

========================================================================
Received Import Request.
  Time since last request: 0.000017 seconds.
  path: Assets/Packages/JMO Assets/Cartoon FX Remaster/CFXR Assets/Graphics/cfxr debris wood 3x3 normal.png
  importAddress: Guid(2becb40852344304cb0ba0dae53f5dbe) Importer(2089858483,b0f066a214c2f5e87bad3c948f4d605d)
Start importing Assets/Packages/JMO Assets/Cartoon FX Remaster/CFXR Assets/Graphics/cfxr debris wood 3x3 normal.png using Guid(2becb40852344304cb0ba0dae53f5dbe) Importer(2089858483,b0f066a214c2f5e87bad3c948f4d605d) (ScriptedImporter) -> (Import Result ID: '4f03270e7cd4ee281e7851ab53aceb6d') in 0.0200477 seconds [static and dynamic dependencies]. Details - ImportResultOutputID=5986762ff51689355e357e1e248f4a8c DependenciesID=adbc7c74b1bc451ca13e96029537b96e StaticDependenciesID=4aea5d6cef0ce9fbdc302ad9b07846e6 
Number of updated asset objects reloaded before import = 0Number of asset objects unloaded after import = 1

========================================================================
Received Import Request.
  Time since last request: 0.000025 seconds.
  path: Assets/Packages/JMO Assets/Cartoon FX Remaster/CFXR Assets/Graphics/cfxr debris wood unlit 3x3 ab.mat
  importAddress: Guid(b312598f1eedcea46af6f9284bb88a27) Importer(2089858483,b0f066a214c2f5e87bad3c948f4d605d)
Start importing Assets/Packages/JMO Assets/Cartoon FX Remaster/CFXR Assets/Graphics/cfxr debris wood unlit 3x3 ab.mat using Guid(b312598f1eedcea46af6f9284bb88a27) Importer(2089858483,b0f066a214c2f5e87bad3c948f4d605d) (ScriptedImporter) -> (Import Result ID: 'f9ed6c488f6234223ace0c4bc5ad56b3') in 0.016349 seconds [static and dynamic dependencies]. Details - ImportResultOutputID=812fd10014c6474825ed25d76cd07674 DependenciesID=de6d2e7f25b8fa3e387cc9221f2d1a94 StaticDependenciesID=a52f36ad7582ed0e64f90dcb7e79a0fc 
Number of updated asset objects reloaded before import = 0Number of asset objects unloaded after import = 2

========================================================================
Received Import Request.
  Time since last request: 0.000028 seconds.
  path: Assets/Packages/JMO Assets/Cartoon FX Remaster/CFXR Assets/Graphics/cfxr bubble.png
  importAddress: Guid(c78c2071651a73d4db16ad0155af4dad) Importer(2089858483,b0f066a214c2f5e87bad3c948f4d605d)
Start importing Assets/Packages/JMO Assets/Cartoon FX Remaster/CFXR Assets/Graphics/cfxr bubble.png using Guid(c78c2071651a73d4db16ad0155af4dad) Importer(2089858483,b0f066a214c2f5e87bad3c948f4d605d) (ScriptedImporter) -> (Import Result ID: 'bc776a78ad8f2bedc7bd7abbab1f41e7') in 0.0194262 seconds [static and dynamic dependencies]. Details - ImportResultOutputID=fe232d9985d300996d855c6971192345 DependenciesID=8ec6456b99c9dfbef342ddafc303928b StaticDependenciesID=8b03d3b240ca380d743fcb3cfc6aa9d5 
Number of updated asset objects reloaded before import = 0Number of asset objects unloaded after import = 1

========================================================================
Received Import Request.
  Time since last request: 0.000017 seconds.
  path: Assets/Packages/JMO Assets/Cartoon FX Remaster/CFXR Assets/Editor/CFXR Editor.asmdef
  importAddress: Guid(eb5cb7c323a395242a81960087292f3c) Importer(2089858483,b0f066a214c2f5e87bad3c948f4d605d)
Start importing Assets/Packages/JMO Assets/Cartoon FX Remaster/CFXR Assets/Editor/CFXR Editor.asmdef using Guid(eb5cb7c323a395242a81960087292f3c) Importer(2089858483,b0f066a214c2f5e87bad3c948f4d605d) (ScriptedImporter) -> (Import Result ID: 'c91e8e281c910676fcdf535b78843717') in 0.0138083 seconds [static and dynamic dependencies]. Details - ImportResultOutputID=51a7e507df1852b2287d88dc199ce740 DependenciesID=b303bbc147dd03c6ecd459a8e3f875c2 StaticDependenciesID=3ebcce225c6d70a34e833f9dfe16940a 
Number of updated asset objects reloaded before import = 0Number of asset objects unloaded after import = 1

========================================================================
Received Import Request.
  Time since last request: 0.000019 seconds.
  path: Assets/Packages/JMO Assets/Cartoon FX Remaster/CFXR Assets/Editor/CFXR_ShaderImporter.cs
  importAddress: Guid(fe56ec25963759b49955809beeb4324b) Importer(2089858483,b0f066a214c2f5e87bad3c948f4d605d)
Start importing Assets/Packages/JMO Assets/Cartoon FX Remaster/CFXR Assets/Editor/CFXR_ShaderImporter.cs using Guid(fe56ec25963759b49955809beeb4324b) Importer(2089858483,b0f066a214c2f5e87bad3c948f4d605d) (ScriptedImporter) -> (Import Result ID: 'e974f4d64fb7c84e3fecceeab5127fc0') in 0.0130592 seconds [static and dynamic dependencies]. Details - ImportResultOutputID=9f03dfc44c324ac3d47e57cd8cf59028 DependenciesID=196d5b3c4540835c2145be965b11ea2b StaticDependenciesID=9f01090373527c09b3d9079c40272c87 
Number of updated asset objects reloaded before import = 0Number of asset objects unloaded after import = 0

========================================================================
Received Import Request.
  Time since last request: 0.000021 seconds.
  path: Assets/Sprites/TV-Guy 8-Bit Parts/TVGuy-FullBody.png
  importAddress: Guid(664936d8cbadc474d80d475c2e4c8e25) Importer(2089858483,b0f066a214c2f5e87bad3c948f4d605d)
Start importing Assets/Sprites/TV-Guy 8-Bit Parts/TVGuy-FullBody.png using Guid(664936d8cbadc474d80d475c2e4c8e25) Importer(2089858483,b0f066a214c2f5e87bad3c948f4d605d) (ScriptedImporter) -> (Import Result ID: '1a3f8321270f52c603b07a32df127b08') in 0.0234201 seconds [static and dynamic dependencies]. Details - ImportResultOutputID=23bcc024a1e57655bda1e462549949cd DependenciesID=e69c1bcad6ca6b3bd01c83f01fb7f1ef StaticDependenciesID=b9e3ca40222f9eca157b0347cd5a2b1c 
Number of updated asset objects reloaded before import = 0Number of asset objects unloaded after import = 3

========================================================================
Received Import Request.
  Time since last request: 0.000032 seconds.
  path: Assets/Packages/JMO Assets/Cartoon FX Remaster/CFXR Assets/Graphics/cfxr electric arcs x4.png
  importAddress: Guid(5e6ca8f19188f064ebdcc1a69545d8f4) Importer(2089858483,b0f066a214c2f5e87bad3c948f4d605d)
Start importing Assets/Packages/JMO Assets/Cartoon FX Remaster/CFXR Assets/Graphics/cfxr electric arcs x4.png using Guid(5e6ca8f19188f064ebdcc1a69545d8f4) Importer(2089858483,b0f066a214c2f5e87bad3c948f4d605d) (ScriptedImporter) -> (Import Result ID: '4cc80067d0bdf687320e3264a4e58641') in 0.0235079 seconds [static and dynamic dependencies]. Details - ImportResultOutputID=5bbb36cdf87feea4eec6269697d9a3df DependenciesID=1990e0c41410a10a3fef6a234fe30fa3 StaticDependenciesID=77c711dedff7fec6b076209c1aae96e9 
Number of updated asset objects reloaded before import = 0Number of asset objects unloaded after import = 1

========================================================================
Received Import Request.
  Time since last request: 0.000017 seconds.
  path: Assets/Packages/JMO Assets/Cartoon FX Remaster/CFXR Assets/Graphics/cfxr electric small anim 4x2 hdr.mat
  importAddress: Guid(b41c12b9e8d21c442affcda9d5c050f7) Importer(2089858483,b0f066a214c2f5e87bad3c948f4d605d)
Start importing Assets/Packages/JMO Assets/Cartoon FX Remaster/CFXR Assets/Graphics/cfxr electric small anim 4x2 hdr.mat using Guid(b41c12b9e8d21c442affcda9d5c050f7) Importer(2089858483,b0f066a214c2f5e87bad3c948f4d605d) (ScriptedImporter) -> (Import Result ID: 'aef4dd4dfcfa1e5fba744b741db02340') in 0.0164277 seconds [static and dynamic dependencies]. Details - ImportResultOutputID=62adbd80de4318eab473b091f018133c DependenciesID=33c1cd6a11a4fc208bb57a0543e06833 StaticDependenciesID=060ebceeaac89ff327d7fb0a7e814b9d 
Number of updated asset objects reloaded before import = 0Number of asset objects unloaded after import = 2

========================================================================
Received Import Request.
  Time since last request: 0.000018 seconds.
  path: Assets/Packages/JMO Assets/Cartoon FX Remaster/CFXR Assets/Graphics/cfxr electric arcs fade x4 hdr ab.mat
  importAddress: Guid(df4afccabf3812f4eb84570337f5bcd3) Importer(2089858483,b0f066a214c2f5e87bad3c948f4d605d)
Start importing Assets/Packages/JMO Assets/Cartoon FX Remaster/CFXR Assets/Graphics/cfxr electric arcs fade x4 hdr ab.mat using Guid(df4afccabf3812f4eb84570337f5bcd3) Importer(2089858483,b0f066a214c2f5e87bad3c948f4d605d) (ScriptedImporter) -> (Import Result ID: '9391a5c5424ec22f9faf5683b5e50df1') in 0.015831 seconds [static and dynamic dependencies]. Details - ImportResultOutputID=6f2d614d7eed5f1323fb7dda89b9f134 DependenciesID=b68528d85d16d0b1c55f04b31735365d StaticDependenciesID=b16a74742c22585408b3d7fa3757561d 
Number of updated asset objects reloaded before import = 0Number of asset objects unloaded after import = 2

========================================================================
Received Import Request.
  Time since last request: 0.000021 seconds.
  path: Assets/Packages/JMO Assets/Cartoon FX Remaster/Readme Cartoon FX Remaster FREE.html
  importAddress: Guid(d583bfe3b4c961241ad4cf33559a195f) Importer(2089858483,b0f066a214c2f5e87bad3c948f4d605d)
Start importing Assets/Packages/JMO Assets/Cartoon FX Remaster/Readme Cartoon FX Remaster FREE.html using Guid(d583bfe3b4c961241ad4cf33559a195f) Importer(2089858483,b0f066a214c2f5e87bad3c948f4d605d) (ScriptedImporter) -> (Import Result ID: '5e230f3568ae95c989d51f19122bf9a6') in 0.013066 seconds [static and dynamic dependencies]. Details - ImportResultOutputID=729f4d3502b9208b57aaf6ddcea37bc9 DependenciesID=8f5d55355eb6c6dad3f207d4191d7b6e StaticDependenciesID=697974126badc39e9cd05af219cac963 
Number of updated asset objects reloaded before import = 0Number of asset objects unloaded after import = 1

========================================================================
Received Import Request.
  Time since last request: 0.000032 seconds.
  path: Assets/Scripts/Character/Player/PlayerAttack.cs
  importAddress: Guid(eeef733f7b7f06d4785c559aee5a9bbc) Importer(2089858483,b0f066a214c2f5e87bad3c948f4d605d)
Start importing Assets/Scripts/Character/Player/PlayerAttack.cs using Guid(eeef733f7b7f06d4785c559aee5a9bbc) Importer(2089858483,b0f066a214c2f5e87bad3c948f4d605d) (ScriptedImporter) -> (Import Result ID: '106246a47232f010e248522089f5fa91') in 0.0124802 seconds [static and dynamic dependencies]. Details - ImportResultOutputID=e7696d6ad149336ed50ee697fa307224 DependenciesID=5c379da52d99a1fbd4c704be321671c3 StaticDependenciesID=0de944e097475e9ffb6976505483f579 
Number of updated asset objects reloaded before import = 0Number of asset objects unloaded after import = 0

========================================================================
Received Import Request.
  Time since last request: 0.000017 seconds.
  path: Assets/Packages/JMO Assets/Cartoon FX Remaster/CFXR Assets/Graphics/cfxr electric arc anim x4.mat
  importAddress: Guid(21ce22ee4a68b854f8df2b3f4de750e1) Importer(2089858483,b0f066a214c2f5e87bad3c948f4d605d)
Start importing Assets/Packages/JMO Assets/Cartoon FX Remaster/CFXR Assets/Graphics/cfxr electric arc anim x4.mat using Guid(21ce22ee4a68b854f8df2b3f4de750e1) Importer(2089858483,b0f066a214c2f5e87bad3c948f4d605d) (ScriptedImporter) -> (Import Result ID: 'acc371f2b87ab9ebb43ab0e87fde3b3f') in 0.0311015 seconds [static and dynamic dependencies]. Details - ImportResultOutputID=98874566e3eb51a0b5573cd2c6605ac8 DependenciesID=2eba9b124bd985f5cc5e3660ab0d8430 StaticDependenciesID=19a7c3253a6cfd12faabaae6d7c50a37 
Number of updated asset objects reloaded before import = 0Number of asset objects unloaded after import = 2

========================================================================
Received Import Request.
  Time since last request: 0.000017 seconds.
  path: Assets/Packages/Pixel Adventure 1/Assets/Other/Confetti (16x16).png
  importAddress: Guid(84e73c5fcbc3d324a9bebf3715abc565) Importer(2089858483,b0f066a214c2f5e87bad3c948f4d605d)
Start importing Assets/Packages/Pixel Adventure 1/Assets/Other/Confetti (16x16).png using Guid(84e73c5fcbc3d324a9bebf3715abc565) Importer(2089858483,b0f066a214c2f5e87bad3c948f4d605d) (ScriptedImporter) -> (Import Result ID: '6ae20f59bb00b39d3fd7672bf199c550') in 0.0288134 seconds [static and dynamic dependencies]. Details - ImportResultOutputID=4ab8c79f7fe40fb5df8460e512f4bd13 DependenciesID=5836289d715435db1cf0e224c4b3ea77 StaticDependenciesID=dd9a33d944789f299f40adffe0390036 
Number of updated asset objects reloaded before import = 0Number of asset objects unloaded after import = 8

========================================================================
Received Import Request.
  Time since last request: 0.000021 seconds.
  path: Assets/Animation/PlayerAnimations/PlayerBasicAttack3.anim
  importAddress: Guid(c40c54d569488554eb88c8369179d531) Importer(2089858483,b0f066a214c2f5e87bad3c948f4d605d)
Start importing Assets/Animation/PlayerAnimations/PlayerBasicAttack3.anim using Guid(c40c54d569488554eb88c8369179d531) Importer(2089858483,b0f066a214c2f5e87bad3c948f4d605d) (ScriptedImporter) -> (Import Result ID: 'abd785866dfe6eb414df65966e4630c2') in 0.0153744 seconds [static and dynamic dependencies]. Details - ImportResultOutputID=bad1c5a1de2f33e2e7c6f91eb43a5757 DependenciesID=9bdb9fd810654b54276433be23ffbb3e StaticDependenciesID=cdfbd5249a395994b09102de845f2e0d 
Number of updated asset objects reloaded before import = 0Number of asset objects unloaded after import = 1

========================================================================
Received Import Request.
  Time since last request: 0.000028 seconds.
  path: Assets/Packages/JMO Assets/Cartoon FX Remaster/CFXR Assets/Graphics/cfxr ember blur hdr ab.mat
  importAddress: Guid(6cd2d08f4a4d93542aa0004bdac91566) Importer(2089858483,b0f066a214c2f5e87bad3c948f4d605d)
Start importing Assets/Packages/JMO Assets/Cartoon FX Remaster/CFXR Assets/Graphics/cfxr ember blur hdr ab.mat using Guid(6cd2d08f4a4d93542aa0004bdac91566) Importer(2089858483,b0f066a214c2f5e87bad3c948f4d605d) (ScriptedImporter) -> (Import Result ID: '4f56e26490e50ec84164b95a8f456d5d') in 0.0158595 seconds [static and dynamic dependencies]. Details - ImportResultOutputID=6493e59d398ff78390618894a0f2a7c6 DependenciesID=2e3ec5be097f817f2de34f455228696e StaticDependenciesID=9ac1aa3fbc176825accc23d480d9763a 
Number of updated asset objects reloaded before import = 0Number of asset objects unloaded after import = 2

========================================================================
Received Import Request.
  Time since last request: 0.000017 seconds.
  path: Assets/Packages/JMO Assets/Cartoon FX Remaster/CFXR Assets/Graphics/cfxr electric spark.png
  importAddress: Guid(3cc6081aa8e628d49bc8c5fcbc8d6a9f) Importer(2089858483,b0f066a214c2f5e87bad3c948f4d605d)
Start importing Assets/Packages/JMO Assets/Cartoon FX Remaster/CFXR Assets/Graphics/cfxr electric spark.png using Guid(3cc6081aa8e628d49bc8c5fcbc8d6a9f) Importer(2089858483,b0f066a214c2f5e87bad3c948f4d605d) (ScriptedImporter) -> (Import Result ID: 'f3077f32ae0c118d81d1cd090f51ac0a') in 0.0201935 seconds [static and dynamic dependencies]. Details - ImportResultOutputID=dbf0eccf6bc01963fd3d905c7bd6a2b6 DependenciesID=219f32eb4bb06772b031c4c1751b6ad6 StaticDependenciesID=cab1213fac458dec3014fafef187ceaf 
Number of updated asset objects reloaded before import = 0Number of asset objects unloaded after import = 1

========================================================================
Received Import Request.
  Time since last request: 0.000016 seconds.
  path: Assets/Packages/JMO Assets/Cartoon FX Remaster/CFXR Assets/Graphics/cfxr electric sparks hdr ab.mat
  importAddress: Guid(0aed4f47f3bcce64b83be8b64904bab4) Importer(2089858483,b0f066a214c2f5e87bad3c948f4d605d)
Start importing Assets/Packages/JMO Assets/Cartoon FX Remaster/CFXR Assets/Graphics/cfxr electric sparks hdr ab.mat using Guid(0aed4f47f3bcce64b83be8b64904bab4) Importer(2089858483,b0f066a214c2f5e87bad3c948f4d605d) (ScriptedImporter) -> (Import Result ID: '861d38e9fff6726e2f9dbcc55833b8f4') in 0.0174693 seconds [static and dynamic dependencies]. Details - ImportResultOutputID=e95dfc2cb04508348e9fbd8a0c905452 DependenciesID=291ffb055d2c0ac333322eb8d999cb54 StaticDependenciesID=842ccf098fd5073fb1b7958ad65dc503 
Number of updated asset objects reloaded before import = 0Number of asset objects unloaded after import = 2

========================================================================
Received Import Request.
  Time since last request: 0.000019 seconds.
  path: Assets/Packages/JMO Assets/Cartoon FX Remaster/CFXR Assets/Graphics/cfxr card diamond mesh.asset
  importAddress: Guid(215b94bafc110894881bb24975d050ee) Importer(2089858483,b0f066a214c2f5e87bad3c948f4d605d)
Start importing Assets/Packages/JMO Assets/Cartoon FX Remaster/CFXR Assets/Graphics/cfxr card diamond mesh.asset using Guid(215b94bafc110894881bb24975d050ee) Importer(2089858483,b0f066a214c2f5e87bad3c948f4d605d) (ScriptedImporter) -> (Import Result ID: '6547e07bfc7bf857c79e80274d20e8f8') in 0.0156936 seconds [static and dynamic dependencies]. Details - ImportResultOutputID=8ef347033a5eba28042909dae1dd89c8 DependenciesID=0a32dee9c0a930a24257a5c83fa8fb21 StaticDependenciesID=61be2e50d94883e864b30804ba06082f 
Number of updated asset objects reloaded before import = 0Number of asset objects unloaded after import = 1

========================================================================
Received Import Request.
  Time since last request: 0.000036 seconds.
  path: Assets/Prefabs/TestDummy.prefab
  importAddress: Guid(670108b33877e2043997876c57b96246) Importer(2089858483,b0f066a214c2f5e87bad3c948f4d605d)
Start importing Assets/Prefabs/TestDummy.prefab using Guid(670108b33877e2043997876c57b96246) Importer(2089858483,b0f066a214c2f5e87bad3c948f4d605d) (ScriptedImporter) -> (Import Result ID: '5bcf324ee7fd1f74488ff6c8c1cf61f2') in 0.025978 seconds [static and dynamic dependencies]. Details - ImportResultOutputID=729c949b0a0f3ed1ddd3d42ac3b0e948 DependenciesID=c471d9039081c6d5d46c66a5f8549256 StaticDependenciesID=cf088ce8bedc8fcae8f17bc4408d4878 
Number of updated asset objects reloaded before import = 0Number of asset objects unloaded after import = 27

========================================================================
Received Import Request.
  Time since last request: 0.000019 seconds.
  path: Assets/Sprites/TV-Guy 8-Bit Parts/TVGuy-Head.png
  importAddress: Guid(fa7f5c5f6ad1b7a408de4318334f7c4c) Importer(2089858483,b0f066a214c2f5e87bad3c948f4d605d)
Start importing Assets/Sprites/TV-Guy 8-Bit Parts/TVGuy-Head.png using Guid(fa7f5c5f6ad1b7a408de4318334f7c4c) Importer(2089858483,b0f066a214c2f5e87bad3c948f4d605d) (ScriptedImporter) -> (Import Result ID: 'c3cc30736a609787144d6a5edbf240fc') in 0.0257313 seconds [static and dynamic dependencies]. Details - ImportResultOutputID=49f7b282ebbb19d38bec9f0d4fa04a3b DependenciesID=4cb6dcffa64f43ecb14eefddf088b0bb StaticDependenciesID=058703fff425be0992101a91e1a4cdbc 
Number of updated asset objects reloaded before import = 0Number of asset objects unloaded after import = 3

========================================================================
Received Import Request.
  Time since last request: 0.000024 seconds.
  path: Assets/Packages/JMO Assets/Welcome Screen/CFXR_WelcomeScreen.uxml
  importAddress: Guid(bfd03f272fe010b4ba558a3bc456ffeb) Importer(2089858483,b0f066a214c2f5e87bad3c948f4d605d)
Start importing Assets/Packages/JMO Assets/Welcome Screen/CFXR_WelcomeScreen.uxml using Guid(bfd03f272fe010b4ba558a3bc456ffeb) Importer(2089858483,b0f066a214c2f5e87bad3c948f4d605d) (ScriptedImporter) -> (Import Result ID: 'f74ddaa0d2ec1c479e4aa0af7d84f14d') in 0.0878022 seconds [static and dynamic dependencies]. Details - ImportResultOutputID=b27e6e7fde21c0be8a187591788dcaf4 DependenciesID=8acf2b2187535fb1e1198abefa7c830a StaticDependenciesID=b89b8c924f7b15912e16e7ccc954e3e8 
Number of updated asset objects reloaded before import = 0Number of asset objects unloaded after import = 2

========================================================================
Received Import Request.
  Time since last request: 0.000034 seconds.
  path: Assets/Packages/JMO Assets/Cartoon FX Remaster/CFXR Assets/Graphics/cfxr explosion smoke dissolve.png
  importAddress: Guid(8d435dfcfea1eb64dba196af2f9490f4) Importer(2089858483,b0f066a214c2f5e87bad3c948f4d605d)
Start importing Assets/Packages/JMO Assets/Cartoon FX Remaster/CFXR Assets/Graphics/cfxr explosion smoke dissolve.png using Guid(8d435dfcfea1eb64dba196af2f9490f4) Importer(2089858483,b0f066a214c2f5e87bad3c948f4d605d) (ScriptedImporter) -> (Import Result ID: '60958dbe4e78b352e95a27c817d205ea') in 0.0215412 seconds [static and dynamic dependencies]. Details - ImportResultOutputID=6518f8e0500c2f9504de1b22f649dfe1 DependenciesID=fa6ee5ad751cfb958b323e27dfc0f3ba StaticDependenciesID=9fce75f85bc234098f1b96e3b80b5953 
Number of updated asset objects reloaded before import = 0Number of asset objects unloaded after import = 1

========================================================================
Received Import Request.
  Time since last request: 0.000030 seconds.
  path: Assets/Packages/JMO Assets/Cartoon FX Remaster/CFXR Assets/Graphics/cfxr ember blur.png
  importAddress: Guid(209460ccb2aaaf847a61d7e73c92f193) Importer(2089858483,b0f066a214c2f5e87bad3c948f4d605d)
Start importing Assets/Packages/JMO Assets/Cartoon FX Remaster/CFXR Assets/Graphics/cfxr ember blur.png using Guid(209460ccb2aaaf847a61d7e73c92f193) Importer(2089858483,b0f066a214c2f5e87bad3c948f4d605d) (ScriptedImporter) -> (Import Result ID: 'd9d050a5003855a7d6cc278e5ae6fe89') in 0.0195551 seconds [static and dynamic dependencies]. Details - ImportResultOutputID=eddafd4558765ce70e5f1fef17d6d466 DependenciesID=b983b699a48b4d4d5b25c8b6a2b5c38a StaticDependenciesID=ba8949712deee39f239e4eedaeadd758 
Number of updated asset objects reloaded before import = 0Number of asset objects unloaded after import = 1

========================================================================
Received Import Request.
  Time since last request: 0.000022 seconds.
  path: Assets/Packages/JMO Assets/Cartoon FX Remaster/CFXR Assets/Graphics/cfxr fire circle blur.png
  importAddress: Guid(5e0f8dcfc1b16c849ac880e3cd107176) Importer(2089858483,b0f066a214c2f5e87bad3c948f4d605d)
Start importing Assets/Packages/JMO Assets/Cartoon FX Remaster/CFXR Assets/Graphics/cfxr fire circle blur.png using Guid(5e0f8dcfc1b16c849ac880e3cd107176) Importer(2089858483,b0f066a214c2f5e87bad3c948f4d605d) (ScriptedImporter) -> (Import Result ID: '3cf094532c024a4582eec7ca2fb3f352') in 0.0223636 seconds [static and dynamic dependencies]. Details - ImportResultOutputID=c42d7ac1500ab23af97522065a2a1bab DependenciesID=da4a358a7a2200aaab2267c0400037a8 StaticDependenciesID=11eaf6c160f987b8d24df6ecc67dd3f7 
Number of updated asset objects reloaded before import = 0Number of asset objects unloaded after import = 1

========================================================================
Received Import Request.
  Time since last request: 0.000017 seconds.
  path: Assets/Packages/JMO Assets/Cartoon FX Remaster/CFXR Assets/Graphics/cfxr explosion second color map.png
  importAddress: Guid(cbe9410b182e9cd4787d6f068c564ad7) Importer(2089858483,b0f066a214c2f5e87bad3c948f4d605d)
Start importing Assets/Packages/JMO Assets/Cartoon FX Remaster/CFXR Assets/Graphics/cfxr explosion second color map.png using Guid(cbe9410b182e9cd4787d6f068c564ad7) Importer(2089858483,b0f066a214c2f5e87bad3c948f4d605d) (ScriptedImporter) -> (Import Result ID: '652eb51b1872d2f2f4d371139d81ffda') in 0.0197386 seconds [static and dynamic dependencies]. Details - ImportResultOutputID=de267215435f18831f09974a456f68d9 DependenciesID=40b4da4e31a1a79a710750cc315bc33f StaticDependenciesID=66cb5de2fa8cce3b115d66206e33a193 
Number of updated asset objects reloaded before import = 0Number of asset objects unloaded after import = 1

========================================================================
Received Import Request.
  Time since last request: 0.000020 seconds.
  path: Assets/Packages/JMO Assets/Cartoon FX Remaster/CFXR Assets/Graphics/cfxr fire blur fade hdr ab.mat
  importAddress: Guid(8b86a91b570220b49a878c53343f2c79) Importer(2089858483,b0f066a214c2f5e87bad3c948f4d605d)
Start importing Assets/Packages/JMO Assets/Cartoon FX Remaster/CFXR Assets/Graphics/cfxr fire blur fade hdr ab.mat using Guid(8b86a91b570220b49a878c53343f2c79) Importer(2089858483,b0f066a214c2f5e87bad3c948f4d605d) (ScriptedImporter) -> (Import Result ID: 'f5f17beb7aae99ecab34494c3831e5a9') in 0.0363883 seconds [static and dynamic dependencies]. Details - ImportResultOutputID=5f56499cd37da1ac5e2791c225207288 DependenciesID=a06744938017ed040af9dfc598adbf24 StaticDependenciesID=d4ede41762ac83808452d98264c295fe 
Number of updated asset objects reloaded before import = 0Number of asset objects unloaded after import = 3

========================================================================
Received Import Request.
  Time since last request: 0.000029 seconds.
  path: Assets/Packages/JMO Assets/Cartoon FX Remaster/CFXR Assets/Graphics/cfxr explosion smoke alpha.png
  importAddress: Guid(914231f4fc2a7194b9323d6e2cf86df0) Importer(2089858483,b0f066a214c2f5e87bad3c948f4d605d)
Start importing Assets/Packages/JMO Assets/Cartoon FX Remaster/CFXR Assets/Graphics/cfxr explosion smoke alpha.png using Guid(914231f4fc2a7194b9323d6e2cf86df0) Importer(2089858483,b0f066a214c2f5e87bad3c948f4d605d) (ScriptedImporter) -> (Import Result ID: '22ab8f5bcaebff42745eb23326e03019') in 0.0204298 seconds [static and dynamic dependencies]. Details - ImportResultOutputID=4b0a4c95936f033ef1bd8c0820fa1ffb DependenciesID=c5fff37f9f5f603685f616f26cf3f7cd StaticDependenciesID=60b53429ea18eee7e49beddb17ed2551 
Number of updated asset objects reloaded before import = 0Number of asset objects unloaded after import = 1

========================================================================
Received Import Request.
  Time since last request: 0.000019 seconds.
  path: Assets/Packages/JMO Assets/Cartoon FX Remaster/CFXR Assets/Graphics/cfxr fire circle drawn blurred.png
  importAddress: Guid(232ec32264aa04142ba34374d9989110) Importer(2089858483,b0f066a214c2f5e87bad3c948f4d605d)
Start importing Assets/Packages/JMO Assets/Cartoon FX Remaster/CFXR Assets/Graphics/cfxr fire circle drawn blurred.png using Guid(232ec32264aa04142ba34374d9989110) Importer(2089858483,b0f066a214c2f5e87bad3c948f4d605d) (ScriptedImporter) -> (Import Result ID: 'cedb6e3fe542bacbb9d754b9dbafa85d') in 0.0202319 seconds [static and dynamic dependencies]. Details - ImportResultOutputID=2196d3cf74352613a0716b407133ca93 DependenciesID=32d36245bc61c8a727710a918bd534e9 StaticDependenciesID=dae2528dbf50fe10e046c4ab3653956a 
Number of updated asset objects reloaded before import = 0Number of asset objects unloaded after import = 1

========================================================================
Received Import Request.
  Time since last request: 0.000018 seconds.
  path: Assets/Sprites/TV-Guy 8-Bit Parts/TVGuy-LFoot.png
  importAddress: Guid(eb8d00a5a7cf4da409fa8e3c25d122ff) Importer(2089858483,b0f066a214c2f5e87bad3c948f4d605d)
Start importing Assets/Sprites/TV-Guy 8-Bit Parts/TVGuy-LFoot.png using Guid(eb8d00a5a7cf4da409fa8e3c25d122ff) Importer(2089858483,b0f066a214c2f5e87bad3c948f4d605d) (ScriptedImporter) -> (Import Result ID: 'a03d691c6ce9c283d401cbade92f050a') in 0.022606 seconds [static and dynamic dependencies]. Details - ImportResultOutputID=5412c94969876c61e69a27234b34b9d3 DependenciesID=2a5e037a7e06e549d8335a3c36caa033 StaticDependenciesID=1596a371a220264d2814b06ba23297ae 
Number of updated asset objects reloaded before import = 0Number of asset objects unloaded after import = 3

========================================================================
Received Import Request.
  Time since last request: 0.000024 seconds.
  path: Assets/Sprites/TV-Guy 8-Bit Parts/TVGuy-RArm.png
  importAddress: Guid(98095d0e07c02ea4f80cc3b26d54209b) Importer(2089858483,b0f066a214c2f5e87bad3c948f4d605d)
Start importing Assets/Sprites/TV-Guy 8-Bit Parts/TVGuy-RArm.png using Guid(98095d0e07c02ea4f80cc3b26d54209b) Importer(2089858483,b0f066a214c2f5e87bad3c948f4d605d) (ScriptedImporter) -> (Import Result ID: '8673139b994c3d9e76000244863486e0') in 0.0233551 seconds [static and dynamic dependencies]. Details - ImportResultOutputID=099c335afa82530cc98d826ef156b29f DependenciesID=ed9c4b1571b68ba748d0168146b4bd4f StaticDependenciesID=d49c7614525a7c45baeb152769bb3645 
Number of updated asset objects reloaded before import = 0Number of asset objects unloaded after import = 3

========================================================================
Received Import Request.
  Time since last request: 0.000037 seconds.
  path: Assets/Packages/JMO Assets/Cartoon FX Remaster/CFXR Assets/Graphics/cfxr aura rays hdr ab nosp.mat
  importAddress: Guid(59b66e1956031654985c136e6927a7d8) Importer(2089858483,b0f066a214c2f5e87bad3c948f4d605d)
Start importing Assets/Packages/JMO Assets/Cartoon FX Remaster/CFXR Assets/Graphics/cfxr aura rays hdr ab nosp.mat using Guid(59b66e1956031654985c136e6927a7d8) Importer(2089858483,b0f066a214c2f5e87bad3c948f4d605d) (ScriptedImporter) -> (Import Result ID: '220fc882b1ebcc61f52b75afc2c28031') in 0.0206279 seconds [static and dynamic dependencies]. Details - ImportResultOutputID=ccbdde68e7ec9ad42d2f87b810a4fc9a DependenciesID=781a1d42d967c648a01726008ae61eab StaticDependenciesID=a286274206772c1761d5acba8822cd0a 
Number of updated asset objects reloaded before import = 0Number of asset objects unloaded after import = 2

========================================================================
Received Import Request.
  Time since last request: 0.000029 seconds.
  path: Assets/Packages/JMO Assets/Cartoon FX Remaster/CFXR Assets/Graphics/cfxr bubble 2 ab.mat
  importAddress: Guid(21417cf5ab018164f9d28d2e35ad8cb7) Importer(2089858483,b0f066a214c2f5e87bad3c948f4d605d)
Start importing Assets/Packages/JMO Assets/Cartoon FX Remaster/CFXR Assets/Graphics/cfxr bubble 2 ab.mat using Guid(21417cf5ab018164f9d28d2e35ad8cb7) Importer(2089858483,b0f066a214c2f5e87bad3c948f4d605d) (ScriptedImporter) -> (Import Result ID: '00d4ab9fe2758f189824abc32e023ccd') in 0.0167318 seconds [static and dynamic dependencies]. Details - ImportResultOutputID=780290d2ef82c98fe4b4ed8ff40e8157 DependenciesID=eef934fae2cdbcd7ccfd33f233f30fda StaticDependenciesID=32290c6f1c7297bec5fdba931c531072 
Number of updated asset objects reloaded before import = 0Number of asset objects unloaded after import = 2

========================================================================
Received Import Request.
  Time since last request: 0.000018 seconds.
  path: Assets/UniversalRenderPipelineGlobalSettings.asset
  importAddress: Guid(93b439a37f63240aca3dd4e01d978a9f) Importer(2089858483,b0f066a214c2f5e87bad3c948f4d605d)
Start importing Assets/UniversalRenderPipelineGlobalSettings.asset using Guid(93b439a37f63240aca3dd4e01d978a9f) Importer(2089858483,b0f066a214c2f5e87bad3c948f4d605d) (ScriptedImporter) -> (Import Result ID: '372b904e044dbdd91310530b47450f6b') in 0.0488328 seconds [static and dynamic dependencies]. Details - ImportResultOutputID=911d8b8c174c175f6545f6be4f2c7647 DependenciesID=eead7bcc35639c100e1f9eb816490c20 StaticDependenciesID=3b01a753edba8794edf96def935c80d5 
Number of updated asset objects reloaded before import = 0Number of asset objects unloaded after import = 0

========================================================================
Received Import Request.
  Time since last request: 0.000021 seconds.
  path: Assets/Packages/JMO Assets/Cartoon FX Remaster/Demo Assets/CFXR_Demo_Translate.cs
  importAddress: Guid(fd81627723031224baf6eef1b52a3f50) Importer(2089858483,b0f066a214c2f5e87bad3c948f4d605d)
Start importing Assets/Packages/JMO Assets/Cartoon FX Remaster/Demo Assets/CFXR_Demo_Translate.cs using Guid(fd81627723031224baf6eef1b52a3f50) Importer(2089858483,b0f066a214c2f5e87bad3c948f4d605d) (ScriptedImporter) -> (Import Result ID: '547ba3ee53195d97778c5da9efff3a2b') in 0.0121215 seconds [static and dynamic dependencies]. Details - ImportResultOutputID=c7015fef375748453a7dcb3c6e1eb913 DependenciesID=03bb77eb2c4305e29864182636070201 StaticDependenciesID=7a1ffa2e26199b02f7920e82d3a344ef 
Number of updated asset objects reloaded before import = 0Number of asset objects unloaded after import = 0

========================================================================
Received Import Request.
  Time since last request: 0.000031 seconds.
  path: Assets/Packages/JMO Assets/Cartoon FX Remaster/Demo Assets/CFXR_Demo_Rotate.cs
  importAddress: Guid(1529372f6ddbfb0429260b50bc9d1aa8) Importer(2089858483,b0f066a214c2f5e87bad3c948f4d605d)
Start importing Assets/Packages/JMO Assets/Cartoon FX Remaster/Demo Assets/CFXR_Demo_Rotate.cs using Guid(1529372f6ddbfb0429260b50bc9d1aa8) Importer(2089858483,b0f066a214c2f5e87bad3c948f4d605d) (ScriptedImporter) -> (Import Result ID: '171d064558c072ab9632d4070ad74570') in 0.0129393 seconds [static and dynamic dependencies]. Details - ImportResultOutputID=d6435c19dda3dd0447c28fac255eb597 DependenciesID=4be344218bfdb97c61817e71db608f29 StaticDependenciesID=c585fdc0436922070a3183687ce59069 
Number of updated asset objects reloaded before import = 0Number of asset objects unloaded after import = 0

========================================================================
Received Import Request.
  Time since last request: 0.000019 seconds.
  path: Assets/Packages/JMO Assets/Cartoon FX Remaster/CFXR Assets/Graphics/cfxr card heart ab.mat
  importAddress: Guid(56dcdb394ebaf9841bfd56db0f1ea05c) Importer(2089858483,b0f066a214c2f5e87bad3c948f4d605d)
Start importing Assets/Packages/JMO Assets/Cartoon FX Remaster/CFXR Assets/Graphics/cfxr card heart ab.mat using Guid(56dcdb394ebaf9841bfd56db0f1ea05c) Importer(2089858483,b0f066a214c2f5e87bad3c948f4d605d) (ScriptedImporter) -> (Import Result ID: '93a87e382a842fff5997ba659fcfd196') in 0.0199075 seconds [static and dynamic dependencies]. Details - ImportResultOutputID=b7060e813ff92bdaa2761d5261913c02 DependenciesID=d9dc74373600c7e6ff09dea4535d2e65 StaticDependenciesID=3e582e831ea0fd012f7f30765d636b59 
Number of updated asset objects reloaded before import = 0Number of asset objects unloaded after import = 2

========================================================================
Received Import Request.
  Time since last request: 0.000025 seconds.
  path: Assets/Packages/JMO Assets/Cartoon FX Remaster/CFXR Assets/Graphics/cfxr debris 3x3.png
  importAddress: Guid(c77bd9e350bb29b47bf79c281d43f52c) Importer(2089858483,b0f066a214c2f5e87bad3c948f4d605d)
Start importing Assets/Packages/JMO Assets/Cartoon FX Remaster/CFXR Assets/Graphics/cfxr debris 3x3.png using Guid(c77bd9e350bb29b47bf79c281d43f52c) Importer(2089858483,b0f066a214c2f5e87bad3c948f4d605d) (ScriptedImporter) -> (Import Result ID: '296efb7d43b468db1296e1ab61fa8506') in 0.0194464 seconds [static and dynamic dependencies]. Details - ImportResultOutputID=95d257a61599818457a301afcee99b5d DependenciesID=3b6607f4280b6bcd1ed8e8809f397f96 StaticDependenciesID=2a6e15f65763ab9e771ba356d4de4229 
Number of updated asset objects reloaded before import = 0Number of asset objects unloaded after import = 1

========================================================================
Received Import Request.
  Time since last request: 0.000022 seconds.
  path: Assets/Packages/JMO Assets/Cartoon FX Remaster/CFXR Assets/Graphics/cfxr fire full blurred fade hdr add.mat
  importAddress: Guid(3057ceabfc760ef45ba602a86f46bbe0) Importer(2089858483,b0f066a214c2f5e87bad3c948f4d605d)
Start importing Assets/Packages/JMO Assets/Cartoon FX Remaster/CFXR Assets/Graphics/cfxr fire full blurred fade hdr add.mat using Guid(3057ceabfc760ef45ba602a86f46bbe0) Importer(2089858483,b0f066a214c2f5e87bad3c948f4d605d) (ScriptedImporter) -> (Import Result ID: '554fb8f3d3aeb139686e0fda25b285cd') in 0.0419215 seconds [static and dynamic dependencies]. Details - ImportResultOutputID=bb98b7c9598533a7530f124f55f4e85f DependenciesID=55e979329c8345e7ec38f8f3f96be4a4 StaticDependenciesID=a56512adbedfd65ab7eb4e7931d73101 
Number of updated asset objects reloaded before import = 0Number of asset objects unloaded after import = 3

========================================================================
Received Import Request.
  Time since last request: 0.000067 seconds.
  path: Assets/Packages/JMO Assets/Cartoon FX Remaster/CFXR Assets/Graphics/cfxr fire edge.png
  importAddress: Guid(6caad382f72a7084a87daaebe964cc7e) Importer(2089858483,b0f066a214c2f5e87bad3c948f4d605d)
Start importing Assets/Packages/JMO Assets/Cartoon FX Remaster/CFXR Assets/Graphics/cfxr fire edge.png using Guid(6caad382f72a7084a87daaebe964cc7e) Importer(2089858483,b0f066a214c2f5e87bad3c948f4d605d) (ScriptedImporter) -> (Import Result ID: 'ae4654a26b30ae454e9c8ca441d15d6b') in 0.0216813 seconds [static and dynamic dependencies]. Details - ImportResultOutputID=51825a54b59c3cf5ade89a877dbed19c DependenciesID=5d266aeabfddfbb084e39cc92af1d19a StaticDependenciesID=0476ea97b21f80226a4cdd183930f81d 
Number of updated asset objects reloaded before import = 0Number of asset objects unloaded after import = 1

========================================================================
Received Import Request.
  Time since last request: 0.000019 seconds.
  path: Assets/Packages/JMO Assets/Cartoon FX Remaster/CFXR Assets/Graphics/cfxr aura runic.png
  importAddress: Guid(ccb58def4933d4e46b7a1fc023bf6259) Importer(2089858483,b0f066a214c2f5e87bad3c948f4d605d)
Start importing Assets/Packages/JMO Assets/Cartoon FX Remaster/CFXR Assets/Graphics/cfxr aura runic.png using Guid(ccb58def4933d4e46b7a1fc023bf6259) Importer(2089858483,b0f066a214c2f5e87bad3c948f4d605d) (ScriptedImporter) -> (Import Result ID: '8bbde1fa10dfb64becaf4242a14deccd') in 0.0207514 seconds [static and dynamic dependencies]. Details - ImportResultOutputID=0237308159fb7acfae8e9bcee6f5a9c0 DependenciesID=da258711f5d70c6ae02e7a76bb1f8d18 StaticDependenciesID=e00391e9a220e6f2e38b945a72c67645 
Number of updated asset objects reloaded before import = 0Number of asset objects unloaded after import = 1

========================================================================
Received Import Request.
  Time since last request: 0.000055 seconds.
  path: Assets/Scripts/System/Gameplay/GroundChecker.cs
  importAddress: Guid(6f815449a7097c84f91620a4359d3db7) Importer(2089858483,b0f066a214c2f5e87bad3c948f4d605d)
Start importing Assets/Scripts/System/Gameplay/GroundChecker.cs using Guid(6f815449a7097c84f91620a4359d3db7) Importer(2089858483,b0f066a214c2f5e87bad3c948f4d605d) (ScriptedImporter) -> (Import Result ID: 'cfb6a38aa2ff76a3b82d2482ab70dd49') in 0.0146008 seconds [static and dynamic dependencies]. Details - ImportResultOutputID=2116dad021927d56053f3e2238a5e3b7 DependenciesID=9ab00d63cf3bafe8e12d51fdc995c72c StaticDependenciesID=97dfa207a504e142e48e2f97125be866 
Number of updated asset objects reloaded before import = 0Number of asset objects unloaded after import = 0

========================================================================
Received Import Request.
  Time since last request: 0.000022 seconds.
  path: Assets/Packages/Pixel Adventure 1/Assets/Background/Blue.png
  importAddress: Guid(8049ea91a9d5fca4dab4024c0915dbe6) Importer(2089858483,b0f066a214c2f5e87bad3c948f4d605d)
Start importing Assets/Packages/Pixel Adventure 1/Assets/Background/Blue.png using Guid(8049ea91a9d5fca4dab4024c0915dbe6) Importer(2089858483,b0f066a214c2f5e87bad3c948f4d605d) (ScriptedImporter) -> (Import Result ID: '9d2380de5bf92c2fec45c75922a45913') in 0.0250892 seconds [static and dynamic dependencies]. Details - ImportResultOutputID=969a3bb3556f03f20eda285686ca547a DependenciesID=9ac10e5c5435589595aded7dc7e0b0b2 StaticDependenciesID=90319345c0b2f839f4ad03dca7bcc775 
Number of updated asset objects reloaded before import = 0Number of asset objects unloaded after import = 3

========================================================================
Received Import Request.
  Time since last request: 0.000030 seconds.
  path: Assets/Scripts/Character/Player/PlayerHealth.cs
  importAddress: Guid(8b4f3ec6c20426c49970d98767b5635c) Importer(2089858483,b0f066a214c2f5e87bad3c948f4d605d)
Start importing Assets/Scripts/Character/Player/PlayerHealth.cs using Guid(8b4f3ec6c20426c49970d98767b5635c) Importer(2089858483,b0f066a214c2f5e87bad3c948f4d605d) (ScriptedImporter) -> (Import Result ID: 'c8c36185bf6e72d5733d03d330c7ca74') in 0.0129476 seconds [static and dynamic dependencies]. Details - ImportResultOutputID=822ad8c56ebdc2a6604c78995b2d3d4b DependenciesID=c560f50d88162a719f58b22facbdea65 StaticDependenciesID=7e596496e86393ca3696c4191f451099 
Number of updated asset objects reloaded before import = 0Number of asset objects unloaded after import = 0

========================================================================
Received Import Request.
  Time since last request: 0.000019 seconds.
  path: Assets/Packages/JMO Assets/Cartoon FX Remaster/CFXR Assets/Graphics/cfxr flamme blur mid hdr ab.mat
  importAddress: Guid(82d1a4b93a158084aa5868eaed32cc23) Importer(2089858483,b0f066a214c2f5e87bad3c948f4d605d)
Start importing Assets/Packages/JMO Assets/Cartoon FX Remaster/CFXR Assets/Graphics/cfxr flamme blur mid hdr ab.mat using Guid(82d1a4b93a158084aa5868eaed32cc23) Importer(2089858483,b0f066a214c2f5e87bad3c948f4d605d) (ScriptedImporter) -> (Import Result ID: 'bbff99c059fc6666b320aa55b196a1f4') in 0.0177424 seconds [static and dynamic dependencies]. Details - ImportResultOutputID=fa23f99756b799dd0ef6ef2a034cb94e DependenciesID=064867ff35d8b8db3d56eb069c61057c StaticDependenciesID=a775885f535d67275cdc5e8588ce22f2 
Number of updated asset objects reloaded before import = 0Number of asset objects unloaded after import = 3

========================================================================
Received Import Request.
  Time since last request: 0.000018 seconds.
  path: Assets/Packages/JMO Assets/Cartoon FX Remaster/CFXR Assets/Graphics/cfxr fire stepped fade hdr ab.mat
  importAddress: Guid(e85fde2ff708fdf40ac2e97a57beea96) Importer(2089858483,b0f066a214c2f5e87bad3c948f4d605d)
Start importing Assets/Packages/JMO Assets/Cartoon FX Remaster/CFXR Assets/Graphics/cfxr fire stepped fade hdr ab.mat using Guid(e85fde2ff708fdf40ac2e97a57beea96) Importer(2089858483,b0f066a214c2f5e87bad3c948f4d605d) (ScriptedImporter) -> (Import Result ID: 'b90f9c219539bc18734f3e7ff502e4bf') in 0.0182999 seconds [static and dynamic dependencies]. Details - ImportResultOutputID=eae94d98fee6bdfe540e33e2c5b83aac DependenciesID=09a5382bdb27280e479b894a8107bdd1 StaticDependenciesID=0620af863f1b871b232196a793a21761 
Number of updated asset objects reloaded before import = 0Number of asset objects unloaded after import = 3

========================================================================
Received Import Request.
  Time since last request: 0.000028 seconds.
  path: Assets/Scripts/Character/Health.cs
  importAddress: Guid(4d63c3d159c22de4ea65867d99b827b7) Importer(2089858483,b0f066a214c2f5e87bad3c948f4d605d)
Start importing Assets/Scripts/Character/Health.cs using Guid(4d63c3d159c22de4ea65867d99b827b7) Importer(2089858483,b0f066a214c2f5e87bad3c948f4d605d) (ScriptedImporter) -> (Import Result ID: '69fa30f07d9984521a4fd2f7de535768') in 0.0130959 seconds [static and dynamic dependencies]. Details - ImportResultOutputID=7210cec1d12e902e6993c436fb2c48dc DependenciesID=b4a612fbd6a7151dd481dec4a8aeed72 StaticDependenciesID=1175e425827fe084b0b8eb1d138ffe0f 
Number of updated asset objects reloaded before import = 0Number of asset objects unloaded after import = 0

========================================================================
Received Import Request.
  Time since last request: 0.000030 seconds.
  path: Assets/Packages/Pixel Adventure 1/Assets/Main Characters/Desappearing (96x96).png
  importAddress: Guid(99e1beacf34e67c42afd2d344aefcc3c) Importer(2089858483,b0f066a214c2f5e87bad3c948f4d605d)
Start importing Assets/Packages/Pixel Adventure 1/Assets/Main Characters/Desappearing (96x96).png using Guid(99e1beacf34e67c42afd2d344aefcc3c) Importer(2089858483,b0f066a214c2f5e87bad3c948f4d605d) (ScriptedImporter) -> (Import Result ID: '4520182e4c76f3f5477581a6ba7862b2') in 0.0407109 seconds [static and dynamic dependencies]. Details - ImportResultOutputID=9633f2f5677461b1a6e60419131c462b DependenciesID=665d32a2b560ee45eb433590e0b06029 StaticDependenciesID=5bee8beb949f110f6a830ffb4c11057f 
Number of updated asset objects reloaded before import = 0Number of asset objects unloaded after import = 9

========================================================================
Received Import Request.
  Time since last request: 0.000018 seconds.
  path: Assets/Packages/JMO Assets/Cartoon FX Remaster/CFXR Assets/Graphics/cfxr fire small anim hdr ab.mat
  importAddress: Guid(ae1cda08a7621e649acb7738ffb73620) Importer(2089858483,b0f066a214c2f5e87bad3c948f4d605d)
Start importing Assets/Packages/JMO Assets/Cartoon FX Remaster/CFXR Assets/Graphics/cfxr fire small anim hdr ab.mat using Guid(ae1cda08a7621e649acb7738ffb73620) Importer(2089858483,b0f066a214c2f5e87bad3c948f4d605d) (ScriptedImporter) -> (Import Result ID: '07c98af7a5da670e331e761ca994e545') in 0.0173462 seconds [static and dynamic dependencies]. Details - ImportResultOutputID=48dc3721fa0fda42ccc05542d022513f DependenciesID=d43d7916594deb09e2516b1477c458a2 StaticDependenciesID=555813202c38b9c5feb3b3a6b2e25bf6 
Number of updated asset objects reloaded before import = 0Number of asset objects unloaded after import = 2

========================================================================
Received Import Request.
  Time since last request: 0.000020 seconds.
  path: Assets/Packages/JMO Assets/Cartoon FX Remaster/CFXR Assets/Graphics/cfxr electric small anim 4x2.png
  importAddress: Guid(1d245859d55c51b4c8a708d3d521f0c0) Importer(2089858483,b0f066a214c2f5e87bad3c948f4d605d)
Start importing Assets/Packages/JMO Assets/Cartoon FX Remaster/CFXR Assets/Graphics/cfxr electric small anim 4x2.png using Guid(1d245859d55c51b4c8a708d3d521f0c0) Importer(2089858483,b0f066a214c2f5e87bad3c948f4d605d) (ScriptedImporter) -> (Import Result ID: '2b6f87d93337787a50e449bb07abf65a') in 0.0250378 seconds [static and dynamic dependencies]. Details - ImportResultOutputID=8dd04bd3814157e6374500cf705de5ee DependenciesID=a33812160d007a794197d25b4242bd5a StaticDependenciesID=2cf4ca5089a4567e2ef9864523bd86d9 
Number of updated asset objects reloaded before import = 0Number of asset objects unloaded after import = 1

========================================================================
Received Import Request.
  Time since last request: 0.000023 seconds.
  path: Assets/Packages/Pixel Adventure 1/Assets/Background/Yellow.png
  importAddress: Guid(4d8c75a4d7dd2a0489270e1058d82128) Importer(2089858483,b0f066a214c2f5e87bad3c948f4d605d)
Start importing Assets/Packages/Pixel Adventure 1/Assets/Background/Yellow.png using Guid(4d8c75a4d7dd2a0489270e1058d82128) Importer(2089858483,b0f066a214c2f5e87bad3c948f4d605d) (ScriptedImporter) -> (Import Result ID: '6deae5c58c07b7b50da022e6cb0e5f9b') in 0.0226395 seconds [static and dynamic dependencies]. Details - ImportResultOutputID=966caeb82c02508b453b63ca91bfd6bc DependenciesID=ca1c8929ff33ce00dcb38e0aeb519e29 StaticDependenciesID=fe9b7925d429e19d5a47b4b11f8f6217 
Number of updated asset objects reloaded before import = 0Number of asset objects unloaded after import = 3

========================================================================
Received Import Request.
  Time since last request: 0.000029 seconds.
  path: Assets/Packages/JMO Assets/Cartoon FX Remaster/CFXR Assets/Graphics/cfxr flamme candle hdr ab.mat
  importAddress: Guid(94ef692e9d05cb748aa09d827d566c78) Importer(2089858483,b0f066a214c2f5e87bad3c948f4d605d)
Start importing Assets/Packages/JMO Assets/Cartoon FX Remaster/CFXR Assets/Graphics/cfxr flamme candle hdr ab.mat using Guid(94ef692e9d05cb748aa09d827d566c78) Importer(2089858483,b0f066a214c2f5e87bad3c948f4d605d) (ScriptedImporter) -> (Import Result ID: '51eaa88e37947b3f181bc32220c4346c') in 0.0165402 seconds [static and dynamic dependencies]. Details - ImportResultOutputID=d28eb71c2f1678a32889c033ac5a4d77 DependenciesID=b1f391f585f916b1e7c5d4eb0d47e4bb StaticDependenciesID=bf094f7a6398233ec5275d47dfa03a07 
Number of updated asset objects reloaded before import = 0Number of asset objects unloaded after import = 3

========================================================================
Received Import Request.
  Time since last request: 0.000026 seconds.
  path: Assets/Packages/JMO Assets/Cartoon FX Remaster/CFXR Assets/Graphics/cfxr flamme blur.png
  importAddress: Guid(f5ec3d9d039e8204d8b72ffc3ba810a6) Importer(2089858483,b0f066a214c2f5e87bad3c948f4d605d)
Start importing Assets/Packages/JMO Assets/Cartoon FX Remaster/CFXR Assets/Graphics/cfxr flamme blur.png using Guid(f5ec3d9d039e8204d8b72ffc3ba810a6) Importer(2089858483,b0f066a214c2f5e87bad3c948f4d605d) (ScriptedImporter) -> (Import Result ID: '27daa2ad07d801469742bac79ee781a5') in 0.0225251 seconds [static and dynamic dependencies]. Details - ImportResultOutputID=dd977e3fb94fa86c8827ece98db429f8 DependenciesID=540146d19aae49daaf58909d065e2d7b StaticDependenciesID=820fa8030c8cac7a087d5e933f2d4f10 
Number of updated asset objects reloaded before import = 0Number of asset objects unloaded after import = 1

========================================================================
Received Import Request.
  Time since last request: 0.000022 seconds.
  path: Assets/Packages/JMO Assets/Cartoon FX Remaster/CFXR Assets/Graphics/cfxr debris wood 3x3.png
  importAddress: Guid(87ce40d5900abcf4e8019548afbdffe8) Importer(2089858483,b0f066a214c2f5e87bad3c948f4d605d)
Start importing Assets/Packages/JMO Assets/Cartoon FX Remaster/CFXR Assets/Graphics/cfxr debris wood 3x3.png using Guid(87ce40d5900abcf4e8019548afbdffe8) Importer(2089858483,b0f066a214c2f5e87bad3c948f4d605d) (ScriptedImporter) -> (Import Result ID: 'cce19bbd307a92fdd0a4d4578bca8c68') in 0.0223619 seconds [static and dynamic dependencies]. Details - ImportResultOutputID=1873b832d9484808ea6724b3107a9359 DependenciesID=48616502d3457a0f44a1a6c72a69bea5 StaticDependenciesID=34c8b70c9ecbc82dc43ff8aa159e611d 
Number of updated asset objects reloaded before import = 0Number of asset objects unloaded after import = 1

========================================================================
Received Import Request.
  Time since last request: 0.000030 seconds.
  path: Assets/Packages/Pixel Adventure 1/Assets/Background/Pink.png
  importAddress: Guid(348c3b734b11d3b4aa5c69e25b7113e6) Importer(2089858483,b0f066a214c2f5e87bad3c948f4d605d)
Start importing Assets/Packages/Pixel Adventure 1/Assets/Background/Pink.png using Guid(348c3b734b11d3b4aa5c69e25b7113e6) Importer(2089858483,b0f066a214c2f5e87bad3c948f4d605d) (ScriptedImporter) -> (Import Result ID: 'ae610c6be16426ab99cd97661e75ef18') in 0.0228309 seconds [static and dynamic dependencies]. Details - ImportResultOutputID=a9b0c8878002f2c67616697d0c199859 DependenciesID=3bcd0ff66a845543768a54f90fdc82ef StaticDependenciesID=2e59bc922d18655fb819535921db92ca 
Number of updated asset objects reloaded before import = 0Number of asset objects unloaded after import = 3

========================================================================
Received Import Request.
  Time since last request: 0.000017 seconds.
  path: Assets/Prefabs/Player/PlayerModel.prefab
  importAddress: Guid(dea310e7621697c4cac53e9fa8e41066) Importer(2089858483,b0f066a214c2f5e87bad3c948f4d605d)
Start importing Assets/Prefabs/Player/PlayerModel.prefab using Guid(dea310e7621697c4cac53e9fa8e41066) Importer(2089858483,b0f066a214c2f5e87bad3c948f4d605d) (ScriptedImporter) -> (Import Result ID: 'd48e8781e53b509bcc97ac6142b866e0') in 0.0231655 seconds [static and dynamic dependencies]. Details - ImportResultOutputID=cdaa3d2ccdb5a56c30e36ca52334e2ec DependenciesID=f81db3c0e5230ab7d92ae8bee4e358e8 StaticDependenciesID=ec0ff09bcd4c5bd7566a7de2550c416e 
Number of updated asset objects reloaded before import = 0Number of asset objects unloaded after import = 222

========================================================================
Received Import Request.
  Time since last request: 0.000020 seconds.
  path: Assets/Packages/JMO Assets/Cartoon FX Remaster/CFXR Assets/Graphics/cfxr flamme crisp stable hdr ab.mat
  importAddress: Guid(f62768e2cc4a1ca479d7e62fb0dade76) Importer(2089858483,b0f066a214c2f5e87bad3c948f4d605d)
Start importing Assets/Packages/JMO Assets/Cartoon FX Remaster/CFXR Assets/Graphics/cfxr flamme crisp stable hdr ab.mat using Guid(f62768e2cc4a1ca479d7e62fb0dade76) Importer(2089858483,b0f066a214c2f5e87bad3c948f4d605d) (ScriptedImporter) -> (Import Result ID: 'dd01151badf911325bf41ca01b580342') in 0.0168431 seconds [static and dynamic dependencies]. Details - ImportResultOutputID=9fc79424dc2a0495bd8b94570c8083e2 DependenciesID=c370d2715118479a36c2dc7a40f08b23 StaticDependenciesID=8503216fa487e0d27dac8ca5f9cf383f 
Number of updated asset objects reloaded before import = 0Number of asset objects unloaded after import = 3

========================================================================
Received Import Request.
  Time since last request: 0.000023 seconds.
  path: Assets/Packages/JMO Assets/Cartoon FX Remaster/CFXR Assets/Graphics/cfxr flamme crisp mid fine hdr ab.mat
  importAddress: Guid(d8a21f1c09eaf4d40a9e977784629cfa) Importer(2089858483,b0f066a214c2f5e87bad3c948f4d605d)
Start importing Assets/Packages/JMO Assets/Cartoon FX Remaster/CFXR Assets/Graphics/cfxr flamme crisp mid fine hdr ab.mat using Guid(d8a21f1c09eaf4d40a9e977784629cfa) Importer(2089858483,b0f066a214c2f5e87bad3c948f4d605d) (ScriptedImporter) -> (Import Result ID: 'bbe70b81fe3d364227904deb6c397fa3') in 0.0161763 seconds [static and dynamic dependencies]. Details - ImportResultOutputID=aa174ead1fc319542755017939a9928d DependenciesID=fd12d6a576c552fbe3627ff79da7ff90 StaticDependenciesID=0b697f32ec766fd1242432d8908ddfe4 
Number of updated asset objects reloaded before import = 0Number of asset objects unloaded after import = 3

========================================================================
Received Import Request.
  Time since last request: 0.000031 seconds.
  path: Assets/Packages/Pixel Adventure 1/Assets/Mask Dude/Double Jump (32x32).png
  importAddress: Guid(241f742f0911c3a428eea6612ae23b77) Importer(2089858483,b0f066a214c2f5e87bad3c948f4d605d)
Start importing Assets/Packages/Pixel Adventure 1/Assets/Mask Dude/Double Jump (32x32).png using Guid(241f742f0911c3a428eea6612ae23b77) Importer(2089858483,b0f066a214c2f5e87bad3c948f4d605d) (ScriptedImporter) -> (Import Result ID: 'c1f0d6fb0b7c7576109519c8edc2610f') in 0.0365072 seconds [static and dynamic dependencies]. Details - ImportResultOutputID=e146fb1453dac584570ad89f2042e4d7 DependenciesID=bbe0c2d43b3f7ea52a738c3ce0ee3c8f StaticDependenciesID=764be6b5760e45f56d3ed2d015374229 
Number of updated asset objects reloaded before import = 0Number of asset objects unloaded after import = 8

========================================================================
Received Import Request.
  Time since last request: 0.000022 seconds.
  path: Assets/Scripts/Character/Player/PlayerInput.cs
  importAddress: Guid(948f827ea06cae04a830fe622cc75092) Importer(2089858483,b0f066a214c2f5e87bad3c948f4d605d)
Start importing Assets/Scripts/Character/Player/PlayerInput.cs using Guid(948f827ea06cae04a830fe622cc75092) Importer(2089858483,b0f066a214c2f5e87bad3c948f4d605d) (ScriptedImporter) -> (Import Result ID: '7b75044d28e5d66c3f8c2b805d225a47') in 0.0142353 seconds [static and dynamic dependencies]. Details - ImportResultOutputID=c5f1849f26926d3d1170cb132a77727c DependenciesID=e340feb0d7213de1c0ef6a0bce261e64 StaticDependenciesID=b8a7222ae3a40f05d63eae9be0751a74 
Number of updated asset objects reloaded before import = 0Number of asset objects unloaded after import = 0

========================================================================
Received Import Request.
  Time since last request: 0.000020 seconds.
  path: Assets/InputSystem.inputsettings.asset
  importAddress: Guid(3d5d8f8b3107b9c4394f918d0aef5cda) Importer(2089858483,b0f066a214c2f5e87bad3c948f4d605d)
Start importing Assets/InputSystem.inputsettings.asset using Guid(3d5d8f8b3107b9c4394f918d0aef5cda) Importer(2089858483,b0f066a214c2f5e87bad3c948f4d605d) (ScriptedImporter) -> (Import Result ID: '85bfa972c9a40eb172de97932b4637f2') in 0.0190054 seconds [static and dynamic dependencies]. Details - ImportResultOutputID=1d52f8fde30f4d5ce3eae344ee3d3631 DependenciesID=a73fe0efd6c0521b4b6837738ad9d474 StaticDependenciesID=dbfbf4648d24754cc58789eb83500ce1 
Number of updated asset objects reloaded before import = 0Number of asset objects unloaded after import = 1

========================================================================
Received Import Request.
  Time since last request: 0.000020 seconds.
  path: Assets/Packages/JMO Assets/Cartoon FX Remaster/CFXR Assets/Graphics/cfxr debris flat unlit 3x3.png
  importAddress: Guid(f0fc63002361baf4a903d44ab024b19b) Importer(2089858483,b0f066a214c2f5e87bad3c948f4d605d)
Start importing Assets/Packages/JMO Assets/Cartoon FX Remaster/CFXR Assets/Graphics/cfxr debris flat unlit 3x3.png using Guid(f0fc63002361baf4a903d44ab024b19b) Importer(2089858483,b0f066a214c2f5e87bad3c948f4d605d) (ScriptedImporter) -> (Import Result ID: '5ec960494e3f9aff294d2aefe10c550d') in 0.0250349 seconds [static and dynamic dependencies]. Details - ImportResultOutputID=78b0a95656b0a1339f07c92e8b643f57 DependenciesID=bc91e6ea27e65573b0a41679920646c5 StaticDependenciesID=9a24416ad3091d9928748ff0edf42fb0 
Number of updated asset objects reloaded before import = 0Number of asset objects unloaded after import = 1

========================================================================
Received Import Request.
  Time since last request: 0.000030 seconds.
  path: Assets/Packages/JMO Assets/Cartoon FX Remaster/CFXR Assets/Graphics/cfxr flamme full blurred.png
  importAddress: Guid(2d890239defb33943a2d8b9ca0c3d474) Importer(2089858483,b0f066a214c2f5e87bad3c948f4d605d)
Start importing Assets/Packages/JMO Assets/Cartoon FX Remaster/CFXR Assets/Graphics/cfxr flamme full blurred.png using Guid(2d890239defb33943a2d8b9ca0c3d474) Importer(2089858483,b0f066a214c2f5e87bad3c948f4d605d) (ScriptedImporter) -> (Import Result ID: 'c483d2b5cd5fa76e150d0ee901d969c8') in 0.0222312 seconds [static and dynamic dependencies]. Details - ImportResultOutputID=be797d8f71a16d41376b058fe99b0e8a DependenciesID=d8eed6605042b7fe849a94049568acbb StaticDependenciesID=0ac98d1b11dd1566512b3ed0e737fdfe 
Number of updated asset objects reloaded before import = 0Number of asset objects unloaded after import = 1

========================================================================
Received Import Request.
  Time since last request: 0.000040 seconds.
  path: Assets/Packages/JMO Assets/Cartoon FX Remaster/CFXR Assets/Graphics/cfxr flamme plain mid fine hdr ab.mat
  importAddress: Guid(e00e5f048f949bc4dac1b85325a691bf) Importer(2089858483,b0f066a214c2f5e87bad3c948f4d605d)
Start importing Assets/Packages/JMO Assets/Cartoon FX Remaster/CFXR Assets/Graphics/cfxr flamme plain mid fine hdr ab.mat using Guid(e00e5f048f949bc4dac1b85325a691bf) Importer(2089858483,b0f066a214c2f5e87bad3c948f4d605d) (ScriptedImporter) -> (Import Result ID: 'b457f93a2dacc1ad443c705fe50c9ca4') in 0.0170185 seconds [static and dynamic dependencies]. Details - ImportResultOutputID=bba5e1d2fa9fc6291489ee2456f23190 DependenciesID=d95ddb52540e9a4f8584c6c4e139812d StaticDependenciesID=eeb965f8cfcf0da4eaa0e76ecff9e0f0 
Number of updated asset objects reloaded before import = 0Number of asset objects unloaded after import = 3

========================================================================
Received Import Request.
  Time since last request: 0.000018 seconds.
  path: Assets/Settings/UniversalRP.asset
  importAddress: Guid(681886c5eb7344803b6206f758bf0b1c) Importer(2089858483,b0f066a214c2f5e87bad3c948f4d605d)
Start importing Assets/Settings/UniversalRP.asset using Guid(681886c5eb7344803b6206f758bf0b1c) Importer(2089858483,b0f066a214c2f5e87bad3c948f4d605d) (ScriptedImporter) -> (Import Result ID: '0d3d52676ce4077cab788c38d8a4ec24') in 0.0770784 seconds [static and dynamic dependencies]. Details - ImportResultOutputID=7e2d64fe173e4769666b944532cb0ab0 DependenciesID=8b95f3b62f880c1c82111866e31700c2 StaticDependenciesID=7d8712feb487f991a72303c75454e4d3 
Number of updated asset objects reloaded before import = 0Number of asset objects unloaded after import = 1

========================================================================
Received Import Request.
  Time since last request: 0.000020 seconds.
  path: Assets/Packages/JMO Assets/Cartoon FX Remaster/CFXR Assets/Graphics/cfxr fire circle drawn blurred hdr ab.mat
  importAddress: Guid(a8134160c9be0aa42ad349f9232c6073) Importer(2089858483,b0f066a214c2f5e87bad3c948f4d605d)
Start importing Assets/Packages/JMO Assets/Cartoon FX Remaster/CFXR Assets/Graphics/cfxr fire circle drawn blurred hdr ab.mat using Guid(a8134160c9be0aa42ad349f9232c6073) Importer(2089858483,b0f066a214c2f5e87bad3c948f4d605d) (ScriptedImporter) -> (Import Result ID: '189a9b20b90152e5e1f3977de5e9fd5c') in 0.0312841 seconds [static and dynamic dependencies]. Details - ImportResultOutputID=0389ed193efbbe99d5939849dc81c576 DependenciesID=1e0701278894a12e0765a5ddcb903f2b StaticDependenciesID=2c336683afbd9c29efaa6563dcee7f1e 
Number of updated asset objects reloaded before import = 0Number of asset objects unloaded after import = 2

========================================================================
Received Import Request.
  Time since last request: 0.000028 seconds.
  path: Assets/Scripts/Character/Damage.cs
  importAddress: Guid(72c0823e309e05c42aa65a19c640da81) Importer(2089858483,b0f066a214c2f5e87bad3c948f4d605d)
Start importing Assets/Scripts/Character/Damage.cs using Guid(72c0823e309e05c42aa65a19c640da81) Importer(2089858483,b0f066a214c2f5e87bad3c948f4d605d) (ScriptedImporter) -> (Import Result ID: '94aec97e55a571a78075c18899cfb41d') in 0.012271 seconds [static and dynamic dependencies]. Details - ImportResultOutputID=0cc777ed94fe99674247ed0580fe9135 DependenciesID=b7657e2788f6793fc8c228c77f2e0dab StaticDependenciesID=a0230fab77dc694dabbe25b87d93b1c8 
Number of updated asset objects reloaded before import = 0Number of asset objects unloaded after import = 0

========================================================================
Received Import Request.
  Time since last request: 0.000017 seconds.
  path: Assets/Scenes/Scene_PlayerTest.unity
  importAddress: Guid(d1b92775be15e1944a670d301beb74ac) Importer(2089858483,b0f066a214c2f5e87bad3c948f4d605d)
Start importing Assets/Scenes/Scene_PlayerTest.unity using Guid(d1b92775be15e1944a670d301beb74ac) Importer(2089858483,b0f066a214c2f5e87bad3c948f4d605d) (ScriptedImporter) -> (Import Result ID: '307a431a842d5ee9801340f2a675a030') in 0.0134854 seconds [static and dynamic dependencies]. Details - ImportResultOutputID=dbaf66a19a472013738f243a5eaa0824 DependenciesID=d8e8651290bc1f93e2e8be92fb06e203 StaticDependenciesID=96c8ffa6e4aedfa6d26d009894bb7910 
Number of updated asset objects reloaded before import = 0Number of asset objects unloaded after import = 1

========================================================================
Received Import Request.
  Time since last request: 0.000017 seconds.
  path: Assets/Packages/JMO Assets/Cartoon FX Remaster/CFXR Assets/Graphics/cfxr flamme plain.png
  importAddress: Guid(988b86849df536746b9659b7af57cb9d) Importer(2089858483,b0f066a214c2f5e87bad3c948f4d605d)
Start importing Assets/Packages/JMO Assets/Cartoon FX Remaster/CFXR Assets/Graphics/cfxr flamme plain.png using Guid(988b86849df536746b9659b7af57cb9d) Importer(2089858483,b0f066a214c2f5e87bad3c948f4d605d) (ScriptedImporter) -> (Import Result ID: '94d75ec68a23ec34bc5def7dc9b61bd9') in 0.0194147 seconds [static and dynamic dependencies]. Details - ImportResultOutputID=e1dd8b675c732d1a9f9d14dc73a16304 DependenciesID=b11dc1a2f99c84cc9fcd45ac0cc4d0f0 StaticDependenciesID=295a1f21b80c1b0f4ac90fba0ebed012 
Number of updated asset objects reloaded before import = 0Number of asset objects unloaded after import = 1

========================================================================
Received Import Request.
  Time since last request: 0.000019 seconds.
  path: Assets/Packages/JMO Assets/Cartoon FX Remaster/CFXR Assets/Graphics/cfxr flamme plain unstable hdr ab.mat
  importAddress: Guid(8b296f62480ad2d438c02cbde3b5767f) Importer(2089858483,b0f066a214c2f5e87bad3c948f4d605d)
Start importing Assets/Packages/JMO Assets/Cartoon FX Remaster/CFXR Assets/Graphics/cfxr flamme plain unstable hdr ab.mat using Guid(8b296f62480ad2d438c02cbde3b5767f) Importer(2089858483,b0f066a214c2f5e87bad3c948f4d605d) (ScriptedImporter) -> (Import Result ID: '6536336e55a985f487b833c1eda08240') in 0.0164943 seconds [static and dynamic dependencies]. Details - ImportResultOutputID=c5bc8c323ef53e15704ee58aab2ac479 DependenciesID=8148bf30879ead1c79f5fe342902fc15 StaticDependenciesID=ed0273e3f82f9883ca88bca68d023400 
Number of updated asset objects reloaded before import = 0Number of asset objects unloaded after import = 3

========================================================================
Received Import Request.
  Time since last request: 0.000029 seconds.
  path: Assets/Packages/JMO Assets/Cartoon FX Remaster/CFXR Assets/Graphics/cfxr electric arc anim x4.png
  importAddress: Guid(0badb2586ed1fe64db1a9fc0e2776e10) Importer(2089858483,b0f066a214c2f5e87bad3c948f4d605d)
Start importing Assets/Packages/JMO Assets/Cartoon FX Remaster/CFXR Assets/Graphics/cfxr electric arc anim x4.png using Guid(0badb2586ed1fe64db1a9fc0e2776e10) Importer(2089858483,b0f066a214c2f5e87bad3c948f4d605d) (ScriptedImporter) -> (Import Result ID: 'c1a19b0cc75130cc266165e67b0f8bc7') in 0.0194555 seconds [static and dynamic dependencies]. Details - ImportResultOutputID=c797184dfd7aebb65e66a7573fde98d5 DependenciesID=83a7debdf96e603b4f0cb077d32cd083 StaticDependenciesID=9047feac0132b2be8eb8c72f6ce01e45 
Number of updated asset objects reloaded before import = 0Number of asset objects unloaded after import = 1

========================================================================
Received Import Request.
  Time since last request: 0.000018 seconds.
  path: Assets/Packages/Pixel Adventure 1/Assets/Mask Dude/Idle (32x32).png
  importAddress: Guid(3750f45c844123341b9a777a96cb1eca) Importer(2089858483,b0f066a214c2f5e87bad3c948f4d605d)
Start importing Assets/Packages/Pixel Adventure 1/Assets/Mask Dude/Idle (32x32).png using Guid(3750f45c844123341b9a777a96cb1eca) Importer(2089858483,b0f066a214c2f5e87bad3c948f4d605d) (ScriptedImporter) -> (Import Result ID: '64d33a20814cb3859239db4ca4fb7bf6') in 0.0401734 seconds [static and dynamic dependencies]. Details - ImportResultOutputID=a2bc9aa2a19c4c4beeeb736f650bc2ea DependenciesID=7a2b4e98e67501b263f7defba8aff3db StaticDependenciesID=f245d0a79a86b9e7ddddc42404942d8d 
Number of updated asset objects reloaded before import = 0Number of asset objects unloaded after import = 13

========================================================================
Received Import Request.
  Time since last request: 0.000020 seconds.
  path: Assets/Packages/JMO Assets/Cartoon FX Remaster/CFXR Assets/Graphics/cfxr debris unlit 3x3 ab.mat
  importAddress: Guid(0ab14112d95c069419bd90ef39fba9b2) Importer(2089858483,b0f066a214c2f5e87bad3c948f4d605d)
Start importing Assets/Packages/JMO Assets/Cartoon FX Remaster/CFXR Assets/Graphics/cfxr debris unlit 3x3 ab.mat using Guid(0ab14112d95c069419bd90ef39fba9b2) Importer(2089858483,b0f066a214c2f5e87bad3c948f4d605d) (ScriptedImporter) -> (Import Result ID: 'fb0f326975184f71b1b511d992549a76') in 0.0205223 seconds [static and dynamic dependencies]. Details - ImportResultOutputID=9734e675f43aafd67031bcc56164bccb DependenciesID=06ff7aae0595764f1d6c7a74553a2a08 StaticDependenciesID=4ce91677d16da315285d36e0025af7de 
Number of updated asset objects reloaded before import = 0Number of asset objects unloaded after import = 2

========================================================================
Received Import Request.
  Time since last request: 0.000021 seconds.
  path: Assets/Prefabs/Player/Player.prefab
  importAddress: Guid(d62f39a458ee45849b167ee7b49d5741) Importer(2089858483,b0f066a214c2f5e87bad3c948f4d605d)
Start importing Assets/Prefabs/Player/Player.prefab using Guid(d62f39a458ee45849b167ee7b49d5741) Importer(2089858483,b0f066a214c2f5e87bad3c948f4d605d) (ScriptedImporter) -> (Import Result ID: 'c347dad719d9dd184cff745dde87fb68') in 0.0587483 seconds [static and dynamic dependencies]. Details - ImportResultOutputID=1bdb66c48ebe8c319330d2e539acc605 DependenciesID=aa94fdccd918bd3b7cb72dfe348bb321 StaticDependenciesID=57d6d666a5f81d98329a23f338293bc8 
Number of updated asset objects reloaded before import = 0Number of asset objects unloaded after import = 215

========================================================================
Received Import Request.
  Time since last request: 0.000038 seconds.
  path: Assets/Packages/JMO Assets/Cartoon FX Remaster/CFXR Assets/Graphics/cfxr flare add.mat
  importAddress: Guid(30c41c686541ab64bb4c79d84567f3ed) Importer(2089858483,b0f066a214c2f5e87bad3c948f4d605d)
Start importing Assets/Packages/JMO Assets/Cartoon FX Remaster/CFXR Assets/Graphics/cfxr flare add.mat using Guid(30c41c686541ab64bb4c79d84567f3ed) Importer(2089858483,b0f066a214c2f5e87bad3c948f4d605d) (ScriptedImporter) -> (Import Result ID: 'adc449eebea39d5a71ff54afee3f89e8') in 0.0297824 seconds [static and dynamic dependencies]. Details - ImportResultOutputID=f64d6096947742e9a1a4b5e8d0377898 DependenciesID=73e987452bc8a17306a3e46d3eb7e891 StaticDependenciesID=886f23579ccdf8e3c38def87fca0c83c 
Number of updated asset objects reloaded before import = 0Number of asset objects unloaded after import = 2

========================================================================
Received Import Request.
  Time since last request: 0.000030 seconds.
  path: Assets/Packages/JMO Assets/Cartoon FX Remaster/CFXR Assets/Graphics/cfxr ghost trail.png
  importAddress: Guid(04e3293bfc8a48745964aeac5aa64a6e) Importer(2089858483,b0f066a214c2f5e87bad3c948f4d605d)
Start importing Assets/Packages/JMO Assets/Cartoon FX Remaster/CFXR Assets/Graphics/cfxr ghost trail.png using Guid(04e3293bfc8a48745964aeac5aa64a6e) Importer(2089858483,b0f066a214c2f5e87bad3c948f4d605d) (ScriptedImporter) -> (Import Result ID: 'bfdba0b5847926f017bd63d5d866087d') in 0.0205052 seconds [static and dynamic dependencies]. Details - ImportResultOutputID=a256dcc9e89564b098dd3a539d716b78 DependenciesID=092bb07d0febe442010caafa0d3d7b34 StaticDependenciesID=50b9ef3690b4359cf0638fde54b1cb4a 
Number of updated asset objects reloaded before import = 0Number of asset objects unloaded after import = 1

========================================================================
Received Import Request.
  Time since last request: 0.000017 seconds.
  path: Assets/Scripts/Character/Attack.cs
  importAddress: Guid(969f603f5c5ba6645a8aa0a2b13cfd3b) Importer(2089858483,b0f066a214c2f5e87bad3c948f4d605d)
Start importing Assets/Scripts/Character/Attack.cs using Guid(969f603f5c5ba6645a8aa0a2b13cfd3b) Importer(2089858483,b0f066a214c2f5e87bad3c948f4d605d) (ScriptedImporter) -> (Import Result ID: 'b291b91ddbcba4adb0ef552e3e2fbb7b') in 0.0121144 seconds [static and dynamic dependencies]. Details - ImportResultOutputID=98ac6ead9d917d48b901f5661a32279d DependenciesID=19811d5e38ce4e7202eb75c87c8a4846 StaticDependenciesID=288bebe46b5fa2f0e30e7cf74af6c177 
Number of updated asset objects reloaded before import = 0Number of asset objects unloaded after import = 0

========================================================================
Received Import Request.
  Time since last request: 0.000025 seconds.
  path: Assets/Packages/Pixel Adventure 1/Assets/Other/Transition.png
  importAddress: Guid(af34cad9a50a94c42b0907fd58d6f99c) Importer(2089858483,b0f066a214c2f5e87bad3c948f4d605d)
Start importing Assets/Packages/Pixel Adventure 1/Assets/Other/Transition.png using Guid(af34cad9a50a94c42b0907fd58d6f99c) Importer(2089858483,b0f066a214c2f5e87bad3c948f4d605d) (ScriptedImporter) -> (Import Result ID: 'f031c05098d22a867f2c2481688bb11a') in 0.0225048 seconds [static and dynamic dependencies]. Details - ImportResultOutputID=4bb6cacc1f38ce00a5c753dd426305ba DependenciesID=b7a5c267ed89eef42bde66ba3a3495a3 StaticDependenciesID=f2ac1bc39fbaf8aae8f569eca60d8ddc 
Number of updated asset objects reloaded before import = 0Number of asset objects unloaded after import = 3

========================================================================
Received Import Request.
  Time since last request: 0.000030 seconds.
  path: Assets/Packages/JMO Assets/Cartoon FX Remaster/CFXR Assets/Graphics/cfxr fire circle crisp.png
  importAddress: Guid(0c1a09a40334bc843813eff765b8c5a8) Importer(2089858483,b0f066a214c2f5e87bad3c948f4d605d)
Start importing Assets/Packages/JMO Assets/Cartoon FX Remaster/CFXR Assets/Graphics/cfxr fire circle crisp.png using Guid(0c1a09a40334bc843813eff765b8c5a8) Importer(2089858483,b0f066a214c2f5e87bad3c948f4d605d) (ScriptedImporter) -> (Import Result ID: 'c2207f54cda9da9569a91fc5177c1453') in 0.0212891 seconds [static and dynamic dependencies]. Details - ImportResultOutputID=66f0a405143f21e178ee27f7386aff18 DependenciesID=195894d1bde20b395c2b784594b9e152 StaticDependenciesID=ec501ad39270da0733846862b0091bf9 
Number of updated asset objects reloaded before import = 0Number of asset objects unloaded after import = 1

========================================================================
Received Import Request.
  Time since last request: 0.000021 seconds.
  path: Assets/Packages/Pixel Adventure 1/Assets/Terrain/Terrain (16x16) 1.png
  importAddress: Guid(413986c4a668c374d8de72a47621b531) Importer(2089858483,b0f066a214c2f5e87bad3c948f4d605d)
Start importing Assets/Packages/Pixel Adventure 1/Assets/Terrain/Terrain (16x16) 1.png using Guid(413986c4a668c374d8de72a47621b531) Importer(2089858483,b0f066a214c2f5e87bad3c948f4d605d) (ScriptedImporter) -> (Import Result ID: '3b14b87223201f6371c94449570bad40') in 0.0237877 seconds [static and dynamic dependencies]. Details - ImportResultOutputID=cae5a6f5bcb7ac8cdd691c7e3905bfff DependenciesID=549211f3b1c194c7de5750c8c7620a28 StaticDependenciesID=42fa32f207c5800fc389846b6f4833d4 
Number of updated asset objects reloaded before import = 0Number of asset objects unloaded after import = 3

========================================================================
Received Prepare
Assembly reference Packages/com.unity.cinemachine/Editor/Samples/ExposeHDRPInternals/HDRP-Editor-ref.asmref has no target assembly definition
Assembly reference Packages/com.unity.cinemachine/Editor/Samples/ExposeHDRPInternals/HDRP-Editor-ref.asmref has no target assembly definition
Begin MonoManager ReloadAssembly
Assembly Assembly-CSharp-Editor-firstpass.dll at Library/ScriptAssemblies/Assembly-CSharp-Editor-firstpass.dll not valid. Loading of assembly skipped.
Assembly Assembly-CSharp-Editor.dll at Library/ScriptAssemblies/Assembly-CSharp-Editor.dll not valid. Loading of assembly skipped.
Assembly Assembly-CSharp-firstpass.dll at Library/ScriptAssemblies/Assembly-CSharp-firstpass.dll not valid. Loading of assembly skipped.
Assembly DocCodeExamples.dll at Library/ScriptAssemblies/DocCodeExamples.dll not valid. Loading of assembly skipped.
Assembly TestNewCustomAssembly.dll at Library/ScriptAssemblies/TestNewCustomAssembly.dll not valid. Loading of assembly skipped.
Assembly Unity.2D.Animation.EditorTests.dll at Library/ScriptAssemblies/Unity.2D.Animation.EditorTests.dll not valid. Loading of assembly skipped.
Assembly Unity.2D.Aseprite.EditorTests.dll at Library/ScriptAssemblies/Unity.2D.Aseprite.EditorTests.dll not valid. Loading of assembly skipped.
Assembly Unity.2D.Common.EditorTests.dll at Library/ScriptAssemblies/Unity.2D.Common.EditorTests.dll not valid. Loading of assembly skipped.
Assembly Unity.2D.Psdimporter.EditorTests.dll at Library/ScriptAssemblies/Unity.2D.Psdimporter.EditorTests.dll not valid. Loading of assembly skipped.
Assembly Unity.2D.Sprite.Package.EditorTests.dll at Library/ScriptAssemblies/Unity.2D.Sprite.Package.EditorTests.dll not valid. Loading of assembly skipped.
Assembly Unity.2D.SpriteShape.EditorTests.dll at Library/ScriptAssemblies/Unity.2D.SpriteShape.EditorTests.dll not valid. Loading of assembly skipped.
Assembly Unity.2D.Tilemap.Package.EditorTests.dll at Library/ScriptAssemblies/Unity.2D.Tilemap.Package.EditorTests.dll not valid. Loading of assembly skipped.
Assembly Unity.Collections.BurstCompatibilityGen.dll at Library/ScriptAssemblies/Unity.Collections.BurstCompatibilityGen.dll not valid. Loading of assembly skipped.
Assembly Unity.Collections.DocCodeSamples.dll at Library/ScriptAssemblies/Unity.Collections.DocCodeSamples.dll not valid. Loading of assembly skipped.
Assembly Unity.Collections.PerformanceTests.dll at Library/ScriptAssemblies/Unity.Collections.PerformanceTests.dll not valid. Loading of assembly skipped.
Assembly Unity.Collections.Tests.dll at Library/ScriptAssemblies/Unity.Collections.Tests.dll not valid. Loading of assembly skipped.
Assembly Unity.Collections.Tests.Playmode.dll at Library/ScriptAssemblies/Unity.Collections.Tests.Playmode.dll not valid. Loading of assembly skipped.
Assembly Unity.InputSystem.IntegrationTests.dll at Library/ScriptAssemblies/Unity.InputSystem.IntegrationTests.dll not valid. Loading of assembly skipped.
Assembly Unity.Mathematics.Tests.dll at Library/ScriptAssemblies/Unity.Mathematics.Tests.dll not valid. Loading of assembly skipped.
Assembly Unity.Multiplayer.Center.Editor.Tests.dll at Library/ScriptAssemblies/Unity.Multiplayer.Center.Editor.Tests.dll not valid. Loading of assembly skipped.
Assembly Unity.Multiplayer.Center.Tests.dll at Library/ScriptAssemblies/Unity.Multiplayer.Center.Tests.dll not valid. Loading of assembly skipped.
Assembly Unity.Nuget.Mono-Cecil.dll at Library/ScriptAssemblies/Unity.Nuget.Mono-Cecil.dll not valid. Loading of assembly skipped.
Assembly Unity.PathTracing.Editor.Tests.dll at Library/ScriptAssemblies/Unity.PathTracing.Editor.Tests.dll not valid. Loading of assembly skipped.
Assembly Unity.PathTracing.Runtime.Tests.dll at Library/ScriptAssemblies/Unity.PathTracing.Runtime.Tests.dll not valid. Loading of assembly skipped.
Assembly Unity.RenderPipelines.Core.Editor.Tests.dll at Library/ScriptAssemblies/Unity.RenderPipelines.Core.Editor.Tests.dll not valid. Loading of assembly skipped.
Assembly Unity.RenderPipelines.Core.Runtime.Tests.dll at Library/ScriptAssemblies/Unity.RenderPipelines.Core.Runtime.Tests.dll not valid. Loading of assembly skipped.
Assembly Unity.RenderPipelines.Universal.Config.Editor.Tests.dll at Library/ScriptAssemblies/Unity.RenderPipelines.Universal.Config.Editor.Tests.dll not valid. Loading of assembly skipped.
Assembly Unity.RenderPipelines.Universal.Editor.Tests.dll at Library/ScriptAssemblies/Unity.RenderPipelines.Universal.Editor.Tests.dll not valid. Loading of assembly skipped.
Assembly Unity.RenderPipelines.Universal.Runtime.Tests.dll at Library/ScriptAssemblies/Unity.RenderPipelines.Universal.Runtime.Tests.dll not valid. Loading of assembly skipped.
Assembly Unity.Searcher.EditorTests.dll at Library/ScriptAssemblies/Unity.Searcher.EditorTests.dll not valid. Loading of assembly skipped.
Assembly Unity.Settings.Tests.dll at Library/ScriptAssemblies/Unity.Settings.Tests.dll not valid. Loading of assembly skipped.
Assembly Unity.ShaderGraph.Editor.Tests.dll at Library/ScriptAssemblies/Unity.ShaderGraph.Editor.Tests.dll not valid. Loading of assembly skipped.
Assembly Unity.TextMeshPro.Editor.Tests.dll at Library/ScriptAssemblies/Unity.TextMeshPro.Editor.Tests.dll not valid. Loading of assembly skipped.
Assembly Unity.TextMeshPro.Tests.dll at Library/ScriptAssemblies/Unity.TextMeshPro.Tests.dll not valid. Loading of assembly skipped.
Assembly Unity.UnifiedRayTracing.Editor.Tests.dll at Library/ScriptAssemblies/Unity.UnifiedRayTracing.Editor.Tests.dll not valid. Loading of assembly skipped.
Assembly UnityEditor.UI.Common.Tests.dll at Library/ScriptAssemblies/UnityEditor.UI.Common.Tests.dll not valid. Loading of assembly skipped.
Assembly UnityEditor.UI.EditorTests.dll at Library/ScriptAssemblies/UnityEditor.UI.EditorTests.dll not valid. Loading of assembly skipped.
Assembly UnityEngine.UI.Tests.dll at Library/ScriptAssemblies/UnityEngine.UI.Tests.dll not valid. Loading of assembly skipped.
Assembly reference Packages/com.unity.cinemachine/Editor/Samples/ExposeHDRPInternals/HDRP-Editor-ref.asmref has no target assembly definition
'Packages/com.unity.cinemachine/Editor/Obsolete/CinemachineVirtualCameraBaseEditor.cs' contains partial class of Unity.Object, exactly 1 of the partial classes needs to be in a file with the same filename. This is to know the one that can be referenced from ie. GameObjects
'Packages/com.unity.cinemachine/Editor/Editors/CinemachineVirtualCameraBaseEditor.cs' contains partial class of Unity.Object, exactly 1 of the partial classes needs to be in a file with the same filename. This is to know the one that can be referenced from ie. GameObjects
Refreshing native plugins compatible for Editor in 4.60 ms, found 5 plugins.
Native extension for WindowsStandalone target not found
Native extension for WebGL target not found
Assembly reference Packages/com.unity.cinemachine/Editor/Samples/ExposeHDRPInternals/HDRP-Editor-ref.asmref has no target assembly definition
[Package Manager] Failed to launch server process. Reason: Unity was launched with the -noUpm command-line argument
[Package Manager] Unable to send message (not connected to server process).
[Package Manager] Cannot connect to Unity Package Manager local server
[Package Manager] Failed to launch server process. Reason: Unity was launched with the -noUpm command-line argument
[Package Manager] Unable to send message (not connected to server process).
[Package Manager] Cannot connect to Unity Package Manager local server
[Package Manager] Failed to launch server process. Reason: Unity was launched with the -noUpm command-line argument
[Package Manager] Unable to send message (not connected to server process).
[Package Manager] Cannot connect to Unity Package Manager local server
ScheduleIndexationOnStartup MainProcess:False IndexOnStartup:True
Mono: successfully reloaded assembly
- Finished resetting the current domain, in  1.600 seconds
Domain Reload Profiling: 2831ms
	BeginReloadAssembly (305ms)
		DisableScriptedObjects (18ms)
		CreateAndSetChildDomain (80ms)
	RebuildCommonClasses (51ms)
	RebuildNativeTypeToScriptingClass (18ms)
	initialDomainReloadingComplete (89ms)
	LoadAllAssembliesAndSetupDomain (767ms)
		LoadAssemblies (575ms)
		AnalyzeDomain (317ms)
			TypeCache.Refresh (12ms)
			BuildScriptInfoCaches (285ms)
			ResolveRequiredComponents (18ms)
	FinalizeReload (1601ms)
		SetupLoadedEditorAssemblies (0ms)
			InitializePlatformSupportModulesInManaged (4ms)
			BeforeProcessingInitializeOnLoad (384ms)
			ProcessInitializeOnLoadAttributes (774ms)
			ProcessInitializeOnLoadMethodAttributes (138ms)
			AfterProcessingInitializeOnLoad (10ms)
		AwakeInstancesAfterBackupRestoration (25ms)
Refreshing native plugins compatible for Editor in 3.71 ms, found 5 plugins.
Unloading 25 Unused Serialized files (Serialized files now loaded: 0)
Unloading 7636 unused Assets / (6.6 MB). Loaded Objects now: 8474.
Memory consumption went from 164.4 MB to 157.8 MB.
Total: 15.048000 ms (FindLiveObjects: 1.273100 ms CreateObjectMapping: 2.491300 ms MarkObjects: 7.421600 ms  DeleteObjects: 3.860500 ms)

Prepare: number of updated asset objects reloaded= 0
========================================================================
Received Prepare
Assembly reference Packages/com.unity.cinemachine/Editor/Samples/ExposeHDRPInternals/HDRP-Editor-ref.asmref has no target assembly definition
Assembly reference Packages/com.unity.cinemachine/Editor/Samples/ExposeHDRPInternals/HDRP-Editor-ref.asmref has no target assembly definition
Begin MonoManager ReloadAssembly
[Licensing::Client] Successfully resolved entitlement details
Assembly Assembly-CSharp-Editor-firstpass.dll at Library/ScriptAssemblies/Assembly-CSharp-Editor-firstpass.dll not valid. Loading of assembly skipped.
Assembly Assembly-CSharp-Editor.dll at Library/ScriptAssemblies/Assembly-CSharp-Editor.dll not valid. Loading of assembly skipped.
Assembly Assembly-CSharp-firstpass.dll at Library/ScriptAssemblies/Assembly-CSharp-firstpass.dll not valid. Loading of assembly skipped.
Assembly DocCodeExamples.dll at Library/ScriptAssemblies/DocCodeExamples.dll not valid. Loading of assembly skipped.
Assembly TestNewCustomAssembly.dll at Library/ScriptAssemblies/TestNewCustomAssembly.dll not valid. Loading of assembly skipped.
Assembly Unity.2D.Animation.EditorTests.dll at Library/ScriptAssemblies/Unity.2D.Animation.EditorTests.dll not valid. Loading of assembly skipped.
Assembly Unity.2D.Aseprite.EditorTests.dll at Library/ScriptAssemblies/Unity.2D.Aseprite.EditorTests.dll not valid. Loading of assembly skipped.
Assembly Unity.2D.Common.EditorTests.dll at Library/ScriptAssemblies/Unity.2D.Common.EditorTests.dll not valid. Loading of assembly skipped.
Assembly Unity.2D.Psdimporter.EditorTests.dll at Library/ScriptAssemblies/Unity.2D.Psdimporter.EditorTests.dll not valid. Loading of assembly skipped.
Assembly Unity.2D.Sprite.Package.EditorTests.dll at Library/ScriptAssemblies/Unity.2D.Sprite.Package.EditorTests.dll not valid. Loading of assembly skipped.
Assembly Unity.2D.SpriteShape.EditorTests.dll at Library/ScriptAssemblies/Unity.2D.SpriteShape.EditorTests.dll not valid. Loading of assembly skipped.
Assembly Unity.2D.Tilemap.Package.EditorTests.dll at Library/ScriptAssemblies/Unity.2D.Tilemap.Package.EditorTests.dll not valid. Loading of assembly skipped.
Assembly Unity.Collections.BurstCompatibilityGen.dll at Library/ScriptAssemblies/Unity.Collections.BurstCompatibilityGen.dll not valid. Loading of assembly skipped.
Assembly Unity.Collections.DocCodeSamples.dll at Library/ScriptAssemblies/Unity.Collections.DocCodeSamples.dll not valid. Loading of assembly skipped.
Assembly Unity.Collections.PerformanceTests.dll at Library/ScriptAssemblies/Unity.Collections.PerformanceTests.dll not valid. Loading of assembly skipped.
Assembly Unity.Collections.Tests.dll at Library/ScriptAssemblies/Unity.Collections.Tests.dll not valid. Loading of assembly skipped.
Assembly Unity.Collections.Tests.Playmode.dll at Library/ScriptAssemblies/Unity.Collections.Tests.Playmode.dll not valid. Loading of assembly skipped.
Assembly Unity.InputSystem.IntegrationTests.dll at Library/ScriptAssemblies/Unity.InputSystem.IntegrationTests.dll not valid. Loading of assembly skipped.
Assembly Unity.Mathematics.Tests.dll at Library/ScriptAssemblies/Unity.Mathematics.Tests.dll not valid. Loading of assembly skipped.
Assembly Unity.Multiplayer.Center.Editor.Tests.dll at Library/ScriptAssemblies/Unity.Multiplayer.Center.Editor.Tests.dll not valid. Loading of assembly skipped.
Assembly Unity.Multiplayer.Center.Tests.dll at Library/ScriptAssemblies/Unity.Multiplayer.Center.Tests.dll not valid. Loading of assembly skipped.
Assembly Unity.Nuget.Mono-Cecil.dll at Library/ScriptAssemblies/Unity.Nuget.Mono-Cecil.dll not valid. Loading of assembly skipped.
Assembly Unity.PathTracing.Editor.Tests.dll at Library/ScriptAssemblies/Unity.PathTracing.Editor.Tests.dll not valid. Loading of assembly skipped.
Assembly Unity.PathTracing.Runtime.Tests.dll at Library/ScriptAssemblies/Unity.PathTracing.Runtime.Tests.dll not valid. Loading of assembly skipped.
Assembly Unity.RenderPipelines.Core.Editor.Tests.dll at Library/ScriptAssemblies/Unity.RenderPipelines.Core.Editor.Tests.dll not valid. Loading of assembly skipped.
Assembly Unity.RenderPipelines.Core.Runtime.Tests.dll at Library/ScriptAssemblies/Unity.RenderPipelines.Core.Runtime.Tests.dll not valid. Loading of assembly skipped.
Assembly Unity.RenderPipelines.Universal.Config.Editor.Tests.dll at Library/ScriptAssemblies/Unity.RenderPipelines.Universal.Config.Editor.Tests.dll not valid. Loading of assembly skipped.
Assembly Unity.RenderPipelines.Universal.Editor.Tests.dll at Library/ScriptAssemblies/Unity.RenderPipelines.Universal.Editor.Tests.dll not valid. Loading of assembly skipped.
Assembly Unity.RenderPipelines.Universal.Runtime.Tests.dll at Library/ScriptAssemblies/Unity.RenderPipelines.Universal.Runtime.Tests.dll not valid. Loading of assembly skipped.
Assembly Unity.Searcher.EditorTests.dll at Library/ScriptAssemblies/Unity.Searcher.EditorTests.dll not valid. Loading of assembly skipped.
Assembly Unity.Settings.Tests.dll at Library/ScriptAssemblies/Unity.Settings.Tests.dll not valid. Loading of assembly skipped.
Assembly Unity.ShaderGraph.Editor.Tests.dll at Library/ScriptAssemblies/Unity.ShaderGraph.Editor.Tests.dll not valid. Loading of assembly skipped.
Assembly Unity.TextMeshPro.Editor.Tests.dll at Library/ScriptAssemblies/Unity.TextMeshPro.Editor.Tests.dll not valid. Loading of assembly skipped.
Assembly Unity.TextMeshPro.Tests.dll at Library/ScriptAssemblies/Unity.TextMeshPro.Tests.dll not valid. Loading of assembly skipped.
Assembly Unity.UnifiedRayTracing.Editor.Tests.dll at Library/ScriptAssemblies/Unity.UnifiedRayTracing.Editor.Tests.dll not valid. Loading of assembly skipped.
Assembly UnityEditor.UI.Common.Tests.dll at Library/ScriptAssemblies/UnityEditor.UI.Common.Tests.dll not valid. Loading of assembly skipped.
Assembly UnityEditor.UI.EditorTests.dll at Library/ScriptAssemblies/UnityEditor.UI.EditorTests.dll not valid. Loading of assembly skipped.
Assembly UnityEngine.UI.Tests.dll at Library/ScriptAssemblies/UnityEngine.UI.Tests.dll not valid. Loading of assembly skipped.
Assembly reference Packages/com.unity.cinemachine/Editor/Samples/ExposeHDRPInternals/HDRP-Editor-ref.asmref has no target assembly definition
'Packages/com.unity.cinemachine/Editor/Obsolete/CinemachineVirtualCameraBaseEditor.cs' contains partial class of Unity.Object, exactly 1 of the partial classes needs to be in a file with the same filename. This is to know the one that can be referenced from ie. GameObjects
'Packages/com.unity.cinemachine/Editor/Editors/CinemachineVirtualCameraBaseEditor.cs' contains partial class of Unity.Object, exactly 1 of the partial classes needs to be in a file with the same filename. This is to know the one that can be referenced from ie. GameObjects
Refreshing native plugins compatible for Editor in 4.22 ms, found 5 plugins.
Native extension for WindowsStandalone target not found
Native extension for WebGL target not found
Assembly reference Packages/com.unity.cinemachine/Editor/Samples/ExposeHDRPInternals/HDRP-Editor-ref.asmref has no target assembly definition
[Package Manager] Failed to launch server process. Reason: Unity was launched with the -noUpm command-line argument
[Package Manager] Unable to send message (not connected to server process).
[Package Manager] Cannot connect to Unity Package Manager local server
[Package Manager] Failed to launch server process. Reason: Unity was launched with the -noUpm command-line argument
[Package Manager] Unable to send message (not connected to server process).
[Package Manager] Cannot connect to Unity Package Manager local server
[Package Manager] Failed to launch server process. Reason: Unity was launched with the -noUpm command-line argument
[Package Manager] Unable to send message (not connected to server process).
[Package Manager] Cannot connect to Unity Package Manager local server
ScheduleIndexationOnStartup MainProcess:False IndexOnStartup:True
Mono: successfully reloaded assembly
- Finished resetting the current domain, in  1.579 seconds
Domain Reload Profiling: 2798ms
	BeginReloadAssembly (286ms)
		DisableScriptedObjects (20ms)
		CreateAndSetChildDomain (64ms)
	RebuildCommonClasses (50ms)
	RebuildNativeTypeToScriptingClass (19ms)
	initialDomainReloadingComplete (98ms)
	LoadAllAssembliesAndSetupDomain (767ms)
		LoadAssemblies (569ms)
		AnalyzeDomain (315ms)
			TypeCache.Refresh (10ms)
			BuildScriptInfoCaches (282ms)
			ResolveRequiredComponents (20ms)
	FinalizeReload (1579ms)
		SetupLoadedEditorAssemblies (0ms)
			InitializePlatformSupportModulesInManaged (4ms)
			BeforeProcessingInitializeOnLoad (344ms)
			ProcessInitializeOnLoadAttributes (781ms)
			ProcessInitializeOnLoadMethodAttributes (140ms)
			AfterProcessingInitializeOnLoad (8ms)
		AwakeInstancesAfterBackupRestoration (23ms)
Refreshing native plugins compatible for Editor in 3.59 ms, found 5 plugins.
Unloading 25 Unused Serialized files (Serialized files now loaded: 0)
Unloading 7634 unused Assets / (6.2 MB). Loaded Objects now: 8477.
Memory consumption went from 167.2 MB to 161.0 MB.
Total: 14.185600 ms (FindLiveObjects: 1.055300 ms CreateObjectMapping: 1.718600 ms MarkObjects: 7.538000 ms  DeleteObjects: 3.871800 ms)

Prepare: number of updated asset objects reloaded= 0
========================================================================
Received Prepare
Assembly reference Packages/com.unity.cinemachine/Editor/Samples/ExposeHDRPInternals/HDRP-Editor-ref.asmref has no target assembly definition
Assembly reference Packages/com.unity.cinemachine/Editor/Samples/ExposeHDRPInternals/HDRP-Editor-ref.asmref has no target assembly definition
Begin MonoManager ReloadAssembly
[Licensing::Client] Successfully resolved entitlement details
Assembly Assembly-CSharp-Editor-firstpass.dll at Library/ScriptAssemblies/Assembly-CSharp-Editor-firstpass.dll not valid. Loading of assembly skipped.
Assembly Assembly-CSharp-Editor.dll at Library/ScriptAssemblies/Assembly-CSharp-Editor.dll not valid. Loading of assembly skipped.
Assembly Assembly-CSharp-firstpass.dll at Library/ScriptAssemblies/Assembly-CSharp-firstpass.dll not valid. Loading of assembly skipped.
Assembly DocCodeExamples.dll at Library/ScriptAssemblies/DocCodeExamples.dll not valid. Loading of assembly skipped.
Assembly TestNewCustomAssembly.dll at Library/ScriptAssemblies/TestNewCustomAssembly.dll not valid. Loading of assembly skipped.
Assembly Unity.2D.Animation.EditorTests.dll at Library/ScriptAssemblies/Unity.2D.Animation.EditorTests.dll not valid. Loading of assembly skipped.
Assembly Unity.2D.Aseprite.EditorTests.dll at Library/ScriptAssemblies/Unity.2D.Aseprite.EditorTests.dll not valid. Loading of assembly skipped.
Assembly Unity.2D.Common.EditorTests.dll at Library/ScriptAssemblies/Unity.2D.Common.EditorTests.dll not valid. Loading of assembly skipped.
Assembly Unity.2D.Psdimporter.EditorTests.dll at Library/ScriptAssemblies/Unity.2D.Psdimporter.EditorTests.dll not valid. Loading of assembly skipped.
Assembly Unity.2D.Sprite.Package.EditorTests.dll at Library/ScriptAssemblies/Unity.2D.Sprite.Package.EditorTests.dll not valid. Loading of assembly skipped.
Assembly Unity.2D.SpriteShape.EditorTests.dll at Library/ScriptAssemblies/Unity.2D.SpriteShape.EditorTests.dll not valid. Loading of assembly skipped.
Assembly Unity.2D.Tilemap.Package.EditorTests.dll at Library/ScriptAssemblies/Unity.2D.Tilemap.Package.EditorTests.dll not valid. Loading of assembly skipped.
Assembly Unity.Collections.BurstCompatibilityGen.dll at Library/ScriptAssemblies/Unity.Collections.BurstCompatibilityGen.dll not valid. Loading of assembly skipped.
Assembly Unity.Collections.DocCodeSamples.dll at Library/ScriptAssemblies/Unity.Collections.DocCodeSamples.dll not valid. Loading of assembly skipped.
Assembly Unity.Collections.PerformanceTests.dll at Library/ScriptAssemblies/Unity.Collections.PerformanceTests.dll not valid. Loading of assembly skipped.
Assembly Unity.Collections.Tests.dll at Library/ScriptAssemblies/Unity.Collections.Tests.dll not valid. Loading of assembly skipped.
Assembly Unity.Collections.Tests.Playmode.dll at Library/ScriptAssemblies/Unity.Collections.Tests.Playmode.dll not valid. Loading of assembly skipped.
Assembly Unity.InputSystem.IntegrationTests.dll at Library/ScriptAssemblies/Unity.InputSystem.IntegrationTests.dll not valid. Loading of assembly skipped.
Assembly Unity.Mathematics.Tests.dll at Library/ScriptAssemblies/Unity.Mathematics.Tests.dll not valid. Loading of assembly skipped.
Assembly Unity.Multiplayer.Center.Editor.Tests.dll at Library/ScriptAssemblies/Unity.Multiplayer.Center.Editor.Tests.dll not valid. Loading of assembly skipped.
Assembly Unity.Multiplayer.Center.Tests.dll at Library/ScriptAssemblies/Unity.Multiplayer.Center.Tests.dll not valid. Loading of assembly skipped.
Assembly Unity.Nuget.Mono-Cecil.dll at Library/ScriptAssemblies/Unity.Nuget.Mono-Cecil.dll not valid. Loading of assembly skipped.
Assembly Unity.PathTracing.Editor.Tests.dll at Library/ScriptAssemblies/Unity.PathTracing.Editor.Tests.dll not valid. Loading of assembly skipped.
Assembly Unity.PathTracing.Runtime.Tests.dll at Library/ScriptAssemblies/Unity.PathTracing.Runtime.Tests.dll not valid. Loading of assembly skipped.
Assembly Unity.RenderPipelines.Core.Editor.Tests.dll at Library/ScriptAssemblies/Unity.RenderPipelines.Core.Editor.Tests.dll not valid. Loading of assembly skipped.
Assembly Unity.RenderPipelines.Core.Runtime.Tests.dll at Library/ScriptAssemblies/Unity.RenderPipelines.Core.Runtime.Tests.dll not valid. Loading of assembly skipped.
Assembly Unity.RenderPipelines.Universal.Config.Editor.Tests.dll at Library/ScriptAssemblies/Unity.RenderPipelines.Universal.Config.Editor.Tests.dll not valid. Loading of assembly skipped.
Assembly Unity.RenderPipelines.Universal.Editor.Tests.dll at Library/ScriptAssemblies/Unity.RenderPipelines.Universal.Editor.Tests.dll not valid. Loading of assembly skipped.
Assembly Unity.RenderPipelines.Universal.Runtime.Tests.dll at Library/ScriptAssemblies/Unity.RenderPipelines.Universal.Runtime.Tests.dll not valid. Loading of assembly skipped.
Assembly Unity.Searcher.EditorTests.dll at Library/ScriptAssemblies/Unity.Searcher.EditorTests.dll not valid. Loading of assembly skipped.
Assembly Unity.Settings.Tests.dll at Library/ScriptAssemblies/Unity.Settings.Tests.dll not valid. Loading of assembly skipped.
Assembly Unity.ShaderGraph.Editor.Tests.dll at Library/ScriptAssemblies/Unity.ShaderGraph.Editor.Tests.dll not valid. Loading of assembly skipped.
Assembly Unity.TextMeshPro.Editor.Tests.dll at Library/ScriptAssemblies/Unity.TextMeshPro.Editor.Tests.dll not valid. Loading of assembly skipped.
Assembly Unity.TextMeshPro.Tests.dll at Library/ScriptAssemblies/Unity.TextMeshPro.Tests.dll not valid. Loading of assembly skipped.
Assembly Unity.UnifiedRayTracing.Editor.Tests.dll at Library/ScriptAssemblies/Unity.UnifiedRayTracing.Editor.Tests.dll not valid. Loading of assembly skipped.
Assembly UnityEditor.UI.Common.Tests.dll at Library/ScriptAssemblies/UnityEditor.UI.Common.Tests.dll not valid. Loading of assembly skipped.
Assembly UnityEditor.UI.EditorTests.dll at Library/ScriptAssemblies/UnityEditor.UI.EditorTests.dll not valid. Loading of assembly skipped.
Assembly UnityEngine.UI.Tests.dll at Library/ScriptAssemblies/UnityEngine.UI.Tests.dll not valid. Loading of assembly skipped.
Assembly reference Packages/com.unity.cinemachine/Editor/Samples/ExposeHDRPInternals/HDRP-Editor-ref.asmref has no target assembly definition
'Packages/com.unity.cinemachine/Editor/Obsolete/CinemachineVirtualCameraBaseEditor.cs' contains partial class of Unity.Object, exactly 1 of the partial classes needs to be in a file with the same filename. This is to know the one that can be referenced from ie. GameObjects
'Packages/com.unity.cinemachine/Editor/Editors/CinemachineVirtualCameraBaseEditor.cs' contains partial class of Unity.Object, exactly 1 of the partial classes needs to be in a file with the same filename. This is to know the one that can be referenced from ie. GameObjects
Refreshing native plugins compatible for Editor in 4.27 ms, found 5 plugins.
Native extension for WindowsStandalone target not found
Native extension for WebGL target not found
Assembly reference Packages/com.unity.cinemachine/Editor/Samples/ExposeHDRPInternals/HDRP-Editor-ref.asmref has no target assembly definition
[Package Manager] Failed to launch server process. Reason: Unity was launched with the -noUpm command-line argument
[Package Manager] Unable to send message (not connected to server process).
[Package Manager] Cannot connect to Unity Package Manager local server
[Package Manager] Failed to launch server process. Reason: Unity was launched with the -noUpm command-line argument
[Package Manager] Unable to send message (not connected to server process).
[Package Manager] Cannot connect to Unity Package Manager local server
[Package Manager] Failed to launch server process. Reason: Unity was launched with the -noUpm command-line argument
[Package Manager] Unable to send message (not connected to server process).
[Package Manager] Cannot connect to Unity Package Manager local server
ScheduleIndexationOnStartup MainProcess:False IndexOnStartup:True
Mono: successfully reloaded assembly
- Finished resetting the current domain, in  1.610 seconds
Domain Reload Profiling: 2847ms
	BeginReloadAssembly (289ms)
		DisableScriptedObjects (23ms)
		CreateAndSetChildDomain (65ms)
	RebuildCommonClasses (49ms)
	RebuildNativeTypeToScriptingClass (20ms)
	initialDomainReloadingComplete (94ms)
	LoadAllAssembliesAndSetupDomain (784ms)
		LoadAssemblies (579ms)
		AnalyzeDomain (323ms)
			TypeCache.Refresh (10ms)
			BuildScriptInfoCaches (293ms)
			ResolveRequiredComponents (18ms)
	FinalizeReload (1611ms)
		SetupLoadedEditorAssemblies (0ms)
			InitializePlatformSupportModulesInManaged (4ms)
			BeforeProcessingInitializeOnLoad (341ms)
			ProcessInitializeOnLoadAttributes (803ms)
			ProcessInitializeOnLoadMethodAttributes (142ms)
			AfterProcessingInitializeOnLoad (8ms)
		AwakeInstancesAfterBackupRestoration (27ms)
Refreshing native plugins compatible for Editor in 5.00 ms, found 5 plugins.
Unloading 25 Unused Serialized files (Serialized files now loaded: 0)
Unloading 7634 unused Assets / (6.7 MB). Loaded Objects now: 8480.
Memory consumption went from 169.9 MB to 163.2 MB.
Total: 17.699300 ms (FindLiveObjects: 1.277800 ms CreateObjectMapping: 3.298800 ms MarkObjects: 8.157400 ms  DeleteObjects: 4.963300 ms)

Prepare: number of updated asset objects reloaded= 0
========================================================================
Received Import Request.
  Time since last request: 642.813295 seconds.
  path: Assets/DefaultVolumeProfile.asset
  importAddress: Guid(3f9215ea0144899419cfbc0957140d3f) Importer(2089858483,b0f066a214c2f5e87bad3c948f4d605d)
Start importing Assets/DefaultVolumeProfile.asset using Guid(3f9215ea0144899419cfbc0957140d3f) Importer(2089858483,b0f066a214c2f5e87bad3c948f4d605d) (ScriptedImporter) -> (Import Result ID: 'd6331519f53d82d25df56d63bd8b4d7a') in 0.108224 seconds [static and dynamic dependencies]. Details - ImportResultOutputID=40deac16d92ea0c3830aa26843f17529 DependenciesID=83eeaaeb5bd787cbedfbd1502e14d402 StaticDependenciesID=da2c692ea0ea15ad37c02638ba7691d6 
Number of updated asset objects reloaded before import = 0Number of asset objects unloaded after import = 0

========================================================================
Received Import Request.
  Time since last request: 0.000034 seconds.
  path: Assets/Packages/JMO Assets/Cartoon FX Remaster/CFXR Assets/Graphics/cfxr heart break parts.png
  importAddress: Guid(7ee7dd8c3ff246a4896a05ac6f0bf041) Importer(2089858483,b0f066a214c2f5e87bad3c948f4d605d)
Start importing Assets/Packages/JMO Assets/Cartoon FX Remaster/CFXR Assets/Graphics/cfxr heart break parts.png using Guid(7ee7dd8c3ff246a4896a05ac6f0bf041) Importer(2089858483,b0f066a214c2f5e87bad3c948f4d605d) (ScriptedImporter) -> (Import Result ID: '6bd9472dc45392686d14e745f554b030') in 0.092775 seconds [static and dynamic dependencies]. Details - ImportResultOutputID=07a043d20e0b3a3b2a30ed00af7c49ac DependenciesID=ca515680abe67a825cc84133bd7d00d8 StaticDependenciesID=a4d79c2b502cf3b19e8cc4fb2be8219e 
Number of updated asset objects reloaded before import = 0Number of asset objects unloaded after import = 1

========================================================================
Received Import Request.
  Time since last request: 0.000034 seconds.
  path: Assets/Packages/JMO Assets/Cartoon FX Remaster/CFXR Assets/Graphics/cfxr heart break dissolve.png
  importAddress: Guid(f5a348224aafbd442b8932a3fac961f3) Importer(2089858483,b0f066a214c2f5e87bad3c948f4d605d)
Start importing Assets/Packages/JMO Assets/Cartoon FX Remaster/CFXR Assets/Graphics/cfxr heart break dissolve.png using Guid(f5a348224aafbd442b8932a3fac961f3) Importer(2089858483,b0f066a214c2f5e87bad3c948f4d605d) (ScriptedImporter) -> (Import Result ID: '3f57b20ba58118b6540587311523442b') in 0.0372453 seconds [static and dynamic dependencies]. Details - ImportResultOutputID=e8887c0571cf00efe0857952e13e11c5 DependenciesID=34ea518ae4102361ed7a3b50c9642d77 StaticDependenciesID=44ee4babff40df63c8823379ef75d2ac 
Number of updated asset objects reloaded before import = 0Number of asset objects unloaded after import = 1

========================================================================
Received Import Request.
  Time since last request: 0.000020 seconds.
  path: Assets/Packages/JMO Assets/Cartoon FX Remaster/CFXR Assets/Graphics/cfxr heart break parts ab.mat
  importAddress: Guid(d7e9776f896c4604a9f054a862e1b21e) Importer(2089858483,b0f066a214c2f5e87bad3c948f4d605d)
Start importing Assets/Packages/JMO Assets/Cartoon FX Remaster/CFXR Assets/Graphics/cfxr heart break parts ab.mat using Guid(d7e9776f896c4604a9f054a862e1b21e) Importer(2089858483,b0f066a214c2f5e87bad3c948f4d605d) (ScriptedImporter) -> (Import Result ID: '3a99f4400f12a797baee80cd3da9c9f8') in 0.0771438 seconds [static and dynamic dependencies]. Details - ImportResultOutputID=0d00c3a41aa8d4281066ce5fb90b7fe1 DependenciesID=0c55d580d01056a40f8c31e87ed27b4c StaticDependenciesID=377f295ecbc92bf7729cecbff7ea5707 
Number of updated asset objects reloaded before import = 0Number of asset objects unloaded after import = 2

========================================================================
Received Import Request.
  Time since last request: 0.000024 seconds.
  path: Assets/Packages/JMO Assets/Cartoon FX Remaster/CFXR Assets/Graphics/cfxr hidden.mat
  importAddress: Guid(7e3ff0d2def0b2a4d88ba94ab7c3e683) Importer(2089858483,b0f066a214c2f5e87bad3c948f4d605d)
Start importing Assets/Packages/JMO Assets/Cartoon FX Remaster/CFXR Assets/Graphics/cfxr hidden.mat using Guid(7e3ff0d2def0b2a4d88ba94ab7c3e683) Importer(2089858483,b0f066a214c2f5e87bad3c948f4d605d) (ScriptedImporter) -> (Import Result ID: '0cd952506b06432639377983f86bda66') in 0.0200347 seconds [static and dynamic dependencies]. Details - ImportResultOutputID=c5459d86c309de47f27467a064c0866e DependenciesID=29391c1a98c60fee69bce2a5fcdf8887 StaticDependenciesID=54c81b59cfac4b216614c8a1000532d0 
Number of updated asset objects reloaded before import = 0Number of asset objects unloaded after import = 1

========================================================================
Received Import Request.
  Time since last request: 0.000032 seconds.
  path: Assets/Packages/JMO Assets/Cartoon FX Remaster/CFXR Assets/Graphics/cfxr petal pink x4.png
  importAddress: Guid(b4377f3b1fab63b4dae2320667d81bd4) Importer(2089858483,b0f066a214c2f5e87bad3c948f4d605d)
Start importing Assets/Packages/JMO Assets/Cartoon FX Remaster/CFXR Assets/Graphics/cfxr petal pink x4.png using Guid(b4377f3b1fab63b4dae2320667d81bd4) Importer(2089858483,b0f066a214c2f5e87bad3c948f4d605d) (ScriptedImporter) -> (Import Result ID: '924b258d077e6f3f4e4b8a62c6357d5d') in 0.0497686 seconds [static and dynamic dependencies]. Details - ImportResultOutputID=e85fd8dcd329f15ed157803e5d311b62 DependenciesID=74ea6c9a380ff135a6abb8f8d6a5ea75 StaticDependenciesID=a8cd0578b10f89c6cb2c56cc297c9a14 
Number of updated asset objects reloaded before import = 0Number of asset objects unloaded after import = 1

========================================================================
Received Import Request.
  Time since last request: 0.000019 seconds.
  path: Assets/Packages/JMO Assets/Cartoon FX Remaster/CFXR Assets/Graphics/cfxr proc glow soft ground nosp add.mat
  importAddress: Guid(db1fcb702d3796547b8a490b3a64b41e) Importer(2089858483,b0f066a214c2f5e87bad3c948f4d605d)
Start importing Assets/Packages/JMO Assets/Cartoon FX Remaster/CFXR Assets/Graphics/cfxr proc glow soft ground nosp add.mat using Guid(db1fcb702d3796547b8a490b3a64b41e) Importer(2089858483,b0f066a214c2f5e87bad3c948f4d605d) (ScriptedImporter) -> (Import Result ID: 'fe144af51fe289aa0f516600f3f02ae1') in 0.0284604 seconds [static and dynamic dependencies]. Details - ImportResultOutputID=2e2167347830ee6d97989456c9ddcc6f DependenciesID=d11aeff88dc2e72391140b8af066be97 StaticDependenciesID=1c62ca9aef9700e4d75757714710f03f 
Number of updated asset objects reloaded before import = 0Number of asset objects unloaded after import = 1

========================================================================
Received Import Request.
  Time since last request: 0.000017 seconds.
  path: Assets/Packages/JMO Assets/Cartoon FX Remaster/CFXR Assets/Graphics/cfxr proc glow soft nosp add.mat
  importAddress: Guid(f0f171ffe44ba0d41bb931bbefcee094) Importer(2089858483,b0f066a214c2f5e87bad3c948f4d605d)
Start importing Assets/Packages/JMO Assets/Cartoon FX Remaster/CFXR Assets/Graphics/cfxr proc glow soft nosp add.mat using Guid(f0f171ffe44ba0d41bb931bbefcee094) Importer(2089858483,b0f066a214c2f5e87bad3c948f4d605d) (ScriptedImporter) -> (Import Result ID: 'e6cd9dc9b0dd289a7255e48c40b18937') in 0.0141984 seconds [static and dynamic dependencies]. Details - ImportResultOutputID=70a31041309324d4604a563b8f8cab6e DependenciesID=39877dc3207267eefb664169274cb712 StaticDependenciesID=ef3b4fd5779f7ad9dd28725285318e1f 
Number of updated asset objects reloaded before import = 0Number of asset objects unloaded after import = 1

========================================================================
Received Import Request.
  Time since last request: 0.000022 seconds.
  path: Assets/Packages/JMO Assets/Cartoon FX Remaster/CFXR Assets/Graphics/cfxr leave a normal.png
  importAddress: Guid(cb4db6c7750445e46b0ddffd6a67c7e8) Importer(2089858483,b0f066a214c2f5e87bad3c948f4d605d)
Start importing Assets/Packages/JMO Assets/Cartoon FX Remaster/CFXR Assets/Graphics/cfxr leave a normal.png using Guid(cb4db6c7750445e46b0ddffd6a67c7e8) Importer(2089858483,b0f066a214c2f5e87bad3c948f4d605d) (ScriptedImporter) -> (Import Result ID: '790be140a8cd3fbf605028b42054dfc2') in 0.0308207 seconds [static and dynamic dependencies]. Details - ImportResultOutputID=152baba0174f06917706097074dfcc78 DependenciesID=1e62bfce0fed644265712a2c01ca2115 StaticDependenciesID=c908f50ed10e1c275de88e5ebe4d7ad4 
Number of updated asset objects reloaded before import = 0Number of asset objects unloaded after import = 1

========================================================================
Received Import Request.
  Time since last request: 0.000030 seconds.
  path: Assets/Packages/JMO Assets/Cartoon FX Remaster/CFXR Assets/Graphics/cfxr perlin smudge.png
  importAddress: Guid(af4c21dd7781b7f4da5276e74b012890) Importer(2089858483,b0f066a214c2f5e87bad3c948f4d605d)
Start importing Assets/Packages/JMO Assets/Cartoon FX Remaster/CFXR Assets/Graphics/cfxr perlin smudge.png using Guid(af4c21dd7781b7f4da5276e74b012890) Importer(2089858483,b0f066a214c2f5e87bad3c948f4d605d) (ScriptedImporter) -> (Import Result ID: '5c4ddb1972c46a572c3ce5d54628ec34') in 0.0206253 seconds [static and dynamic dependencies]. Details - ImportResultOutputID=90f089714ad17ab7e5ff0abfc9011f35 DependenciesID=4b40559fa57acaab67caafb6ce82eddd StaticDependenciesID=f692d26e3129971d891a3534fe58642b 
Number of updated asset objects reloaded before import = 0Number of asset objects unloaded after import = 1

========================================================================
Received Import Request.
  Time since last request: 0.000018 seconds.
  path: Assets/Packages/JMO Assets/Cartoon FX Remaster/CFXR Assets/Graphics/cfxr proc ring water ripple local space ab.mat
  importAddress: Guid(c12227a2de3f76b448b3af32949c646c) Importer(2089858483,b0f066a214c2f5e87bad3c948f4d605d)
Start importing Assets/Packages/JMO Assets/Cartoon FX Remaster/CFXR Assets/Graphics/cfxr proc ring water ripple local space ab.mat using Guid(c12227a2de3f76b448b3af32949c646c) Importer(2089858483,b0f066a214c2f5e87bad3c948f4d605d) (ScriptedImporter) -> (Import Result ID: '1646b8513220332d90955bcb0d27c7a7') in 0.0896355 seconds [static and dynamic dependencies]. Details - ImportResultOutputID=595feda1f2ae0aede4f9ece10ee6b8b6 DependenciesID=21b90f0f0c0daa58a900f85cf328b186 StaticDependenciesID=959f7b4e55083ca53a77183234332782 
Number of updated asset objects reloaded before import = 0Number of asset objects unloaded after import = 2

========================================================================
Received Import Request.
  Time since last request: 0.000024 seconds.
  path: Assets/Packages/JMO Assets/Cartoon FX Remaster/CFXR Assets/Graphics/cfxr proc glow soft p4 add.mat
  importAddress: Guid(a79d1a32a9adbbf4a9791a6dfb84f5fb) Importer(2089858483,b0f066a214c2f5e87bad3c948f4d605d)
Start importing Assets/Packages/JMO Assets/Cartoon FX Remaster/CFXR Assets/Graphics/cfxr proc glow soft p4 add.mat using Guid(a79d1a32a9adbbf4a9791a6dfb84f5fb) Importer(2089858483,b0f066a214c2f5e87bad3c948f4d605d) (ScriptedImporter) -> (Import Result ID: 'eecbcad74e246b396bb6967490006ae2') in 0.0473939 seconds [static and dynamic dependencies]. Details - ImportResultOutputID=19b79495b64f9f649eabfd611843970a DependenciesID=447126c1f48d24fd1204c4c472d26380 StaticDependenciesID=0b3b96beeb3c50500cc64eeb386167e0 
Number of updated asset objects reloaded before import = 0Number of asset objects unloaded after import = 1

========================================================================
Received Import Request.
  Time since last request: 0.000029 seconds.
  path: Assets/Packages/JMO Assets/Cartoon FX Remaster/CFXR Assets/Graphics/cfxr proc glow soft invert add.mat
  importAddress: Guid(efaa1dd14471b6143b5ee7827566c1e0) Importer(2089858483,b0f066a214c2f5e87bad3c948f4d605d)
Start importing Assets/Packages/JMO Assets/Cartoon FX Remaster/CFXR Assets/Graphics/cfxr proc glow soft invert add.mat using Guid(efaa1dd14471b6143b5ee7827566c1e0) Importer(2089858483,b0f066a214c2f5e87bad3c948f4d605d) (ScriptedImporter) -> (Import Result ID: 'b3f9841db440f6fb237cf8371b77465a') in 0.0501672 seconds [static and dynamic dependencies]. Details - ImportResultOutputID=e7c9f8848feeff3e7337482a25c2e6d5 DependenciesID=992952705bf2c346818d164c3b501215 StaticDependenciesID=6a28205da5e3f00ed31cbac39d326bee 
Number of updated asset objects reloaded before import = 0Number of asset objects unloaded after import = 1

========================================================================
Received Import Request.
  Time since last request: 0.000018 seconds.
  path: Assets/Packages/JMO Assets/Cartoon FX Remaster/CFXR Assets/Graphics/cfxr proc ring local space ab.mat
  importAddress: Guid(da4be36c7194b6245a88a2732d0fcfcb) Importer(2089858483,b0f066a214c2f5e87bad3c948f4d605d)
Start importing Assets/Packages/JMO Assets/Cartoon FX Remaster/CFXR Assets/Graphics/cfxr proc ring local space ab.mat using Guid(da4be36c7194b6245a88a2732d0fcfcb) Importer(2089858483,b0f066a214c2f5e87bad3c948f4d605d) (ScriptedImporter) -> (Import Result ID: 'bd32e2340ff876ad5343a1a858269a3d') in 0.1512992 seconds [static and dynamic dependencies]. Details - ImportResultOutputID=c884ffe6b8edb79ac77fca9ee1ebad4d DependenciesID=1db81cc7e9d2d710f83bc4cb82b9ff53 StaticDependenciesID=bd2e1dc96065aecf90dc2689f934369f 
Number of updated asset objects reloaded before import = 0Number of asset objects unloaded after import = 1

========================================================================
Received Import Request.
  Time since last request: 0.000022 seconds.
  path: Assets/Packages/JMO Assets/Cartoon FX Remaster/CFXR Assets/Graphics/cfxr puddle mesh.asset
  importAddress: Guid(a71649bde553d6f4b9b8ae820c34748f) Importer(2089858483,b0f066a214c2f5e87bad3c948f4d605d)
Start importing Assets/Packages/JMO Assets/Cartoon FX Remaster/CFXR Assets/Graphics/cfxr puddle mesh.asset using Guid(a71649bde553d6f4b9b8ae820c34748f) Importer(2089858483,b0f066a214c2f5e87bad3c948f4d605d) (ScriptedImporter) -> (Import Result ID: 'b28e2300511610d89a6277c5f0e35791') in 0.0169796 seconds [static and dynamic dependencies]. Details - ImportResultOutputID=bad426f33ded76839c286673526c1152 DependenciesID=4f288f9dcd745c60c7d02c4e5bd9fa5b StaticDependenciesID=5e7e5a9ef29fb7c263791c0aabd77082 
Number of updated asset objects reloaded before import = 0Number of asset objects unloaded after import = 1

========================================================================
Received Import Request.
  Time since last request: 0.000029 seconds.
  path: Assets/Packages/JMO Assets/Cartoon FX Remaster/CFXR Assets/Graphics/cfxr line loop electric hdr ab.mat
  importAddress: Guid(75be7a7b742586840beb0b9c8ce4b273) Importer(2089858483,b0f066a214c2f5e87bad3c948f4d605d)
Start importing Assets/Packages/JMO Assets/Cartoon FX Remaster/CFXR Assets/Graphics/cfxr line loop electric hdr ab.mat using Guid(75be7a7b742586840beb0b9c8ce4b273) Importer(2089858483,b0f066a214c2f5e87bad3c948f4d605d) (ScriptedImporter) -> (Import Result ID: '1efc1431efc23193a930e382528533bd') in 0.2329937 seconds [static and dynamic dependencies]. Details - ImportResultOutputID=53f8ef7766fd73aec308dead25867c16 DependenciesID=92f9aed3cf87d077f0b619ca10e3dc71 StaticDependenciesID=6047b62391241308233b5564170e0b44 
Number of updated asset objects reloaded before import = 0Number of asset objects unloaded after import = 2

========================================================================
Received Import Request.
  Time since last request: 0.000024 seconds.
  path: Assets/Packages/JMO Assets/Cartoon FX Remaster/CFXR Assets/Graphics/cfxr no texture hdr ab.mat
  importAddress: Guid(1bd82b05ed622074c9301727f11252d7) Importer(2089858483,b0f066a214c2f5e87bad3c948f4d605d)
Start importing Assets/Packages/JMO Assets/Cartoon FX Remaster/CFXR Assets/Graphics/cfxr no texture hdr ab.mat using Guid(1bd82b05ed622074c9301727f11252d7) Importer(2089858483,b0f066a214c2f5e87bad3c948f4d605d) (ScriptedImporter) -> (Import Result ID: '74979e5f5ace9a832484e7e577ff27f1') in 0.0147019 seconds [static and dynamic dependencies]. Details - ImportResultOutputID=341c6ef6fee1977088e667fc9074dfb0 DependenciesID=6210eeabd5890120b4d9e3cc3cbfb60c StaticDependenciesID=839c49892cca5c34b86d349f99941a69 
Number of updated asset objects reloaded before import = 0Number of asset objects unloaded after import = 1

========================================================================
Received Import Request.
  Time since last request: 0.000037 seconds.
  path: Assets/Packages/JMO Assets/Cartoon FX Remaster/CFXR Assets/Graphics/cfxr perlin mid.png
  importAddress: Guid(0d30b359af34f9049bdf5863b06dd25f) Importer(2089858483,b0f066a214c2f5e87bad3c948f4d605d)
Start importing Assets/Packages/JMO Assets/Cartoon FX Remaster/CFXR Assets/Graphics/cfxr perlin mid.png using Guid(0d30b359af34f9049bdf5863b06dd25f) Importer(2089858483,b0f066a214c2f5e87bad3c948f4d605d) (ScriptedImporter) -> (Import Result ID: '10cc4a183552a29463413a54e063942e') in 0.0353561 seconds [static and dynamic dependencies]. Details - ImportResultOutputID=c2de1cc924d202946a59b5b00060531a DependenciesID=861d8449c36a0560de30c7932dbefbd5 StaticDependenciesID=c1c416857868de53469202bccde0ed24 
Number of updated asset objects reloaded before import = 0Number of asset objects unloaded after import = 1

========================================================================
Received Import Request.
  Time since last request: 0.000017 seconds.
  path: Assets/Packages/JMO Assets/Cartoon FX Remaster/CFXR Assets/Graphics/cfxr ring ripple arc dissolve.png
  importAddress: Guid(e09598ca19faace49acaf7b6bfb5516c) Importer(2089858483,b0f066a214c2f5e87bad3c948f4d605d)
Start importing Assets/Packages/JMO Assets/Cartoon FX Remaster/CFXR Assets/Graphics/cfxr ring ripple arc dissolve.png using Guid(e09598ca19faace49acaf7b6bfb5516c) Importer(2089858483,b0f066a214c2f5e87bad3c948f4d605d) (ScriptedImporter) -> (Import Result ID: 'c08b3fac7c5c854d439be06dcd557082') in 0.0333953 seconds [static and dynamic dependencies]. Details - ImportResultOutputID=fe3c191c4c23136be5d9dd54ef1934f1 DependenciesID=dc1e4c59d6fad7e22369945387b3146d StaticDependenciesID=aa68ff0e6df326417c1e82aeea92af78 
Number of updated asset objects reloaded before import = 0Number of asset objects unloaded after import = 1

========================================================================
Received Import Request.
  Time since last request: 0.000025 seconds.
  path: Assets/Packages/JMO Assets/Cartoon FX Remaster/CFXR Assets/Graphics/cfxr hit triangle diamond dissolve.png
  importAddress: Guid(b6157b46c6aaef04c858b3b9b40aba7f) Importer(2089858483,b0f066a214c2f5e87bad3c948f4d605d)
Start importing Assets/Packages/JMO Assets/Cartoon FX Remaster/CFXR Assets/Graphics/cfxr hit triangle diamond dissolve.png using Guid(b6157b46c6aaef04c858b3b9b40aba7f) Importer(2089858483,b0f066a214c2f5e87bad3c948f4d605d) (ScriptedImporter) -> (Import Result ID: 'f417c9201a6c9b7a6f25b492de8858a0') in 0.0333689 seconds [static and dynamic dependencies]. Details - ImportResultOutputID=46eb6fb1a77193d3d349d4945b4aaf65 DependenciesID=409bd4553a82224db3aa114610e04452 StaticDependenciesID=a93617f2790f5c3fdce77039a66abd76 
Number of updated asset objects reloaded before import = 0Number of asset objects unloaded after import = 1

========================================================================
Received Import Request.
  Time since last request: 0.000029 seconds.
  path: Assets/Packages/JMO Assets/Cartoon FX Remaster/CFXR Assets/Graphics/cfxr proc ring water ripple local space arc ab.mat
  importAddress: Guid(95769915f5c8ef14a924fa707fea6761) Importer(2089858483,b0f066a214c2f5e87bad3c948f4d605d)
Start importing Assets/Packages/JMO Assets/Cartoon FX Remaster/CFXR Assets/Graphics/cfxr proc ring water ripple local space arc ab.mat using Guid(95769915f5c8ef14a924fa707fea6761) Importer(2089858483,b0f066a214c2f5e87bad3c948f4d605d) (ScriptedImporter) -> (Import Result ID: '00e37ffe92c579d612cbbdfa2dfba81b') in 0.0155945 seconds [static and dynamic dependencies]. Details - ImportResultOutputID=8425b15ad3cd1219997420d15c3eadbb DependenciesID=59b4d5646656e17a992e1a4640e1cafc StaticDependenciesID=c11ea6b78e0db6b080b6df16e16a784b 
Number of updated asset objects reloaded before import = 0Number of asset objects unloaded after import = 2

========================================================================
Received Import Request.
  Time since last request: 0.000019 seconds.
  path: Assets/Packages/JMO Assets/Cartoon FX Remaster/CFXR Assets/Graphics/cfxr proc glow soft hdr p4 add.mat
  importAddress: Guid(c9a8501c60f73c14c9c50a72b1af44b4) Importer(2089858483,b0f066a214c2f5e87bad3c948f4d605d)
Start importing Assets/Packages/JMO Assets/Cartoon FX Remaster/CFXR Assets/Graphics/cfxr proc glow soft hdr p4 add.mat using Guid(c9a8501c60f73c14c9c50a72b1af44b4) Importer(2089858483,b0f066a214c2f5e87bad3c948f4d605d) (ScriptedImporter) -> (Import Result ID: 'bb27d7c52cbeb9eb007d59cd98b0e7a9') in 0.0144219 seconds [static and dynamic dependencies]. Details - ImportResultOutputID=fd11328947fa284ebbfd15a74b567987 DependenciesID=a4e76474ad00b3849c18681bec11a966 StaticDependenciesID=7eee2bf0dbc6380a2ef6c9322538eb3e 
Number of updated asset objects reloaded before import = 0Number of asset objects unloaded after import = 1

========================================================================
Received Import Request.
  Time since last request: 0.000019 seconds.
  path: Assets/Packages/JMO Assets/Cartoon FX Remaster/CFXR Assets/Graphics/cfxr screen distortion ring.mat
  importAddress: Guid(79f345c78339add488a435e22037fc87) Importer(2089858483,b0f066a214c2f5e87bad3c948f4d605d)
Start importing Assets/Packages/JMO Assets/Cartoon FX Remaster/CFXR Assets/Graphics/cfxr screen distortion ring.mat using Guid(79f345c78339add488a435e22037fc87) Importer(2089858483,b0f066a214c2f5e87bad3c948f4d605d) (ScriptedImporter) -> (Import Result ID: '2d87989aa0401a13475d2f4ffef000a2') in 0.0170146 seconds [static and dynamic dependencies]. Details - ImportResultOutputID=3cae76ff13bb439c26a710d94d6f47eb DependenciesID=6b92fd390e0a481deba6a4f7d37e6187 StaticDependenciesID=0097ed7f80ec165a15546bbe259651b2 
Number of updated asset objects reloaded before import = 0Number of asset objects unloaded after import = 2

========================================================================
Received Import Request.
  Time since last request: 0.000024 seconds.
  path: Assets/Packages/JMO Assets/Cartoon FX Remaster/CFXR Assets/Graphics/cfxr magic star hdr ab.mat
  importAddress: Guid(41e018a6cf0c896418fc0b89dda748c6) Importer(2089858483,b0f066a214c2f5e87bad3c948f4d605d)
Start importing Assets/Packages/JMO Assets/Cartoon FX Remaster/CFXR Assets/Graphics/cfxr magic star hdr ab.mat using Guid(41e018a6cf0c896418fc0b89dda748c6) Importer(2089858483,b0f066a214c2f5e87bad3c948f4d605d) (ScriptedImporter) -> (Import Result ID: 'b0adf6055b121248ca9d5e4196af9ad0') in 0.0434388 seconds [static and dynamic dependencies]. Details - ImportResultOutputID=5efc1c7eed7300f2b1ff8adfdad5add7 DependenciesID=25d6daa96d0e31ee8880ad00e09a5bd9 StaticDependenciesID=211cd81d887ee71347865e0af9ebfa45 
Number of updated asset objects reloaded before import = 0Number of asset objects unloaded after import = 2

========================================================================
Received Import Request.
  Time since last request: 0.000032 seconds.
  path: Assets/Packages/JMO Assets/Cartoon FX Remaster/CFXR Assets/Graphics/cfxr skull 2 dissolve.png
  importAddress: Guid(2fc2915dbd02ea3469862ee7b98ad954) Importer(2089858483,b0f066a214c2f5e87bad3c948f4d605d)
Start importing Assets/Packages/JMO Assets/Cartoon FX Remaster/CFXR Assets/Graphics/cfxr skull 2 dissolve.png using Guid(2fc2915dbd02ea3469862ee7b98ad954) Importer(2089858483,b0f066a214c2f5e87bad3c948f4d605d) (ScriptedImporter) -> (Import Result ID: '54ea6953c0f56ce2e3b5e8eeed9d8f98') in 0.0207913 seconds [static and dynamic dependencies]. Details - ImportResultOutputID=883dd2acc4e65057856e42433f3a3f66 DependenciesID=c2b5f9f3c96cb25d173df06bb8c69cf4 StaticDependenciesID=b136fb517b9a7ab74cd610f60ef08cfc 
Number of updated asset objects reloaded before import = 0Number of asset objects unloaded after import = 1

========================================================================
Received Import Request.
  Time since last request: 0.000019 seconds.
  path: Assets/Packages/JMO Assets/Cartoon FX Remaster/CFXR Assets/Graphics/cfxr screen distortion ring.png
  importAddress: Guid(ffd6561da19547744878ef631ea6ed88) Importer(2089858483,b0f066a214c2f5e87bad3c948f4d605d)
Start importing Assets/Packages/JMO Assets/Cartoon FX Remaster/CFXR Assets/Graphics/cfxr screen distortion ring.png using Guid(ffd6561da19547744878ef631ea6ed88) Importer(2089858483,b0f066a214c2f5e87bad3c948f4d605d) (ScriptedImporter) -> (Import Result ID: '703dc02aae1a30b6a523ab7f7d73e6ab') in 0.0214296 seconds [static and dynamic dependencies]. Details - ImportResultOutputID=4f84a50e5c15f5dc7fe598f5e888e472 DependenciesID=29624325df83f1f079d466e0fcb144fa StaticDependenciesID=5947089c465f2bfa67e165cd05721134 
Number of updated asset objects reloaded before import = 0Number of asset objects unloaded after import = 1

========================================================================
Received Import Request.
  Time since last request: 0.000018 seconds.
  path: Assets/Packages/JMO Assets/Cartoon FX Remaster/CFXR Assets/Graphics/cfxr skull 2 dissolve ab.mat
  importAddress: Guid(bfd324e65db2ae141bc4247a0d100a8a) Importer(2089858483,b0f066a214c2f5e87bad3c948f4d605d)
Start importing Assets/Packages/JMO Assets/Cartoon FX Remaster/CFXR Assets/Graphics/cfxr skull 2 dissolve ab.mat using Guid(bfd324e65db2ae141bc4247a0d100a8a) Importer(2089858483,b0f066a214c2f5e87bad3c948f4d605d) (ScriptedImporter) -> (Import Result ID: '44a6fe6f56afc7848852eac2a6195ee1') in 0.0318579 seconds [static and dynamic dependencies]. Details - ImportResultOutputID=0c8461f34376ad6c8abcf01cdfa720f9 DependenciesID=924f16881344ea00e793418c4ecff771 StaticDependenciesID=7aaa37a36529b8b053d3041792d86140 
Number of updated asset objects reloaded before import = 0Number of asset objects unloaded after import = 3

========================================================================
Received Import Request.
  Time since last request: 0.000085 seconds.
  path: Assets/Packages/JMO Assets/Cartoon FX Remaster/CFXR Assets/Graphics/cfxr screen distortion sphere.png
  importAddress: Guid(cbdf2f03e04c2de4eae98f98ddecc232) Importer(2089858483,b0f066a214c2f5e87bad3c948f4d605d)
Start importing Assets/Packages/JMO Assets/Cartoon FX Remaster/CFXR Assets/Graphics/cfxr screen distortion sphere.png using Guid(cbdf2f03e04c2de4eae98f98ddecc232) Importer(2089858483,b0f066a214c2f5e87bad3c948f4d605d) (ScriptedImporter) -> (Import Result ID: '62095688b1ff2af4bdfe8d7babb585fe') in 0.0213065 seconds [static and dynamic dependencies]. Details - ImportResultOutputID=919722443a3512709f84cc2796e367d3 DependenciesID=c856eb2034fdb37ab12347c303a02f70 StaticDependenciesID=6c85d347f270ff6386ec0669f33cbef2 
Number of updated asset objects reloaded before import = 0Number of asset objects unloaded after import = 1

========================================================================
Received Import Request.
  Time since last request: 0.000030 seconds.
  path: Assets/Packages/JMO Assets/Cartoon FX Remaster/CFXR Assets/Graphics/cfxr proc ring local space add.mat
  importAddress: Guid(cdad1b7ca29dbf2408c5900bd6cc5a8f) Importer(2089858483,b0f066a214c2f5e87bad3c948f4d605d)
Start importing Assets/Packages/JMO Assets/Cartoon FX Remaster/CFXR Assets/Graphics/cfxr proc ring local space add.mat using Guid(cdad1b7ca29dbf2408c5900bd6cc5a8f) Importer(2089858483,b0f066a214c2f5e87bad3c948f4d605d) (ScriptedImporter) -> (Import Result ID: '9b651a70c90619afda4c4e25c20cf5db') in 0.0136317 seconds [static and dynamic dependencies]. Details - ImportResultOutputID=6f3d7d6f5f16bb7aec8413e3896ff13b DependenciesID=b9e19a88f2ac56ef3315a146654daa36 StaticDependenciesID=e4875550169d420ba541cde1cb125180 
Number of updated asset objects reloaded before import = 0Number of asset objects unloaded after import = 1

========================================================================
Received Import Request.
  Time since last request: 0.000018 seconds.
  path: Assets/Packages/JMO Assets/Cartoon FX Remaster/CFXR Assets/Graphics/cfxr petal normal.png
  importAddress: Guid(e53b5c2d791d1f3479923823ece5e628) Importer(2089858483,b0f066a214c2f5e87bad3c948f4d605d)
Start importing Assets/Packages/JMO Assets/Cartoon FX Remaster/CFXR Assets/Graphics/cfxr petal normal.png using Guid(e53b5c2d791d1f3479923823ece5e628) Importer(2089858483,b0f066a214c2f5e87bad3c948f4d605d) (ScriptedImporter) -> (Import Result ID: 'bca4f1256ca423a774eff23b1965fe97') in 0.0345198 seconds [static and dynamic dependencies]. Details - ImportResultOutputID=fa50e080cd0996fb68a0bc806047865e DependenciesID=2a6ab4d8728a5466ff081c29105546a1 StaticDependenciesID=4e0fa974dbd7ae29eb2b34357f971ae7 
Number of updated asset objects reloaded before import = 0Number of asset objects unloaded after import = 1

========================================================================
Received Import Request.
  Time since last request: 0.000018 seconds.
  path: Assets/Packages/JMO Assets/Cartoon FX Remaster/CFXR Assets/Graphics/cfxr skull dissolve.png
  importAddress: Guid(5141db1a578958c4cb94ff08ee9dbcff) Importer(2089858483,b0f066a214c2f5e87bad3c948f4d605d)
Start importing Assets/Packages/JMO Assets/Cartoon FX Remaster/CFXR Assets/Graphics/cfxr skull dissolve.png using Guid(5141db1a578958c4cb94ff08ee9dbcff) Importer(2089858483,b0f066a214c2f5e87bad3c948f4d605d) (ScriptedImporter) -> (Import Result ID: 'faa22a69e4d4d5c32a5de53f9781476e') in 0.0289161 seconds [static and dynamic dependencies]. Details - ImportResultOutputID=73572c76ac1ed3eb8355637676851b81 DependenciesID=112ad2dee2d3c0601f810ce4a4549d08 StaticDependenciesID=24bffa4a73919471507147392a1f5a55 
Number of updated asset objects reloaded before import = 0Number of asset objects unloaded after import = 1

========================================================================
Received Import Request.
  Time since last request: 0.000021 seconds.
  path: Assets/Packages/JMO Assets/Cartoon FX Remaster/CFXR Assets/Graphics/cfxr skull outer outline ab.mat
  importAddress: Guid(5638a7e47b8a65a42aa1d63e2a59f925) Importer(2089858483,b0f066a214c2f5e87bad3c948f4d605d)
Start importing Assets/Packages/JMO Assets/Cartoon FX Remaster/CFXR Assets/Graphics/cfxr skull outer outline ab.mat using Guid(5638a7e47b8a65a42aa1d63e2a59f925) Importer(2089858483,b0f066a214c2f5e87bad3c948f4d605d) (ScriptedImporter) -> (Import Result ID: 'ffc857e3ef671af66a03a241814c61b3') in 0.0165396 seconds [static and dynamic dependencies]. Details - ImportResultOutputID=b4611731caab5b25eb5811b3b483197e DependenciesID=358e3d4406b70d92eb11106c44c66480 StaticDependenciesID=b3a8e9cb3b60c01f84cd48abf0a871b8 
Number of updated asset objects reloaded before import = 0Number of asset objects unloaded after import = 2

========================================================================
Received Import Request.
  Time since last request: 0.000029 seconds.
  path: Assets/Packages/JMO Assets/Cartoon FX Remaster/CFXR Assets/Graphics/cfxr skull dissolve alt.png
  importAddress: Guid(e836bd489a87ea7488ab2754f292ffdc) Importer(2089858483,b0f066a214c2f5e87bad3c948f4d605d)
Start importing Assets/Packages/JMO Assets/Cartoon FX Remaster/CFXR Assets/Graphics/cfxr skull dissolve alt.png using Guid(e836bd489a87ea7488ab2754f292ffdc) Importer(2089858483,b0f066a214c2f5e87bad3c948f4d605d) (ScriptedImporter) -> (Import Result ID: '01c352c0befe2e7470e76b1248e67ba3') in 0.0453651 seconds [static and dynamic dependencies]. Details - ImportResultOutputID=d03d9aa0f3441aac47edccc4832b648a DependenciesID=71361bb273af8a5ed634007d7fd53bcb StaticDependenciesID=4c458ac8b80b4f5cbdf3b4005481df1b 
Number of updated asset objects reloaded before import = 0Number of asset objects unloaded after import = 1

========================================================================
Received Import Request.
  Time since last request: 0.000020 seconds.
  path: Assets/Packages/JMO Assets/Cartoon FX Remaster/CFXR Assets/Graphics/cfxr skull outer outline.png
  importAddress: Guid(5f1b8589804ad594e98c1773d82cb6ec) Importer(2089858483,b0f066a214c2f5e87bad3c948f4d605d)
Start importing Assets/Packages/JMO Assets/Cartoon FX Remaster/CFXR Assets/Graphics/cfxr skull outer outline.png using Guid(5f1b8589804ad594e98c1773d82cb6ec) Importer(2089858483,b0f066a214c2f5e87bad3c948f4d605d) (ScriptedImporter) -> (Import Result ID: '5bc2e20f58fca727ea7e446b9285b7ce') in 0.0245548 seconds [static and dynamic dependencies]. Details - ImportResultOutputID=a2d88a733356dfbd687f4d8436ac2312 DependenciesID=71d9e61f030abc992883348b29fd4de9 StaticDependenciesID=aca5f0aa3344d732dbc08f66ea7aec09 
Number of updated asset objects reloaded before import = 0Number of asset objects unloaded after import = 1

========================================================================
Received Import Request.
  Time since last request: 0.000019 seconds.
  path: Assets/Packages/JMO Assets/Cartoon FX Remaster/CFXR Assets/Graphics/cfxr card club ab.mat
  importAddress: Guid(6a36ba77acbf3644f855c8700b01c682) Importer(2089858483,b0f066a214c2f5e87bad3c948f4d605d)
Start importing Assets/Packages/JMO Assets/Cartoon FX Remaster/CFXR Assets/Graphics/cfxr card club ab.mat using Guid(6a36ba77acbf3644f855c8700b01c682) Importer(2089858483,b0f066a214c2f5e87bad3c948f4d605d) (ScriptedImporter) -> (Import Result ID: '2d235de570bee70e1fff803314fef756') in 0.0273234 seconds [static and dynamic dependencies]. Details - ImportResultOutputID=a3a01472bf8c87ba2879a45cabfbdb17 DependenciesID=afc1eb16766154e9fe1cdfe22e88510e StaticDependenciesID=d08b251086d4f512e38c9fe9f36b0127 
Number of updated asset objects reloaded before import = 0Number of asset objects unloaded after import = 2

========================================================================
Received Import Request.
  Time since last request: 0.000022 seconds.
  path: Assets/Packages/JMO Assets/Cartoon FX Remaster/CFXR Assets/Graphics/cfxr smiley angry.png
  importAddress: Guid(cd9438f3ff0307746abfcd3fdb7e6fb9) Importer(2089858483,b0f066a214c2f5e87bad3c948f4d605d)
Start importing Assets/Packages/JMO Assets/Cartoon FX Remaster/CFXR Assets/Graphics/cfxr smiley angry.png using Guid(cd9438f3ff0307746abfcd3fdb7e6fb9) Importer(2089858483,b0f066a214c2f5e87bad3c948f4d605d) (ScriptedImporter) -> (Import Result ID: '4b4b6b77464d10dc5c1301f5dcc98fd8') in 0.042484 seconds [static and dynamic dependencies]. Details - ImportResultOutputID=7f78057a407767ac558507733361300b DependenciesID=67022a74a5bd617ca9bef74b89e996c2 StaticDependenciesID=923d8e6c888ec12f218a206ee0925522 
Number of updated asset objects reloaded before import = 0Number of asset objects unloaded after import = 1

========================================================================
Received Import Request.
  Time since last request: 0.000032 seconds.
  path: Assets/Packages/JMO Assets/Cartoon FX Remaster/CFXR Assets/Graphics/cfxr puddle dissolve.png
  importAddress: Guid(d00343a43012e0f46bc7adad3504c61b) Importer(2089858483,b0f066a214c2f5e87bad3c948f4d605d)
Start importing Assets/Packages/JMO Assets/Cartoon FX Remaster/CFXR Assets/Graphics/cfxr puddle dissolve.png using Guid(d00343a43012e0f46bc7adad3504c61b) Importer(2089858483,b0f066a214c2f5e87bad3c948f4d605d) (ScriptedImporter) -> (Import Result ID: 'cb823e721d270ea0f05f0d900cb69e3b') in 0.0566177 seconds [static and dynamic dependencies]. Details - ImportResultOutputID=91731850f0c51f87ec23fdd359b30177 DependenciesID=7d54e77f750eb206e00f5fc6a68bf5d1 StaticDependenciesID=118e500ec758095a8065f83142f1b7ed 
Number of updated asset objects reloaded before import = 0Number of asset objects unloaded after import = 1

========================================================================
Received Import Request.
  Time since last request: 0.000026 seconds.
  path: Assets/Sprites/TV-Guy 8-Bit Parts/TVGuy-LThigh.png
  importAddress: Guid(c1e84a158fca98e4abf7c15e076d5821) Importer(2089858483,b0f066a214c2f5e87bad3c948f4d605d)
Start importing Assets/Sprites/TV-Guy 8-Bit Parts/TVGuy-LThigh.png using Guid(c1e84a158fca98e4abf7c15e076d5821) Importer(2089858483,b0f066a214c2f5e87bad3c948f4d605d) (ScriptedImporter) -> (Import Result ID: '26f3c0ddab3d5ca8d362ddb1e94ffeef') in 0.1308495 seconds [static and dynamic dependencies]. Details - ImportResultOutputID=99caa3987e591c897dbbc02c32a75f0f DependenciesID=f0ad58ec13ddeed57f05e3ca9b8cfe3a StaticDependenciesID=82199e08c597e954aca45d3eb8d5aff7 
Number of updated asset objects reloaded before import = 0Number of asset objects unloaded after import = 3

========================================================================
Received Import Request.
  Time since last request: 0.000028 seconds.
  path: Assets/Packages/JMO Assets/Cartoon FX Remaster/CFXR Assets/Graphics/cfxr flamme crisp stable fine hdr ab.mat
  importAddress: Guid(ef64dc8784962734c8b0980d3aa7b21a) Importer(2089858483,b0f066a214c2f5e87bad3c948f4d605d)
Start importing Assets/Packages/JMO Assets/Cartoon FX Remaster/CFXR Assets/Graphics/cfxr flamme crisp stable fine hdr ab.mat using Guid(ef64dc8784962734c8b0980d3aa7b21a) Importer(2089858483,b0f066a214c2f5e87bad3c948f4d605d) (ScriptedImporter) -> (Import Result ID: '30748a1e381f8a28ff2ceb53e9a55218') in 0.0211268 seconds [static and dynamic dependencies]. Details - ImportResultOutputID=3f0d12e7d7203959bbe7ede7f63b1fd2 DependenciesID=60e55a4b7e0a753635e7964a9c5b9468 StaticDependenciesID=51103822d4cdbf7b6545f7248ab4c346 
Number of updated asset objects reloaded before import = 0Number of asset objects unloaded after import = 3

========================================================================
Received Import Request.
  Time since last request: 0.000056 seconds.
  path: Assets/Packages/JMO Assets/Cartoon FX Remaster/CFXR Assets/Graphics/cfxr smiley happy.png
  importAddress: Guid(0316052264c4a3b428cbbd2605699ec2) Importer(2089858483,b0f066a214c2f5e87bad3c948f4d605d)
Start importing Assets/Packages/JMO Assets/Cartoon FX Remaster/CFXR Assets/Graphics/cfxr smiley happy.png using Guid(0316052264c4a3b428cbbd2605699ec2) Importer(2089858483,b0f066a214c2f5e87bad3c948f4d605d) (ScriptedImporter) -> (Import Result ID: '955dea77f42b50c603f5db57a7d722a1') in 0.052122 seconds [static and dynamic dependencies]. Details - ImportResultOutputID=e160891f0f5ac256a69bc13ac53807c2 DependenciesID=40ebd04a514431189a329defba3fc2e3 StaticDependenciesID=74edf1f94dff42f5847a70c0b182c29f 
Number of updated asset objects reloaded before import = 0Number of asset objects unloaded after import = 1

========================================================================
Received Import Request.
  Time since last request: 0.000112 seconds.
  path: Assets/Packages/JMO Assets/Cartoon FX Remaster/CFXR Assets/Graphics/cfxr smiley smile ab.mat
  importAddress: Guid(56e9b0d5f7f278045887edbfcb1f6e08) Importer(2089858483,b0f066a214c2f5e87bad3c948f4d605d)
Start importing Assets/Packages/JMO Assets/Cartoon FX Remaster/CFXR Assets/Graphics/cfxr smiley smile ab.mat using Guid(56e9b0d5f7f278045887edbfcb1f6e08) Importer(2089858483,b0f066a214c2f5e87bad3c948f4d605d) (ScriptedImporter) -> (Import Result ID: 'fd9da129975733a94bf3c651a6fa8b19') in 0.0825456 seconds [static and dynamic dependencies]. Details - ImportResultOutputID=d993292661e145850d0bc81f4b256a1a DependenciesID=7285ab9a4f32f26d39355da5d3a09f59 StaticDependenciesID=8a6bc12ab58e01e2e598e2cd5de7e150 
Number of updated asset objects reloaded before import = 0Number of asset objects unloaded after import = 2

========================================================================
Received Import Request.
  Time since last request: 0.000042 seconds.
  path: Assets/Packages/JMO Assets/Cartoon FX Remaster/CFXR Assets/Graphics/cfxr fire small anim blurred.png
  importAddress: Guid(7dd21a42fcbbb4d49b7ce998ddc61e29) Importer(2089858483,b0f066a214c2f5e87bad3c948f4d605d)
Start importing Assets/Packages/JMO Assets/Cartoon FX Remaster/CFXR Assets/Graphics/cfxr fire small anim blurred.png using Guid(7dd21a42fcbbb4d49b7ce998ddc61e29) Importer(2089858483,b0f066a214c2f5e87bad3c948f4d605d) (ScriptedImporter) -> (Import Result ID: 'e3392fe524741f10097bd961ef05213b') in 0.0224102 seconds [static and dynamic dependencies]. Details - ImportResultOutputID=68364e5f65aa78b14bf66e5ab402472d DependenciesID=fad085eb3281be3d0eb8b95448492575 StaticDependenciesID=a152bc83814e5d2740981280cf2f2f3f 
Number of updated asset objects reloaded before import = 0Number of asset objects unloaded after import = 1

========================================================================
Received Import Request.
  Time since last request: 0.000019 seconds.
  path: Assets/Packages/JMO Assets/Cartoon FX Remaster/CFXR Assets/Graphics/cfxr smiley frown.png
  importAddress: Guid(2132e90e9604772419962b40957b517f) Importer(2089858483,b0f066a214c2f5e87bad3c948f4d605d)
Start importing Assets/Packages/JMO Assets/Cartoon FX Remaster/CFXR Assets/Graphics/cfxr smiley frown.png using Guid(2132e90e9604772419962b40957b517f) Importer(2089858483,b0f066a214c2f5e87bad3c948f4d605d) (ScriptedImporter) -> (Import Result ID: 'fbefbc3ef06cbbd31488beb9a755633f') in 0.3025818 seconds [static and dynamic dependencies]. Details - ImportResultOutputID=1d2f3fa556b1295e380f237efef33b0e DependenciesID=efac27620b3f67e20b7e809284976641 StaticDependenciesID=0cc83bc62e554ecc898288d6ff4e1279 
Number of updated asset objects reloaded before import = 0Number of asset objects unloaded after import = 1

========================================================================
Received Import Request.
  Time since last request: 0.000024 seconds.
  path: Assets/Packages/JMO Assets/Cartoon FX Remaster/CFXR Assets/Graphics/cfxr skull.png
  importAddress: Guid(3332c7f01d8a1934fbd377760beaae90) Importer(2089858483,b0f066a214c2f5e87bad3c948f4d605d)
Start importing Assets/Packages/JMO Assets/Cartoon FX Remaster/CFXR Assets/Graphics/cfxr skull.png using Guid(3332c7f01d8a1934fbd377760beaae90) Importer(2089858483,b0f066a214c2f5e87bad3c948f4d605d) (ScriptedImporter) -> (Import Result ID: 'be2801dde9a6b5d465530e62a46e2d46') in 0.0396579 seconds [static and dynamic dependencies]. Details - ImportResultOutputID=f78f44776c747127bfc472b12457154f DependenciesID=109b83ee6e89e28c93678f6c9c6f1edb StaticDependenciesID=dfe3f56a30e18fd19dbddc6fe8418297 
Number of updated asset objects reloaded before import = 0Number of asset objects unloaded after import = 1

========================================================================
Received Import Request.
  Time since last request: 0.000032 seconds.
  path: Assets/Packages/JMO Assets/Cartoon FX Remaster/CFXR Assets/Graphics/cfxr smoke cloud corner ab.mat
  importAddress: Guid(59cf83a58db62b64bba7b9a6275da6af) Importer(2089858483,b0f066a214c2f5e87bad3c948f4d605d)
Start importing Assets/Packages/JMO Assets/Cartoon FX Remaster/CFXR Assets/Graphics/cfxr smoke cloud corner ab.mat using Guid(59cf83a58db62b64bba7b9a6275da6af) Importer(2089858483,b0f066a214c2f5e87bad3c948f4d605d) (ScriptedImporter) -> (Import Result ID: '7259cde72556efcf459b1b45659cf31e') in 0.0975946 seconds [static and dynamic dependencies]. Details - ImportResultOutputID=dc859667210d90ca68d9cfb8127b4f2f DependenciesID=5b6975bf72e3c9e4fdfb2c8e78f87a79 StaticDependenciesID=f1e9969498b2508185e20c03513ab910 
Number of updated asset objects reloaded before import = 0Number of asset objects unloaded after import = 3

========================================================================
Received Import Request.
  Time since last request: 0.000031 seconds.
  path: Assets/Packages/JMO Assets/Cartoon FX Remaster/CFXR Assets/Graphics/cfxr proc glow soft invert add nosp.mat
  importAddress: Guid(9e1ad496c3904bd4085bb4f0a5db972d) Importer(2089858483,b0f066a214c2f5e87bad3c948f4d605d)
Start importing Assets/Packages/JMO Assets/Cartoon FX Remaster/CFXR Assets/Graphics/cfxr proc glow soft invert add nosp.mat using Guid(9e1ad496c3904bd4085bb4f0a5db972d) Importer(2089858483,b0f066a214c2f5e87bad3c948f4d605d) (ScriptedImporter) -> (Import Result ID: '172d7a2fb789c6320a90275176c813e9') in 0.0214933 seconds [static and dynamic dependencies]. Details - ImportResultOutputID=1db1b107f6a186ce832aa9371cc570ad DependenciesID=0551352d82ef954c23299ddb4e9babc1 StaticDependenciesID=758ece242b1d9332fef47e6db3ae15c7 
Number of updated asset objects reloaded before import = 0Number of asset objects unloaded after import = 1

========================================================================
Received Import Request.
  Time since last request: 0.000035 seconds.
  path: Assets/Packages/JMO Assets/Cartoon FX Remaster/CFXR Assets/Graphics/cfxr smoke cloud x4 ab lit crisp.mat
  importAddress: Guid(7a76fd099da21c04eb9cf9233c27d709) Importer(2089858483,b0f066a214c2f5e87bad3c948f4d605d)
Start importing Assets/Packages/JMO Assets/Cartoon FX Remaster/CFXR Assets/Graphics/cfxr smoke cloud x4 ab lit crisp.mat using Guid(7a76fd099da21c04eb9cf9233c27d709) Importer(2089858483,b0f066a214c2f5e87bad3c948f4d605d) (ScriptedImporter) -> (Import Result ID: '9505e974c1d8531ae20e027d0ed14bab') in 0.0782809 seconds [static and dynamic dependencies]. Details - ImportResultOutputID=606f529c8d3cc2952191714ade3251c9 DependenciesID=062fa6c3d2f12f962436e5d9bad957a1 StaticDependenciesID=495d9c525999d50b3d14e2e222a831b4 
Number of updated asset objects reloaded before import = 0Number of asset objects unloaded after import = 3

========================================================================
Received Import Request.
  Time since last request: 0.000023 seconds.
  path: Assets/Packages/JMO Assets/Cartoon FX Remaster/CFXR Assets/Graphics/cfxr smoke cloud x4 ab lit soft individual bright shadow.mat
  importAddress: Guid(2cb5eb823b3ed694da756f5a2070e45d) Importer(2089858483,b0f066a214c2f5e87bad3c948f4d605d)
Start importing Assets/Packages/JMO Assets/Cartoon FX Remaster/CFXR Assets/Graphics/cfxr smoke cloud x4 ab lit soft individual bright shadow.mat using Guid(2cb5eb823b3ed694da756f5a2070e45d) Importer(2089858483,b0f066a214c2f5e87bad3c948f4d605d) (ScriptedImporter) -> (Import Result ID: '751113728ede65d98eb8c1528434ac35') in 0.0453794 seconds [static and dynamic dependencies]. Details - ImportResultOutputID=ceb8b4c4b6cb30572c245bede0c38fa3 DependenciesID=2f39a784ac29c9f6fb26f17fd0261c96 StaticDependenciesID=31566627f68dc62bb80bce612e9e354e 
Number of updated asset objects reloaded before import = 0Number of asset objects unloaded after import = 3

========================================================================
Received Import Request.
  Time since last request: 0.000020 seconds.
  path: Assets/Animation/PlayerAnimations/SpriteTest/TestPlayerIdle.anim
  importAddress: Guid(a3f4047b0e8c46c48b735ae452067d0a) Importer(2089858483,b0f066a214c2f5e87bad3c948f4d605d)
Start importing Assets/Animation/PlayerAnimations/SpriteTest/TestPlayerIdle.anim using Guid(a3f4047b0e8c46c48b735ae452067d0a) Importer(2089858483,b0f066a214c2f5e87bad3c948f4d605d) (ScriptedImporter) -> (Import Result ID: 'a2b17b3c441d65f1f52e1406c32a2737') in 0.0225006 seconds [static and dynamic dependencies]. Details - ImportResultOutputID=5617b5ee856495b0fe2f6d203437664b DependenciesID=dcdcfee677e08fd385119988efad4354 StaticDependenciesID=438412f6639f64af02ddb401a49552b7 
Number of updated asset objects reloaded before import = 0Number of asset objects unloaded after import = 1

========================================================================
Received Import Request.
  Time since last request: 0.000036 seconds.
  path: Assets/Packages/JMO Assets/Cartoon FX Remaster/CFXR Assets/Graphics/cfxr smoke cloud x4 ab lit soft individual.mat
  importAddress: Guid(75bda02c67d09b04399d1912243a32b2) Importer(2089858483,b0f066a214c2f5e87bad3c948f4d605d)
Start importing Assets/Packages/JMO Assets/Cartoon FX Remaster/CFXR Assets/Graphics/cfxr smoke cloud x4 ab lit soft individual.mat using Guid(75bda02c67d09b04399d1912243a32b2) Importer(2089858483,b0f066a214c2f5e87bad3c948f4d605d) (ScriptedImporter) -> (Import Result ID: 'e549b4d210753372c528e32d21e583d9') in 0.0170815 seconds [static and dynamic dependencies]. Details - ImportResultOutputID=3bd72943363edb725c7d7a7141d4a2de DependenciesID=bbbc5ad46b74cb6614bba2c448fdf8d4 StaticDependenciesID=6d24159c2182d0c8858b4b8aad14e787 
Number of updated asset objects reloaded before import = 0Number of asset objects unloaded after import = 3

========================================================================
Received Import Request.
  Time since last request: 0.000017 seconds.
  path: Assets/Packages/JMO Assets/Cartoon FX Remaster/CFXR Assets/Graphics/cfxr smoke cloud x4 ab lit soft individual mid shadow.mat
  importAddress: Guid(6444139dd170a7249acc68e412bfd00f) Importer(2089858483,b0f066a214c2f5e87bad3c948f4d605d)
Start importing Assets/Packages/JMO Assets/Cartoon FX Remaster/CFXR Assets/Graphics/cfxr smoke cloud x4 ab lit soft individual mid shadow.mat using Guid(6444139dd170a7249acc68e412bfd00f) Importer(2089858483,b0f066a214c2f5e87bad3c948f4d605d) (ScriptedImporter) -> (Import Result ID: 'baa6ae656b54348a0e7482aa62bd81dd') in 0.0271128 seconds [static and dynamic dependencies]. Details - ImportResultOutputID=2e12941220630c6ecc371c0df741e9b7 DependenciesID=40b2129658db38d1f86886c696df5fe2 StaticDependenciesID=c1e801f9ac79a7e34f33b856247e19d2 
Number of updated asset objects reloaded before import = 0Number of asset objects unloaded after import = 3

========================================================================
Received Import Request.
  Time since last request: 0.038392 seconds.
  path: Assets/Packages/JMO Assets/Cartoon FX Remaster/CFXR Assets/Graphics/cfxr leave b.png
  importAddress: Guid(f93a7c9ff4065bb44a39162daa688962) Importer(2089858483,b0f066a214c2f5e87bad3c948f4d605d)
Start importing Assets/Packages/JMO Assets/Cartoon FX Remaster/CFXR Assets/Graphics/cfxr leave b.png using Guid(f93a7c9ff4065bb44a39162daa688962) Importer(2089858483,b0f066a214c2f5e87bad3c948f4d605d) (ScriptedImporter) -> (Import Result ID: 'f8800485aa8e9ca7b553fd85c77265cd') in 0.1232887 seconds [static and dynamic dependencies]. Details - ImportResultOutputID=5e0ea6c5c378c05f14f7a7b5021453bb DependenciesID=537cda2c8d1a840bd7b51ce7e899db3e StaticDependenciesID=e8c4ca8823d37b555c018d01c99d3a84 
Number of updated asset objects reloaded before import = 0Number of asset objects unloaded after import = 1

========================================================================
Received Import Request.
  Time since last request: 0.000027 seconds.
  path: Assets/Packages/JMO Assets/Cartoon FX Remaster/CFXR Assets/Graphics/cfxr smoke cloud corner dissolve.png
  importAddress: Guid(70e59802148656040a785d8510ecc501) Importer(2089858483,b0f066a214c2f5e87bad3c948f4d605d)
Start importing Assets/Packages/JMO Assets/Cartoon FX Remaster/CFXR Assets/Graphics/cfxr smoke cloud corner dissolve.png using Guid(70e59802148656040a785d8510ecc501) Importer(2089858483,b0f066a214c2f5e87bad3c948f4d605d) (ScriptedImporter) -> (Import Result ID: '600448470562526792018049525765bc') in 0.0204948 seconds [static and dynamic dependencies]. Details - ImportResultOutputID=9087fa15b2e6af26728d64fd52aaab6a DependenciesID=bf8290c9eba4b14319cb0d3ef5b7b9bc StaticDependenciesID=75268ae1539211b6751d776760c2654b 
Number of updated asset objects reloaded before import = 0Number of asset objects unloaded after import = 1

========================================================================
Received Import Request.
  Time since last request: 0.000018 seconds.
  path: Assets/Packages/JMO Assets/Cartoon FX Remaster/CFXR Assets/Graphics/cfxr smoke cloud x4 crisp dissolve ab.mat
  importAddress: Guid(211e690ffcd5bf1469e778995a8b144b) Importer(2089858483,b0f066a214c2f5e87bad3c948f4d605d)
Start importing Assets/Packages/JMO Assets/Cartoon FX Remaster/CFXR Assets/Graphics/cfxr smoke cloud x4 crisp dissolve ab.mat using Guid(211e690ffcd5bf1469e778995a8b144b) Importer(2089858483,b0f066a214c2f5e87bad3c948f4d605d) (ScriptedImporter) -> (Import Result ID: '8611e1c2c5bbddd886ebac5e6a674a3c') in 0.0171664 seconds [static and dynamic dependencies]. Details - ImportResultOutputID=9a4f5fb637bce3c28be5039ce14fceac DependenciesID=8c09c452a239198fadf01b2979e1aec2 StaticDependenciesID=9827bb422a1e33f8666f7634f444dfd2 
Number of updated asset objects reloaded before import = 0Number of asset objects unloaded after import = 3

========================================================================
Received Import Request.
  Time since last request: 0.000019 seconds.
  path: Assets/Packages/JMO Assets/Cartoon FX Remaster/CFXR Assets/Graphics/cfxr fire crisp fade hdr ab.mat
  importAddress: Guid(433cfee66f74fd94fa6149666cfbea29) Importer(2089858483,b0f066a214c2f5e87bad3c948f4d605d)
Start importing Assets/Packages/JMO Assets/Cartoon FX Remaster/CFXR Assets/Graphics/cfxr fire crisp fade hdr ab.mat using Guid(433cfee66f74fd94fa6149666cfbea29) Importer(2089858483,b0f066a214c2f5e87bad3c948f4d605d) (ScriptedImporter) -> (Import Result ID: '45e6acba3f9a4c70ae7bd7c806ee8bb3') in 0.0170488 seconds [static and dynamic dependencies]. Details - ImportResultOutputID=caf47e53b448268ccb2f7e21c908cb57 DependenciesID=00c1e5e8670393b0c07ca733dc1dc71a StaticDependenciesID=0d8bc14b6d720073182f96c360333ef0 
Number of updated asset objects reloaded before import = 0Number of asset objects unloaded after import = 3

========================================================================
Received Import Request.
  Time since last request: 0.000020 seconds.
  path: Assets/Packages/JMO Assets/Cartoon FX Remaster/CFXR Assets/Graphics/cfxr fire crisp fade nosp hdr ab.mat
  importAddress: Guid(ad419ece368c4894188f8b17a48a26a7) Importer(2089858483,b0f066a214c2f5e87bad3c948f4d605d)
Start importing Assets/Packages/JMO Assets/Cartoon FX Remaster/CFXR Assets/Graphics/cfxr fire crisp fade nosp hdr ab.mat using Guid(ad419ece368c4894188f8b17a48a26a7) Importer(2089858483,b0f066a214c2f5e87bad3c948f4d605d) (ScriptedImporter) -> (Import Result ID: '6b3fd8dd2b82123e920bd4881e3adb98') in 0.016899 seconds [static and dynamic dependencies]. Details - ImportResultOutputID=20c8fe8e305e306ac55326cd2a900852 DependenciesID=81346e1b8b31a0b32004a1f7d9d315e9 StaticDependenciesID=f4a948206f08b298ab96481a0486cb3c 
Number of updated asset objects reloaded before import = 0Number of asset objects unloaded after import = 3

========================================================================
Received Import Request.
  Time since last request: 0.000028 seconds.
  path: Assets/Packages/JMO Assets/Cartoon FX Remaster/CFXR Assets/Graphics/cfxr proc glow soft p4 add nosp.mat
  importAddress: Guid(b5d24f24a809168479fdfa62ee80f803) Importer(2089858483,b0f066a214c2f5e87bad3c948f4d605d)
Start importing Assets/Packages/JMO Assets/Cartoon FX Remaster/CFXR Assets/Graphics/cfxr proc glow soft p4 add nosp.mat using Guid(b5d24f24a809168479fdfa62ee80f803) Importer(2089858483,b0f066a214c2f5e87bad3c948f4d605d) (ScriptedImporter) -> (Import Result ID: '5a0ec46f49107df32f3f7cbe4c3e3d97') in 0.0495557 seconds [static and dynamic dependencies]. Details - ImportResultOutputID=f48b644dd2803cfd4ea01b90f88e9d78 DependenciesID=a754936db4d3fbe2079a7118920d00b5 StaticDependenciesID=a790061583f2a1ea13a68fe83f0ca2df 
Number of updated asset objects reloaded before import = 0Number of asset objects unloaded after import = 1

========================================================================
Received Import Request.
  Time since last request: 0.000018 seconds.
  path: Assets/Packages/JMO Assets/Cartoon FX Remaster/CFXR Assets/Graphics/cfxr smoke cloud x4 blurred.png
  importAddress: Guid(44001ef5b09b59b44a589b1c0c0fd31f) Importer(2089858483,b0f066a214c2f5e87bad3c948f4d605d)
Start importing Assets/Packages/JMO Assets/Cartoon FX Remaster/CFXR Assets/Graphics/cfxr smoke cloud x4 blurred.png using Guid(44001ef5b09b59b44a589b1c0c0fd31f) Importer(2089858483,b0f066a214c2f5e87bad3c948f4d605d) (ScriptedImporter) -> (Import Result ID: '2768a218e9dc0d62fc1876288236ee57') in 0.0332214 seconds [static and dynamic dependencies]. Details - ImportResultOutputID=9ca0f9b5673991264444e6c4bcb76e4f DependenciesID=27ef9e6bc4a45402e4cc163788127a90 StaticDependenciesID=92dcc21e3ec827d31405d72a394e0e56 
Number of updated asset objects reloaded before import = 0Number of asset objects unloaded after import = 1

========================================================================
Received Import Request.
  Time since last request: 0.000022 seconds.
  path: Assets/Packages/JMO Assets/Cartoon FX Remaster/CFXR Assets/Graphics/cfxr smoke cloud x4 second color underlit ab.mat
  importAddress: Guid(5005ee354c9f83748aaf746cea1880d9) Importer(2089858483,b0f066a214c2f5e87bad3c948f4d605d)
Start importing Assets/Packages/JMO Assets/Cartoon FX Remaster/CFXR Assets/Graphics/cfxr smoke cloud x4 second color underlit ab.mat using Guid(5005ee354c9f83748aaf746cea1880d9) Importer(2089858483,b0f066a214c2f5e87bad3c948f4d605d) (ScriptedImporter) -> (Import Result ID: 'a12b326af8df8b9af349c5310ed43a5c') in 0.0499129 seconds [static and dynamic dependencies]. Details - ImportResultOutputID=4ecb72989e8f9efe7b7c49a9296399da DependenciesID=4ac36f282a0c4a5620c395fcf311dd73 StaticDependenciesID=b5568a76f10f7f674f7fa83c18532b68 
Number of updated asset objects reloaded before import = 0Number of asset objects unloaded after import = 4

========================================================================
Received Import Request.
  Time since last request: 0.000034 seconds.
  path: Assets/Packages/JMO Assets/Cartoon FX Remaster/CFXR Assets/Graphics/cfxr smoke cloud x4 mult blurred.mat
  importAddress: Guid(b51eed9cffd8c854ea795d648e28601e) Importer(2089858483,b0f066a214c2f5e87bad3c948f4d605d)
Start importing Assets/Packages/JMO Assets/Cartoon FX Remaster/CFXR Assets/Graphics/cfxr smoke cloud x4 mult blurred.mat using Guid(b51eed9cffd8c854ea795d648e28601e) Importer(2089858483,b0f066a214c2f5e87bad3c948f4d605d) (ScriptedImporter) -> (Import Result ID: '91f78637e64eb099a830e537bffd8bd5') in 0.0410149 seconds [static and dynamic dependencies]. Details - ImportResultOutputID=d504a720839ba24b13918d4982493001 DependenciesID=8089443f1ec09ac665d83a9f25a2f6af StaticDependenciesID=7a53ad9aaec1ead1eeee3d002da2b8c5 
Number of updated asset objects reloaded before import = 0Number of asset objects unloaded after import = 3

========================================================================
Received Import Request.
  Time since last request: 0.000017 seconds.
  path: Assets/Packages/JMO Assets/Cartoon FX Remaster/CFXR Assets/Graphics/cfxr smoke cloud x4 dissolve.png
  importAddress: Guid(c1819aef53deedf40af80257ccb5b1a8) Importer(2089858483,b0f066a214c2f5e87bad3c948f4d605d)
Start importing Assets/Packages/JMO Assets/Cartoon FX Remaster/CFXR Assets/Graphics/cfxr smoke cloud x4 dissolve.png using Guid(c1819aef53deedf40af80257ccb5b1a8) Importer(2089858483,b0f066a214c2f5e87bad3c948f4d605d) (ScriptedImporter) -> (Import Result ID: '473ce8f39487dcd71436924e96b4451c') in 0.0203308 seconds [static and dynamic dependencies]. Details - ImportResultOutputID=c67425a1252beff3390f611d04e3f8ed DependenciesID=37496b1e29ce7a422b8cd73aad1f32ad StaticDependenciesID=cd7ede7c4ccd2e2064b84f234054e37e 
Number of updated asset objects reloaded before import = 0Number of asset objects unloaded after import = 1

========================================================================
Received Import Request.
  Time since last request: 0.000018 seconds.
  path: Assets/Packages/JMO Assets/Cartoon FX Remaster/CFXR Assets/Graphics/cfxr smoke cloud x4 second color ab.mat
  importAddress: Guid(ec1892961c3d27347b1ed3a3cb5f854e) Importer(2089858483,b0f066a214c2f5e87bad3c948f4d605d)
Start importing Assets/Packages/JMO Assets/Cartoon FX Remaster/CFXR Assets/Graphics/cfxr smoke cloud x4 second color ab.mat using Guid(ec1892961c3d27347b1ed3a3cb5f854e) Importer(2089858483,b0f066a214c2f5e87bad3c948f4d605d) (ScriptedImporter) -> (Import Result ID: '68ae2939c8eebe9cf98de5e3151a8204') in 0.0165594 seconds [static and dynamic dependencies]. Details - ImportResultOutputID=a92b7c38ea733411c756f4c9b6c11d3a DependenciesID=7f30154842834530bc40ee82e90f595e StaticDependenciesID=63f479266a9e2bfaf4c80d708459ab4f 
Number of updated asset objects reloaded before import = 0Number of asset objects unloaded after import = 4

========================================================================
Received Import Request.
  Time since last request: 0.000022 seconds.
  path: Assets/Packages/JMO Assets/Cartoon FX Remaster/CFXR Assets/Graphics/cfxr spikes half impact gradient.png
  importAddress: Guid(0507e48ffacf40549a96d4efaa55672a) Importer(2089858483,b0f066a214c2f5e87bad3c948f4d605d)
Start importing Assets/Packages/JMO Assets/Cartoon FX Remaster/CFXR Assets/Graphics/cfxr spikes half impact gradient.png using Guid(0507e48ffacf40549a96d4efaa55672a) Importer(2089858483,b0f066a214c2f5e87bad3c948f4d605d) (ScriptedImporter) -> (Import Result ID: '9d84bf6adae0cef3ad8ad1bb91c26f4f') in 0.0435791 seconds [static and dynamic dependencies]. Details - ImportResultOutputID=1d6082be337b37555160249c5eb3ddd5 DependenciesID=418f2cf305ffbaa98f7e847b035f3d67 StaticDependenciesID=d8e2cee4df6905341ff1b274b9e21b81 
Number of updated asset objects reloaded before import = 0Number of asset objects unloaded after import = 1

========================================================================
Received Import Request.
  Time since last request: 0.000030 seconds.
  path: Assets/Packages/JMO Assets/Cartoon FX Remaster/CFXR Assets/Graphics/cfxr smoke cloud x4.png
  importAddress: Guid(4a4bd2804b2d1ff46ab18baabfc526da) Importer(2089858483,b0f066a214c2f5e87bad3c948f4d605d)
Start importing Assets/Packages/JMO Assets/Cartoon FX Remaster/CFXR Assets/Graphics/cfxr smoke cloud x4.png using Guid(4a4bd2804b2d1ff46ab18baabfc526da) Importer(2089858483,b0f066a214c2f5e87bad3c948f4d605d) (ScriptedImporter) -> (Import Result ID: '81fd6434a909fa45b1e6e845a4b363eb') in 0.018796 seconds [static and dynamic dependencies]. Details - ImportResultOutputID=ffa15fd821bfa17f54bd70fbed40c2ec DependenciesID=9d66f709e432e772cb9fedc478ce1cd2 StaticDependenciesID=a9f44053506e61c5e158634bdfce88ba 
Number of updated asset objects reloaded before import = 0Number of asset objects unloaded after import = 1

========================================================================
Received Import Request.
  Time since last request: 0.000022 seconds.
  path: Assets/Packages/JMO Assets/Cartoon FX Remaster/CFXR Assets/Graphics/cfxr smoke cloud x4 second color.png
  importAddress: Guid(5a93bc51afc11864393e806e706c3b19) Importer(2089858483,b0f066a214c2f5e87bad3c948f4d605d)
Start importing Assets/Packages/JMO Assets/Cartoon FX Remaster/CFXR Assets/Graphics/cfxr smoke cloud x4 second color.png using Guid(5a93bc51afc11864393e806e706c3b19) Importer(2089858483,b0f066a214c2f5e87bad3c948f4d605d) (ScriptedImporter) -> (Import Result ID: 'cbe690d2ec7a5964f3ef44a03002d18c') in 0.0191666 seconds [static and dynamic dependencies]. Details - ImportResultOutputID=6792f7cadd47aa1f4598ed2f9f9bb2a5 DependenciesID=6f5e248b190eb1460e2e599547ca3c06 StaticDependenciesID=11d394d09ab813213e97d2d85fdc7615 
Number of updated asset objects reloaded before import = 0Number of asset objects unloaded after import = 1

========================================================================
Received Import Request.
  Time since last request: 0.000016 seconds.
  path: Assets/Packages/JMO Assets/Cartoon FX Remaster/CFXR Assets/Graphics/cfxr debris ice 2x2 ab lit.mat
  importAddress: Guid(d7db40b0f0e0ac045b7b14e8f37ade3e) Importer(2089858483,b0f066a214c2f5e87bad3c948f4d605d)
Start importing Assets/Packages/JMO Assets/Cartoon FX Remaster/CFXR Assets/Graphics/cfxr debris ice 2x2 ab lit.mat using Guid(d7db40b0f0e0ac045b7b14e8f37ade3e) Importer(2089858483,b0f066a214c2f5e87bad3c948f4d605d) (ScriptedImporter) -> (Import Result ID: '51741127f0369feeb9c1dca482ee4df3') in 0.0431659 seconds [static and dynamic dependencies]. Details - ImportResultOutputID=2a6daa676f08d63f4da4b5bb50f59c34 DependenciesID=129112f50a0bb1528b5f7efa7fd55f75 StaticDependenciesID=82f6d6c9bacd7a6c6fdd4a9ca4cea78e 
Number of updated asset objects reloaded before import = 0Number of asset objects unloaded after import = 3

========================================================================
Received Import Request.
  Time since last request: 0.000022 seconds.
  path: Assets/Sprites/TV-Guy 8-Bit Parts/TVGuy-LLeg.png
  importAddress: Guid(9bff0afc19b887845a8febe882d05435) Importer(2089858483,b0f066a214c2f5e87bad3c948f4d605d)
Start importing Assets/Sprites/TV-Guy 8-Bit Parts/TVGuy-LLeg.png using Guid(9bff0afc19b887845a8febe882d05435) Importer(2089858483,b0f066a214c2f5e87bad3c948f4d605d) (ScriptedImporter) -> (Import Result ID: '4f4b017030437d089b8cd63f4f3323a4') in 0.0402077 seconds [static and dynamic dependencies]. Details - ImportResultOutputID=d3bd143227fbc5d11031a015b6cdba51 DependenciesID=8a71ad312208324b18b1822f324320c0 StaticDependenciesID=7af0e9e6f7b79a0c04d843762ac479c8 
Number of updated asset objects reloaded before import = 0Number of asset objects unloaded after import = 3

========================================================================
Received Import Request.
  Time since last request: 0.000032 seconds.
  path: Assets/Packages/JMO Assets/Cartoon FX Remaster/CFXR Assets/Graphics/cfxr spikes impact add.mat
  importAddress: Guid(04d0f020002082e4db140d8c0954e83e) Importer(2089858483,b0f066a214c2f5e87bad3c948f4d605d)
Start importing Assets/Packages/JMO Assets/Cartoon FX Remaster/CFXR Assets/Graphics/cfxr spikes impact add.mat using Guid(04d0f020002082e4db140d8c0954e83e) Importer(2089858483,b0f066a214c2f5e87bad3c948f4d605d) (ScriptedImporter) -> (Import Result ID: '68724969d37d919c82cc76a26501ae07') in 0.022514 seconds [static and dynamic dependencies]. Details - ImportResultOutputID=549811f89cc0d1bf53734515e58efb68 DependenciesID=f903f7934805327a7df1ada40706551c StaticDependenciesID=4f3196115cf56344e5973bbbc16fa4a7 
Number of updated asset objects reloaded before import = 0Number of asset objects unloaded after import = 2

========================================================================
Received Import Request.
  Time since last request: 0.000018 seconds.
  path: Assets/Packages/JMO Assets/Cartoon FX Remaster/CFXR Assets/Graphics/cfxr spikes impact ab.mat
  importAddress: Guid(79d0c47029980c04caed1c1327f99c17) Importer(2089858483,b0f066a214c2f5e87bad3c948f4d605d)
Start importing Assets/Packages/JMO Assets/Cartoon FX Remaster/CFXR Assets/Graphics/cfxr spikes impact ab.mat using Guid(79d0c47029980c04caed1c1327f99c17) Importer(2089858483,b0f066a214c2f5e87bad3c948f4d605d) (ScriptedImporter) -> (Import Result ID: '047b562e12b21accc8fe4a145490fbaf') in 0.0154221 seconds [static and dynamic dependencies]. Details - ImportResultOutputID=ab83bf19943abf3eda4a91cbeaea3865 DependenciesID=95e37fcb6291ebd848d36bcb10de91a8 StaticDependenciesID=c0b6af37630fa607130535ab673fa1eb 
Number of updated asset objects reloaded before import = 0Number of asset objects unloaded after import = 2

========================================================================
Received Import Request.
  Time since last request: 0.000018 seconds.
  path: Assets/Packages/JMO Assets/Cartoon FX Remaster/CFXR Assets/Graphics/cfxr line loop electric ab.mat
  importAddress: Guid(3cc083982df3cf54fbce604867ef0cd9) Importer(2089858483,b0f066a214c2f5e87bad3c948f4d605d)
Start importing Assets/Packages/JMO Assets/Cartoon FX Remaster/CFXR Assets/Graphics/cfxr line loop electric ab.mat using Guid(3cc083982df3cf54fbce604867ef0cd9) Importer(2089858483,b0f066a214c2f5e87bad3c948f4d605d) (ScriptedImporter) -> (Import Result ID: 'cd7c83abf1f6fb0cac5ffee85fec114e') in 0.0154676 seconds [static and dynamic dependencies]. Details - ImportResultOutputID=2129b1dbdbc4c9fa01b5585e4af1bfe1 DependenciesID=f59ae90096afe76615b86cdabc789d45 StaticDependenciesID=ddfa2e7a65a5c4577b80d42eb7d578b9 
Number of updated asset objects reloaded before import = 0Number of asset objects unloaded after import = 2

========================================================================
Received Import Request.
  Time since last request: 0.000019 seconds.
  path: Assets/Packages/Pixel Adventure 1/Assets/Background/Gray.png
  importAddress: Guid(ffc80c129c9aca14c9fb4dbeba0e10d2) Importer(2089858483,b0f066a214c2f5e87bad3c948f4d605d)
Start importing Assets/Packages/Pixel Adventure 1/Assets/Background/Gray.png using Guid(ffc80c129c9aca14c9fb4dbeba0e10d2) Importer(2089858483,b0f066a214c2f5e87bad3c948f4d605d) (ScriptedImporter) -> (Import Result ID: 'be2bfae652788847161f103180f8ef87') in 0.0208433 seconds [static and dynamic dependencies]. Details - ImportResultOutputID=614d7d6d5a4c50f06b831f467334f251 DependenciesID=d358d3c4ee18f4ee604aa6b655c3279e StaticDependenciesID=a747265a961f7b30f509be5d017ef22a 
Number of updated asset objects reloaded before import = 0Number of asset objects unloaded after import = 3

========================================================================
Received Import Request.
  Time since last request: 0.000029 seconds.
  path: Assets/Packages/JMO Assets/Cartoon FX Remaster/CFXR Assets/Graphics/cfxr debris wood 3x3 ab.mat
  importAddress: Guid(7e65055c579688c4d8037b12e2dcd7a1) Importer(2089858483,b0f066a214c2f5e87bad3c948f4d605d)
Start importing Assets/Packages/JMO Assets/Cartoon FX Remaster/CFXR Assets/Graphics/cfxr debris wood 3x3 ab.mat using Guid(7e65055c579688c4d8037b12e2dcd7a1) Importer(2089858483,b0f066a214c2f5e87bad3c948f4d605d) (ScriptedImporter) -> (Import Result ID: '584699f6ce3d7edecbd9c3a000c666e5') in 0.0169889 seconds [static and dynamic dependencies]. Details - ImportResultOutputID=e7293231fc1152dd5e76b9a8c13a7938 DependenciesID=761ea4a8b31576bc08d4a906def96274 StaticDependenciesID=457d2f5701b7d25a7de8602dd6b4fb1a 
Number of updated asset objects reloaded before import = 0Number of asset objects unloaded after import = 3

========================================================================
Received Import Request.
  Time since last request: 0.000018 seconds.
  path: Assets/Packages/JMO Assets/Cartoon FX Remaster/CFXR Assets/Graphics/cfxr screen distortion perlin.mat
  importAddress: Guid(5291c8379d0117f47bf0a76d17512364) Importer(2089858483,b0f066a214c2f5e87bad3c948f4d605d)
Start importing Assets/Packages/JMO Assets/Cartoon FX Remaster/CFXR Assets/Graphics/cfxr screen distortion perlin.mat using Guid(5291c8379d0117f47bf0a76d17512364) Importer(2089858483,b0f066a214c2f5e87bad3c948f4d605d) (ScriptedImporter) -> (Import Result ID: 'e459be9e51b08be7717358a732f49c18') in 0.029188 seconds [static and dynamic dependencies]. Details - ImportResultOutputID=b7feab6aef00ed04989150e663688b73 DependenciesID=4e253c645cda398fb7f7980b3ed78384 StaticDependenciesID=e2c2d27d41f530362d7ec6266d283554 
Number of updated asset objects reloaded before import = 0Number of asset objects unloaded after import = 2

========================================================================
Received Import Request.
  Time since last request: 0.000017 seconds.
  path: Assets/Packages/JMO Assets/Cartoon FX Remaster/CFXR Assets/Graphics/cfxr spikes impact mesh.asset
  importAddress: Guid(928806a91d0b01541aa11e36bb755ab7) Importer(2089858483,b0f066a214c2f5e87bad3c948f4d605d)
Start importing Assets/Packages/JMO Assets/Cartoon FX Remaster/CFXR Assets/Graphics/cfxr spikes impact mesh.asset using Guid(928806a91d0b01541aa11e36bb755ab7) Importer(2089858483,b0f066a214c2f5e87bad3c948f4d605d) (ScriptedImporter) -> (Import Result ID: '981a2c718a93c57413f535428b3366ab') in 0.0149482 seconds [static and dynamic dependencies]. Details - ImportResultOutputID=c7722c8c71442d413290c01c9398aee7 DependenciesID=4f9eb102ddba3c383a5cb8aedbb7b63a StaticDependenciesID=08ede9dabc9a1b09934b8a15209d66ff 
Number of updated asset objects reloaded before import = 0Number of asset objects unloaded after import = 1

========================================================================
Received Import Request.
  Time since last request: 0.000043 seconds.
  path: Assets/Packages/JMO Assets/Cartoon FX Remaster/CFXR Assets/Graphics/cfxr flare.png
  importAddress: Guid(b4c058e0744fa8b4f89db9d3171f4eb9) Importer(2089858483,b0f066a214c2f5e87bad3c948f4d605d)
Start importing Assets/Packages/JMO Assets/Cartoon FX Remaster/CFXR Assets/Graphics/cfxr flare.png using Guid(b4c058e0744fa8b4f89db9d3171f4eb9) Importer(2089858483,b0f066a214c2f5e87bad3c948f4d605d) (ScriptedImporter) -> (Import Result ID: '5c83020e2520f2e8881b9bd161db1cd2') in 0.0231921 seconds [static and dynamic dependencies]. Details - ImportResultOutputID=9cd7b46630f13d7e5df60f8e31419695 DependenciesID=4e45810fdfdfbd2dffbac8adae490d6e StaticDependenciesID=772b1bab76afe68a90c49812f5b7d9b1 
Number of updated asset objects reloaded before import = 0Number of asset objects unloaded after import = 1

========================================================================
Received Import Request.
  Time since last request: 0.000032 seconds.
  path: Assets/Packages/JMO Assets/Cartoon FX Remaster/CFXR Assets/Graphics/cfxr leave a ab lit normal.mat
  importAddress: Guid(80eaf5e9f1028e04b87ba508cb40858f) Importer(2089858483,b0f066a214c2f5e87bad3c948f4d605d)
Start importing Assets/Packages/JMO Assets/Cartoon FX Remaster/CFXR Assets/Graphics/cfxr leave a ab lit normal.mat using Guid(80eaf5e9f1028e04b87ba508cb40858f) Importer(2089858483,b0f066a214c2f5e87bad3c948f4d605d) (ScriptedImporter) -> (Import Result ID: '067d6bbe19242232cb661949ab6fa845') in 0.027481 seconds [static and dynamic dependencies]. Details - ImportResultOutputID=9975f8141e5ad77a56d9d76d12963dd7 DependenciesID=09d3dc02ddc1d46dbb332dba268ede6d StaticDependenciesID=4a0cb536ad13cd55d92d472bb5e015e1 
Number of updated asset objects reloaded before import = 0Number of asset objects unloaded after import = 3

========================================================================
Received Import Request.
  Time since last request: 0.000020 seconds.
  path: Assets/Packages/JMO Assets/Cartoon FX Remaster/CFXR Assets/Graphics/cfxr smoke cloud x4 hdr ab.mat
  importAddress: Guid(5df4345cfe22e7a459953f7b80823e19) Importer(2089858483,b0f066a214c2f5e87bad3c948f4d605d)
Start importing Assets/Packages/JMO Assets/Cartoon FX Remaster/CFXR Assets/Graphics/cfxr smoke cloud x4 hdr ab.mat using Guid(5df4345cfe22e7a459953f7b80823e19) Importer(2089858483,b0f066a214c2f5e87bad3c948f4d605d) (ScriptedImporter) -> (Import Result ID: '0056fa19eaf4968e6c1d01b1b0e7b94f') in 0.0196654 seconds [static and dynamic dependencies]. Details - ImportResultOutputID=f4268d9d8775f9180d8c2c122d984ac8 DependenciesID=3728a16043d3236576d30af15c16d7eb StaticDependenciesID=dfb1a05aa1aab849b986a9ca91ad6c8a 
Number of updated asset objects reloaded before import = 0Number of asset objects unloaded after import = 3

========================================================================
Received Import Request.
  Time since last request: 0.000017 seconds.
  path: Assets/Packages/JMO Assets/Cartoon FX Remaster/CFXR Assets/Graphics/cfxr spikes impact dissolve ab.mat
  importAddress: Guid(3f0274981b7991749a3c2a25ef4ec527) Importer(2089858483,b0f066a214c2f5e87bad3c948f4d605d)
Start importing Assets/Packages/JMO Assets/Cartoon FX Remaster/CFXR Assets/Graphics/cfxr spikes impact dissolve ab.mat using Guid(3f0274981b7991749a3c2a25ef4ec527) Importer(2089858483,b0f066a214c2f5e87bad3c948f4d605d) (ScriptedImporter) -> (Import Result ID: 'b91e007983fe4ebaeb39d9001a280ec1') in 0.0758108 seconds [static and dynamic dependencies]. Details - ImportResultOutputID=4d4418f4621db587f3e244d36f1b9116 DependenciesID=73de55a2091e2cb3554e8135a5ffcc89 StaticDependenciesID=7138700935098525b958bdbc80e52fff 
Number of updated asset objects reloaded before import = 0Number of asset objects unloaded after import = 3

========================================================================
Received Import Request.
  Time since last request: 0.000026 seconds.
  path: Assets/Packages/JMO Assets/Cartoon FX Remaster/CFXR Assets/Graphics/cfxr steam blur dissolve hdr add.mat
  importAddress: Guid(a8e9ac83c7b8f874dbd012d38148c845) Importer(2089858483,b0f066a214c2f5e87bad3c948f4d605d)
Start importing Assets/Packages/JMO Assets/Cartoon FX Remaster/CFXR Assets/Graphics/cfxr steam blur dissolve hdr add.mat using Guid(a8e9ac83c7b8f874dbd012d38148c845) Importer(2089858483,b0f066a214c2f5e87bad3c948f4d605d) (ScriptedImporter) -> (Import Result ID: 'aa6a585c93902be654c446abb6e954a6') in 0.1125408 seconds [static and dynamic dependencies]. Details - ImportResultOutputID=5cc18468180faf227b4c42631c7defa1 DependenciesID=abb1ed2fa9f6b9429bae536b4186f29d StaticDependenciesID=496559c6931d691655dd6cb18102159e 
Number of updated asset objects reloaded before import = 0Number of asset objects unloaded after import = 4

========================================================================
Received Import Request.
  Time since last request: 0.000048 seconds.
  path: Assets/Animation/PlayerAnimations/PlayerAnimationController.controller
  importAddress: Guid(594587d97e48f764ca7aef4ceb9d89ff) Importer(2089858483,b0f066a214c2f5e87bad3c948f4d605d)
Start importing Assets/Animation/PlayerAnimations/PlayerAnimationController.controller using Guid(594587d97e48f764ca7aef4ceb9d89ff) Importer(2089858483,b0f066a214c2f5e87bad3c948f4d605d) (ScriptedImporter) -> (Import Result ID: '0e62f856794386dfa1eb05cf48caa8c2') in 0.0324792 seconds [static and dynamic dependencies]. Details - ImportResultOutputID=28677e7cf272120d6086c9d4628b600b DependenciesID=7bfed5c38fe2136fc03b487688fa2708 StaticDependenciesID=96e3fcef2c4188afcff4c61cd83bc3a7 
Number of updated asset objects reloaded before import = 0Number of asset objects unloaded after import = 42

========================================================================
Received Import Request.
  Time since last request: 0.000018 seconds.
  path: Assets/Packages/JMO Assets/Cartoon FX Remaster/CFXR Assets/Graphics/cfxr debris unlit 3x3.png
  importAddress: Guid(ce355ddea16ad0a41abee534af68b82a) Importer(2089858483,b0f066a214c2f5e87bad3c948f4d605d)
Start importing Assets/Packages/JMO Assets/Cartoon FX Remaster/CFXR Assets/Graphics/cfxr debris unlit 3x3.png using Guid(ce355ddea16ad0a41abee534af68b82a) Importer(2089858483,b0f066a214c2f5e87bad3c948f4d605d) (ScriptedImporter) -> (Import Result ID: 'a030a35da88b073732b7d9253c4bfe66') in 0.0192061 seconds [static and dynamic dependencies]. Details - ImportResultOutputID=ca3816e9d906c72f5d546c656c1880ad DependenciesID=9a16d683fa3c70af54be826395a7dbe1 StaticDependenciesID=4a55332a59b97be637af97abbd58e10a 
Number of updated asset objects reloaded before import = 0Number of asset objects unloaded after import = 1

========================================================================
Received Import Request.
  Time since last request: 0.000026 seconds.
  path: Assets/Packages/JMO Assets/Cartoon FX Remaster/CFXR Assets/Graphics/cfxr stretch flamme crisp.png
  importAddress: Guid(221462f4c3da8604c9dcc63641989a98) Importer(2089858483,b0f066a214c2f5e87bad3c948f4d605d)
Start importing Assets/Packages/JMO Assets/Cartoon FX Remaster/CFXR Assets/Graphics/cfxr stretch flamme crisp.png using Guid(221462f4c3da8604c9dcc63641989a98) Importer(2089858483,b0f066a214c2f5e87bad3c948f4d605d) (ScriptedImporter) -> (Import Result ID: 'b33ec9f30e9252738f1753cb0bf232ff') in 0.0951909 seconds [static and dynamic dependencies]. Details - ImportResultOutputID=82a2374d84e3654c50957cd122b7325b DependenciesID=27d7c02ab58a5980fb7cd1fcb02f987e StaticDependenciesID=ada194504768ff30be7efd9a48bb625d 
Number of updated asset objects reloaded before import = 0Number of asset objects unloaded after import = 1

========================================================================
Received Import Request.
  Time since last request: 0.000039 seconds.
  path: Assets/Packages/JMO Assets/Cartoon FX Remaster/CFXR Assets/Graphics/cfxr stretch flamme crisp dissolve.png
  importAddress: Guid(bad5d0fa763e08742a9f746be9781732) Importer(2089858483,b0f066a214c2f5e87bad3c948f4d605d)
Start importing Assets/Packages/JMO Assets/Cartoon FX Remaster/CFXR Assets/Graphics/cfxr stretch flamme crisp dissolve.png using Guid(bad5d0fa763e08742a9f746be9781732) Importer(2089858483,b0f066a214c2f5e87bad3c948f4d605d) (ScriptedImporter) -> (Import Result ID: '691db09ec9671cf0eb65959327dfff20') in 0.0498077 seconds [static and dynamic dependencies]. Details - ImportResultOutputID=fcaff3345dbcebda1fa85baf249df6e2 DependenciesID=b4882a04fca3686fa89d8443757d2bc7 StaticDependenciesID=fff95bd9c7498930468cae99c1015a89 
Number of updated asset objects reloaded before import = 0Number of asset objects unloaded after import = 1

========================================================================
Received Import Request.
  Time since last request: 0.000026 seconds.
  path: Assets/Packages/Pixel Adventure 1/Assets/Background/Green.png
  importAddress: Guid(2538710101d0f1f4e8976b3495cd1f75) Importer(2089858483,b0f066a214c2f5e87bad3c948f4d605d)
Start importing Assets/Packages/Pixel Adventure 1/Assets/Background/Green.png using Guid(2538710101d0f1f4e8976b3495cd1f75) Importer(2089858483,b0f066a214c2f5e87bad3c948f4d605d) (ScriptedImporter) -> (Import Result ID: 'f1c84b2ef190eb144976fdc25a7117e5') in 0.0459237 seconds [static and dynamic dependencies]. Details - ImportResultOutputID=5d9f99ce31fd3c30863f4dfc42c911ec DependenciesID=16fbb0875d6ebf7f4f692f16c3929971 StaticDependenciesID=960610742ec4aff02f0a5ef1763b0f3f 
Number of updated asset objects reloaded before import = 0Number of asset objects unloaded after import = 3

========================================================================
Received Import Request.
  Time since last request: 0.000021 seconds.
  path: Assets/Packages/JMO Assets/Cartoon FX Remaster/CFXR Assets/Graphics/cfxr fire small anim blurred hdr ab.mat
  importAddress: Guid(9fd7b93f5b2bb4340b23ceb8bf5f8ad9) Importer(2089858483,b0f066a214c2f5e87bad3c948f4d605d)
Start importing Assets/Packages/JMO Assets/Cartoon FX Remaster/CFXR Assets/Graphics/cfxr fire small anim blurred hdr ab.mat using Guid(9fd7b93f5b2bb4340b23ceb8bf5f8ad9) Importer(2089858483,b0f066a214c2f5e87bad3c948f4d605d) (ScriptedImporter) -> (Import Result ID: 'a440a9d4e96b7404df2207ff7c1efeb6') in 0.0155627 seconds [static and dynamic dependencies]. Details - ImportResultOutputID=a1ecc660da1c456a6bfb8bd7eed70851 DependenciesID=ee613283c38cc849fa203eb90ac0999d StaticDependenciesID=f8f8a5230aa807db8318411cc633389d 
Number of updated asset objects reloaded before import = 0Number of asset objects unloaded after import = 2

========================================================================
Received Import Request.
  Time since last request: 0.000030 seconds.
  path: Assets/Packages/JMO Assets/Cartoon FX Remaster/CFXR Assets/Graphics/cfxr ghost trail add.mat
  importAddress: Guid(c965a6802e32f5847ad2bc4342b74778) Importer(2089858483,b0f066a214c2f5e87bad3c948f4d605d)
Start importing Assets/Packages/JMO Assets/Cartoon FX Remaster/CFXR Assets/Graphics/cfxr ghost trail add.mat using Guid(c965a6802e32f5847ad2bc4342b74778) Importer(2089858483,b0f066a214c2f5e87bad3c948f4d605d) (ScriptedImporter) -> (Import Result ID: '29319a00be30b5acbc9f15662304576d') in 0.0154916 seconds [static and dynamic dependencies]. Details - ImportResultOutputID=28520ca88bd6aab3284055489d04bb36 DependenciesID=2a9e449986c68bc65dc9d493d0caa791 StaticDependenciesID=bb2fd1f0f14bf43eed0c9a06ebd79adc 
Number of updated asset objects reloaded before import = 0Number of asset objects unloaded after import = 2

========================================================================
Received Import Request.
  Time since last request: 0.000025 seconds.
  path: Assets/Packages/JMO Assets/Cartoon FX Remaster/CFXR Assets/Graphics/cfxr electric arcs x4 hdr ab.mat
  importAddress: Guid(113eb05ea9ee52b42932e7dc68b693cf) Importer(2089858483,b0f066a214c2f5e87bad3c948f4d605d)
Start importing Assets/Packages/JMO Assets/Cartoon FX Remaster/CFXR Assets/Graphics/cfxr electric arcs x4 hdr ab.mat using Guid(113eb05ea9ee52b42932e7dc68b693cf) Importer(2089858483,b0f066a214c2f5e87bad3c948f4d605d) (ScriptedImporter) -> (Import Result ID: '765ce3432d8a53605bc9f87aac25cbd8') in 0.0612134 seconds [static and dynamic dependencies]. Details - ImportResultOutputID=e56fe18ed27da7e025decc463d3a8ce0 DependenciesID=01d842461e29930716a7be1070d8a5bb StaticDependenciesID=40db6a20c528664a428c14c85027b084 
Number of updated asset objects reloaded before import = 0Number of asset objects unloaded after import = 2

========================================================================
Received Import Request.
  Time since last request: 0.000030 seconds.
  path: Assets/Packages/JMO Assets/Cartoon FX Remaster/CFXR Assets/Graphics/cfxr flamme crisp unstable hdr ab.mat
  importAddress: Guid(59dbbf9caca36934f947599cb0e569d2) Importer(2089858483,b0f066a214c2f5e87bad3c948f4d605d)
Start importing Assets/Packages/JMO Assets/Cartoon FX Remaster/CFXR Assets/Graphics/cfxr flamme crisp unstable hdr ab.mat using Guid(59dbbf9caca36934f947599cb0e569d2) Importer(2089858483,b0f066a214c2f5e87bad3c948f4d605d) (ScriptedImporter) -> (Import Result ID: 'd9ca3ca0a931728d01b212de89e0043d') in 0.0217671 seconds [static and dynamic dependencies]. Details - ImportResultOutputID=8c26b45d409b63062935089d211057db DependenciesID=e4d856a56159bf8c62dcda652b6bc243 StaticDependenciesID=bf64120d0771f60b8afa5474416d9b86 
Number of updated asset objects reloaded before import = 0Number of asset objects unloaded after import = 3

========================================================================
Received Import Request.
  Time since last request: 0.000030 seconds.
  path: Assets/Packages/JMO Assets/Cartoon FX Remaster/CFXR Assets/Graphics/cfxr smoke cloud x4 ab blurred.mat
  importAddress: Guid(ee138ee3fa241e54ea78ea424baa1f7e) Importer(2089858483,b0f066a214c2f5e87bad3c948f4d605d)
Start importing Assets/Packages/JMO Assets/Cartoon FX Remaster/CFXR Assets/Graphics/cfxr smoke cloud x4 ab blurred.mat using Guid(ee138ee3fa241e54ea78ea424baa1f7e) Importer(2089858483,b0f066a214c2f5e87bad3c948f4d605d) (ScriptedImporter) -> (Import Result ID: 'e3caf55f7310caaadddcf4daaf1836bb') in 0.0205282 seconds [static and dynamic dependencies]. Details - ImportResultOutputID=550955ee0e55003b626111747086cd0d DependenciesID=9736907ffa8d8afafd3552a40e93f239 StaticDependenciesID=af7b0c6687713f595f63fc4a8d791aa7 
Number of updated asset objects reloaded before import = 0Number of asset objects unloaded after import = 3

========================================================================
Received Import Request.
  Time since last request: 0.000019 seconds.
  path: Assets/Packages/JMO Assets/Cartoon FX Remaster/CFXR Assets/Graphics/cfxr stretch rain blur.png
  importAddress: Guid(a0e7dff5c9a656b4395f3cbc90ceac51) Importer(2089858483,b0f066a214c2f5e87bad3c948f4d605d)
Start importing Assets/Packages/JMO Assets/Cartoon FX Remaster/CFXR Assets/Graphics/cfxr stretch rain blur.png using Guid(a0e7dff5c9a656b4395f3cbc90ceac51) Importer(2089858483,b0f066a214c2f5e87bad3c948f4d605d) (ScriptedImporter) -> (Import Result ID: 'a7d5fad9713c7294716104bf1263af83') in 0.0296935 seconds [static and dynamic dependencies]. Details - ImportResultOutputID=39162ee34d56653a88718c4dde4d2d5e DependenciesID=2d38116e1cd5f1b757b82a75106c4a85 StaticDependenciesID=420899248d7fac65ae88e06648a5f64f 
Number of updated asset objects reloaded before import = 0Number of asset objects unloaded after import = 1

========================================================================
Received Import Request.
  Time since last request: 0.000024 seconds.
  path: Assets/Packages/JMO Assets/Cartoon FX Remaster/CFXR Assets/Graphics/cfxr stretch ray blur add.mat
  importAddress: Guid(131d5a2c82c6cbb469ab522af6fe9aff) Importer(2089858483,b0f066a214c2f5e87bad3c948f4d605d)
Start importing Assets/Packages/JMO Assets/Cartoon FX Remaster/CFXR Assets/Graphics/cfxr stretch ray blur add.mat using Guid(131d5a2c82c6cbb469ab522af6fe9aff) Importer(2089858483,b0f066a214c2f5e87bad3c948f4d605d) (ScriptedImporter) -> (Import Result ID: 'fd2dd18bd9fea7c32c81ad14c6d6865c') in 0.0300643 seconds [static and dynamic dependencies]. Details - ImportResultOutputID=6ca5499825faedf8ed0e3980abe8947b DependenciesID=6e89efd2392be9448a4fed10644165fe StaticDependenciesID=4e6fccf6758d75e56322533524a9cb4a 
Number of updated asset objects reloaded before import = 0Number of asset objects unloaded after import = 2

========================================================================
Received Import Request.
  Time since last request: 0.000031 seconds.
  path: Assets/Packages/JMO Assets/Cartoon FX Remaster/CFXR Assets/Graphics/cfxr proc ring hdr ab.mat
  importAddress: Guid(a81df4963508f8c4e9c854c919c93b67) Importer(2089858483,b0f066a214c2f5e87bad3c948f4d605d)
Start importing Assets/Packages/JMO Assets/Cartoon FX Remaster/CFXR Assets/Graphics/cfxr proc ring hdr ab.mat using Guid(a81df4963508f8c4e9c854c919c93b67) Importer(2089858483,b0f066a214c2f5e87bad3c948f4d605d) (ScriptedImporter) -> (Import Result ID: '37d12686b3807ae51415c79cdc77a7a3') in 0.0295365 seconds [static and dynamic dependencies]. Details - ImportResultOutputID=4db4934bfa6aa3f03089091d961fd1fd DependenciesID=5ce411a8f9a7240a58befaafe04069fc StaticDependenciesID=5f53488015a7ef3f2c52f7585309a206 
Number of updated asset objects reloaded before import = 0Number of asset objects unloaded after import = 1

========================================================================
Received Import Request.
  Time since last request: 0.000017 seconds.
  path: Assets/Sprites/TV-Guy 8-Bit Parts/TVGuy-RLeg.png
  importAddress: Guid(6da4ccc82aaaf7c4b85903ea7dd72865) Importer(2089858483,b0f066a214c2f5e87bad3c948f4d605d)
Start importing Assets/Sprites/TV-Guy 8-Bit Parts/TVGuy-RLeg.png using Guid(6da4ccc82aaaf7c4b85903ea7dd72865) Importer(2089858483,b0f066a214c2f5e87bad3c948f4d605d) (ScriptedImporter) -> (Import Result ID: 'fbb16b4684e3621f0b8f2d15fbecc0a8') in 0.0673806 seconds [static and dynamic dependencies]. Details - ImportResultOutputID=445f5e1dcfa67591694187823f6319ca DependenciesID=70069640a22417c027537620dfab4ad2 StaticDependenciesID=238360f8cac55ab495482e77b386d973 
Number of updated asset objects reloaded before import = 0Number of asset objects unloaded after import = 3

========================================================================
Received Import Request.
  Time since last request: 0.000025 seconds.
  path: Assets/Packages/JMO Assets/Cartoon FX Remaster/CFXR Assets/Graphics/cfxr fire circle plain.png
  importAddress: Guid(0855038b7bf8ecc4eb77dc56090675cd) Importer(2089858483,b0f066a214c2f5e87bad3c948f4d605d)
Start importing Assets/Packages/JMO Assets/Cartoon FX Remaster/CFXR Assets/Graphics/cfxr fire circle plain.png using Guid(0855038b7bf8ecc4eb77dc56090675cd) Importer(2089858483,b0f066a214c2f5e87bad3c948f4d605d) (ScriptedImporter) -> (Import Result ID: 'f5ba68f4f1ede1b5d9a2fc8a78a27cbd') in 0.0337663 seconds [static and dynamic dependencies]. Details - ImportResultOutputID=70e53233791ed3cb9176fe8432a5cc7f DependenciesID=621cb3ad8ec93ebbba80c25f5bed9401 StaticDependenciesID=79955e9ef6723dd356c5edfcfbb3e6b4 
Number of updated asset objects reloaded before import = 0Number of asset objects unloaded after import = 1

========================================================================
Received Import Request.
  Time since last request: 0.000028 seconds.
  path: Assets/Packages/JMO Assets/Cartoon FX Remaster/CFXR Assets/Graphics/cfxr stretch rectangle ray blur hdr ab.mat
  importAddress: Guid(fb2beee5db2731d46b9243941fc0c31e) Importer(2089858483,b0f066a214c2f5e87bad3c948f4d605d)
Start importing Assets/Packages/JMO Assets/Cartoon FX Remaster/CFXR Assets/Graphics/cfxr stretch rectangle ray blur hdr ab.mat using Guid(fb2beee5db2731d46b9243941fc0c31e) Importer(2089858483,b0f066a214c2f5e87bad3c948f4d605d) (ScriptedImporter) -> (Import Result ID: 'ad53c881c488904927ce0d7879521b3e') in 0.0325372 seconds [static and dynamic dependencies]. Details - ImportResultOutputID=0e5919b849aacc83e5207647c528d3c3 DependenciesID=3fbc9362eda5f3d5dce9a5e9dbca8f43 StaticDependenciesID=5af65bbd56810f789306802e9d6de056 
Number of updated asset objects reloaded before import = 0Number of asset objects unloaded after import = 2

========================================================================
Received Import Request.
  Time since last request: 0.000024 seconds.
  path: Assets/Packages/JMO Assets/Cartoon FX Remaster/CFXR Assets/Graphics/cfxr stretch rectangle ray blur add.mat
  importAddress: Guid(0a760562f145a5643b3f7f0a60377141) Importer(2089858483,b0f066a214c2f5e87bad3c948f4d605d)
Start importing Assets/Packages/JMO Assets/Cartoon FX Remaster/CFXR Assets/Graphics/cfxr stretch rectangle ray blur add.mat using Guid(0a760562f145a5643b3f7f0a60377141) Importer(2089858483,b0f066a214c2f5e87bad3c948f4d605d) (ScriptedImporter) -> (Import Result ID: 'a4667be5de7a63776da9942cac1eb7a7') in 0.019031 seconds [static and dynamic dependencies]. Details - ImportResultOutputID=254d52971dd7157fc0d6f707535644fa DependenciesID=ee48ddc8a63bc6434823e4ae07bf8f07 StaticDependenciesID=8d09947cc4aa532644dd5c88372640c4 
Number of updated asset objects reloaded before import = 0Number of asset objects unloaded after import = 2

========================================================================
Received Import Request.
  Time since last request: 0.000018 seconds.
  path: Assets/Packages/JMO Assets/Cartoon FX Remaster/CFXR Assets/Graphics/cfxr stretch ray blur.png
  importAddress: Guid(ea08f0da7f459e147ba80e6dd6e38bb9) Importer(2089858483,b0f066a214c2f5e87bad3c948f4d605d)
Start importing Assets/Packages/JMO Assets/Cartoon FX Remaster/CFXR Assets/Graphics/cfxr stretch ray blur.png using Guid(ea08f0da7f459e147ba80e6dd6e38bb9) Importer(2089858483,b0f066a214c2f5e87bad3c948f4d605d) (ScriptedImporter) -> (Import Result ID: 'd17b6e7890f3780ecd27d0f08cbf49ac') in 0.0210625 seconds [static and dynamic dependencies]. Details - ImportResultOutputID=cf057f0cbb9a151fd94576ce48a5ebe8 DependenciesID=69ec1d9970cf67f7865531b4a305a458 StaticDependenciesID=b1b669072ff4d98348e8bc97ff0cecf9 
Number of updated asset objects reloaded before import = 0Number of asset objects unloaded after import = 1

========================================================================
Received Import Request.
  Time since last request: 0.000022 seconds.
  path: Assets/Packages/JMO Assets/Cartoon FX Remaster/CFXR Assets/Graphics/cfxr proc ring ab.mat
  importAddress: Guid(4df8a5993f951b04581df7cc5fbb1254) Importer(2089858483,b0f066a214c2f5e87bad3c948f4d605d)
Start importing Assets/Packages/JMO Assets/Cartoon FX Remaster/CFXR Assets/Graphics/cfxr proc ring ab.mat using Guid(4df8a5993f951b04581df7cc5fbb1254) Importer(2089858483,b0f066a214c2f5e87bad3c948f4d605d) (ScriptedImporter) -> (Import Result ID: '2edcca1c61490ac2338a1d9d3e70a2f0') in 0.0259179 seconds [static and dynamic dependencies]. Details - ImportResultOutputID=8e5bef553f13ba94d4e4d0169f15bc89 DependenciesID=a9b7acfe0246d51198c47ddffec50b80 StaticDependenciesID=cb3ed8edd41709f82970ec3d0990f717 
Number of updated asset objects reloaded before import = 0Number of asset objects unloaded after import = 1

========================================================================
Received Import Request.
  Time since last request: 0.000035 seconds.
  path: Assets/Packages/JMO Assets/Cartoon FX Remaster/CFXR Assets/Graphics/cfxr skull 2.png
  importAddress: Guid(03a188aeeaecbb9478d9ae70eae185f6) Importer(2089858483,b0f066a214c2f5e87bad3c948f4d605d)
Start importing Assets/Packages/JMO Assets/Cartoon FX Remaster/CFXR Assets/Graphics/cfxr skull 2.png using Guid(03a188aeeaecbb9478d9ae70eae185f6) Importer(2089858483,b0f066a214c2f5e87bad3c948f4d605d) (ScriptedImporter) -> (Import Result ID: 'ab4c374808c68e27ded32ff6ab150c19') in 0.0260286 seconds [static and dynamic dependencies]. Details - ImportResultOutputID=17f558a7eb6072c241f13143ae19dd18 DependenciesID=e36828c10bf3964a90f8543a5981cc30 StaticDependenciesID=b99b2e49b46836603c782072123a4200 
Number of updated asset objects reloaded before import = 0Number of asset objects unloaded after import = 1

========================================================================
Received Import Request.
  Time since last request: 0.000016 seconds.
  path: Assets/Packages/JMO Assets/Cartoon FX Remaster/CFXR Assets/Graphics/cfxr stretch sipkes dissolve x2.png
  importAddress: Guid(e602f08edb29fdd4ebee9cadcb97354c) Importer(2089858483,b0f066a214c2f5e87bad3c948f4d605d)
Start importing Assets/Packages/JMO Assets/Cartoon FX Remaster/CFXR Assets/Graphics/cfxr stretch sipkes dissolve x2.png using Guid(e602f08edb29fdd4ebee9cadcb97354c) Importer(2089858483,b0f066a214c2f5e87bad3c948f4d605d) (ScriptedImporter) -> (Import Result ID: 'af62debb9b8a4e487d158f976d04a56d') in 0.0468066 seconds [static and dynamic dependencies]. Details - ImportResultOutputID=9a6ec3e146d143954da74f61a6f29d2d DependenciesID=b4a4a9c938cacd818a52b8c913acb0b3 StaticDependenciesID=e2a18d4640f72ded51ddfa8bce0bba80 
Number of updated asset objects reloaded before import = 0Number of asset objects unloaded after import = 1

========================================================================
Received Import Request.
  Time since last request: 0.000020 seconds.
  path: Assets/Packages/JMO Assets/Cartoon FX Remaster/CFXR Assets/Graphics/cfxr stretch rectangle ray hdr ab.mat
  importAddress: Guid(a1efb59804352a2458135e8203cbcc37) Importer(2089858483,b0f066a214c2f5e87bad3c948f4d605d)
Start importing Assets/Packages/JMO Assets/Cartoon FX Remaster/CFXR Assets/Graphics/cfxr stretch rectangle ray hdr ab.mat using Guid(a1efb59804352a2458135e8203cbcc37) Importer(2089858483,b0f066a214c2f5e87bad3c948f4d605d) (ScriptedImporter) -> (Import Result ID: 'a0ede007823b6f91366398842e87e450') in 0.0328185 seconds [static and dynamic dependencies]. Details - ImportResultOutputID=06e3b2f30cc891e30558a4a1814243fe DependenciesID=87e855d78df62698abb4ecba14e92864 StaticDependenciesID=258e3bc6b8c424795abe5e9868013ffe 
Number of updated asset objects reloaded before import = 0Number of asset objects unloaded after import = 2

========================================================================
Received Import Request.
  Time since last request: 0.000033 seconds.
  path: Assets/Packages/JMO Assets/Cartoon FX Remaster/CFXR Assets/Graphics/cfxr screen distortion debug.mat
  importAddress: Guid(6d716ca3122c94e408d5c2393be4780d) Importer(2089858483,b0f066a214c2f5e87bad3c948f4d605d)
Start importing Assets/Packages/JMO Assets/Cartoon FX Remaster/CFXR Assets/Graphics/cfxr screen distortion debug.mat using Guid(6d716ca3122c94e408d5c2393be4780d) Importer(2089858483,b0f066a214c2f5e87bad3c948f4d605d) (ScriptedImporter) -> (Import Result ID: 'd2c4912698db4eca06a472706a3f7422') in 0.0171627 seconds [static and dynamic dependencies]. Details - ImportResultOutputID=a7f7516ec4936a7931d6949f01fc65c6 DependenciesID=c413e9efd6e8774df81c085729907c39 StaticDependenciesID=d769be42567a6fae32f70de062ca2a1f 
Number of updated asset objects reloaded before import = 0Number of asset objects unloaded after import = 2

========================================================================
Received Import Request.
  Time since last request: 0.000017 seconds.
  path: Assets/Packages/JMO Assets/Cartoon FX Remaster/CFXR Assets/Graphics/cfxr stretch sipkes x2.png
  importAddress: Guid(5a1e6e59577f67c4a9ce04f247ba9cd8) Importer(2089858483,b0f066a214c2f5e87bad3c948f4d605d)
Start importing Assets/Packages/JMO Assets/Cartoon FX Remaster/CFXR Assets/Graphics/cfxr stretch sipkes x2.png using Guid(5a1e6e59577f67c4a9ce04f247ba9cd8) Importer(2089858483,b0f066a214c2f5e87bad3c948f4d605d) (ScriptedImporter) -> (Import Result ID: 'cf16c439c121cad322ecf90de4ee8c11') in 0.0339884 seconds [static and dynamic dependencies]. Details - ImportResultOutputID=e16004df3f503e2e8b744aee7204ed98 DependenciesID=04bedf614967d80695475090f44b9d74 StaticDependenciesID=63927f11cb3d9b230739fbd4c55977e0 
Number of updated asset objects reloaded before import = 0Number of asset objects unloaded after import = 1

========================================================================
Received Import Request.
  Time since last request: 0.000020 seconds.
  path: Assets/Packages/JMO Assets/Cartoon FX Remaster/CFXR Assets/Graphics/cfxr stretch skull dissolve ab.mat
  importAddress: Guid(160fda4affae1f44fbec73dc79ef43eb) Importer(2089858483,b0f066a214c2f5e87bad3c948f4d605d)
Start importing Assets/Packages/JMO Assets/Cartoon FX Remaster/CFXR Assets/Graphics/cfxr stretch skull dissolve ab.mat using Guid(160fda4affae1f44fbec73dc79ef43eb) Importer(2089858483,b0f066a214c2f5e87bad3c948f4d605d) (ScriptedImporter) -> (Import Result ID: '7ee02f757cd88b412a39941e9ed22b95') in 0.0457839 seconds [static and dynamic dependencies]. Details - ImportResultOutputID=f9b7540bf99df02a0ecb34aba7834ab8 DependenciesID=c6006c0524fcb70eaeb88cebd100e713 StaticDependenciesID=bef751eb8d806eba247d08e9c820832e 
Number of updated asset objects reloaded before import = 0Number of asset objects unloaded after import = 3

========================================================================
Received Import Request.
  Time since last request: 0.000026 seconds.
  path: Assets/Packages/JMO Assets/Cartoon FX Remaster/CFXR Assets/Graphics/cfxr stretch sipkes blur x2.png
  importAddress: Guid(646bf55dbf79b3f449a60721bdc705f7) Importer(2089858483,b0f066a214c2f5e87bad3c948f4d605d)
Start importing Assets/Packages/JMO Assets/Cartoon FX Remaster/CFXR Assets/Graphics/cfxr stretch sipkes blur x2.png using Guid(646bf55dbf79b3f449a60721bdc705f7) Importer(2089858483,b0f066a214c2f5e87bad3c948f4d605d) (ScriptedImporter) -> (Import Result ID: '1d7424c3e9045256c3135008b6da3b96') in 0.0309195 seconds [static and dynamic dependencies]. Details - ImportResultOutputID=c7d9490e5465ab15c0b148c6c90fb619 DependenciesID=51dae0c198ff6b12cd05dd1c8745260a StaticDependenciesID=32b6178aa281db8fba7da2a370aa91d9 
Number of updated asset objects reloaded before import = 0Number of asset objects unloaded after import = 1

========================================================================
Received Import Request.
  Time since last request: 0.000020 seconds.
  path: Assets/Packages/JMO Assets/Cartoon FX Remaster/CFXR Assets/Graphics/cfxr smoke cloud corner.png
  importAddress: Guid(3a251e9a9a7bb9e4f9806508ee938106) Importer(2089858483,b0f066a214c2f5e87bad3c948f4d605d)
Start importing Assets/Packages/JMO Assets/Cartoon FX Remaster/CFXR Assets/Graphics/cfxr smoke cloud corner.png using Guid(3a251e9a9a7bb9e4f9806508ee938106) Importer(2089858483,b0f066a214c2f5e87bad3c948f4d605d) (ScriptedImporter) -> (Import Result ID: '68f18f31cce75097a4e1c8bb28be16d9') in 0.0219455 seconds [static and dynamic dependencies]. Details - ImportResultOutputID=dd7cfffed58ea1df05942c8c25f6840b DependenciesID=dec3f77310f6f12760ebad343cc13202 StaticDependenciesID=cde7037541945ad025c8466bf15f1616 
Number of updated asset objects reloaded before import = 0Number of asset objects unloaded after import = 1

========================================================================
Received Import Request.
  Time since last request: 0.000018 seconds.
  path: Assets/Packages/JMO Assets/Cartoon FX Remaster/CFXR Assets/Graphics/cfxr flamme candle unstable hdr ab.mat
  importAddress: Guid(355ca83212eccc2478e699133aee2677) Importer(2089858483,b0f066a214c2f5e87bad3c948f4d605d)
Start importing Assets/Packages/JMO Assets/Cartoon FX Remaster/CFXR Assets/Graphics/cfxr flamme candle unstable hdr ab.mat using Guid(355ca83212eccc2478e699133aee2677) Importer(2089858483,b0f066a214c2f5e87bad3c948f4d605d) (ScriptedImporter) -> (Import Result ID: '3e0be9e54b5ae6b06b851fc73498bf8e') in 0.0185964 seconds [static and dynamic dependencies]. Details - ImportResultOutputID=df8f6133711ecd5c5eca5b385a9f16c5 DependenciesID=2d0ede43319e2a3f8e58f37c3cd60f9a StaticDependenciesID=b56ab2af5255a6bf25ee19c1324758f7 
Number of updated asset objects reloaded before import = 0Number of asset objects unloaded after import = 3

========================================================================
Received Import Request.
  Time since last request: 0.000031 seconds.
  path: Assets/Packages/JMO Assets/Cartoon FX Remaster/CFXR Assets/Graphics/cfxr stretch smoke arc ab.mat
  importAddress: Guid(ab90f773c2babb1458313e761a0181b0) Importer(2089858483,b0f066a214c2f5e87bad3c948f4d605d)
Start importing Assets/Packages/JMO Assets/Cartoon FX Remaster/CFXR Assets/Graphics/cfxr stretch smoke arc ab.mat using Guid(ab90f773c2babb1458313e761a0181b0) Importer(2089858483,b0f066a214c2f5e87bad3c948f4d605d) (ScriptedImporter) -> (Import Result ID: '91eb5705d68ae17bec458b1ddd52a0db') in 0.0355159 seconds [static and dynamic dependencies]. Details - ImportResultOutputID=d5921889ebb3b25603a690b792300234 DependenciesID=802eff1f452a7a86c02416bfb1645299 StaticDependenciesID=61313a1197b32eeaba51dd315ceaa596 
Number of updated asset objects reloaded before import = 0Number of asset objects unloaded after import = 3

========================================================================
Received Import Request.
  Time since last request: 0.000032 seconds.
  path: Assets/Packages/JMO Assets/Cartoon FX Remaster/CFXR Assets/Graphics/cfxr stretch skull dissolve.png
  importAddress: Guid(04be3ad5586249443a01af1cbc46120e) Importer(2089858483,b0f066a214c2f5e87bad3c948f4d605d)
Start importing Assets/Packages/JMO Assets/Cartoon FX Remaster/CFXR Assets/Graphics/cfxr stretch skull dissolve.png using Guid(04be3ad5586249443a01af1cbc46120e) Importer(2089858483,b0f066a214c2f5e87bad3c948f4d605d) (ScriptedImporter) -> (Import Result ID: 'a439d1a7fe13734bf9f491ff910c70b9') in 0.024528 seconds [static and dynamic dependencies]. Details - ImportResultOutputID=09488e6af027da9814fe8441c29d105f DependenciesID=2f8d459b99375debf4a68fd4104caecb StaticDependenciesID=00aa9a9f68914f6e1b89c38917f77b5e 
Number of updated asset objects reloaded before import = 0Number of asset objects unloaded after import = 1

========================================================================
Received Import Request.
  Time since last request: 0.000017 seconds.
  path: Assets/Packages/JMO Assets/Cartoon FX Remaster/CFXR Assets/Graphics/cfxr stretch smoke arc.png
  importAddress: Guid(aee727f4833685e4b989448e47b815ef) Importer(2089858483,b0f066a214c2f5e87bad3c948f4d605d)
Start importing Assets/Packages/JMO Assets/Cartoon FX Remaster/CFXR Assets/Graphics/cfxr stretch smoke arc.png using Guid(aee727f4833685e4b989448e47b815ef) Importer(2089858483,b0f066a214c2f5e87bad3c948f4d605d) (ScriptedImporter) -> (Import Result ID: '259a1e7c2525864384275b58d0c9e255') in 0.0198435 seconds [static and dynamic dependencies]. Details - ImportResultOutputID=ab4b4256b75b66ad792481e7b202fa6c DependenciesID=5cc68423e593a2874fb06164206a27eb StaticDependenciesID=ea6fcaca97c74551c1f95517d2684ab9 
Number of updated asset objects reloaded before import = 0Number of asset objects unloaded after import = 1

========================================================================
Received Import Request.
  Time since last request: 0.000039 seconds.
  path: Assets/Packages/JMO Assets/Cartoon FX Remaster/CFXR Assets/Graphics/cfxr stretch skull.png
  importAddress: Guid(e22e3ce7ca869a543a53b43e66618963) Importer(2089858483,b0f066a214c2f5e87bad3c948f4d605d)
Start importing Assets/Packages/JMO Assets/Cartoon FX Remaster/CFXR Assets/Graphics/cfxr stretch skull.png using Guid(e22e3ce7ca869a543a53b43e66618963) Importer(2089858483,b0f066a214c2f5e87bad3c948f4d605d) (ScriptedImporter) -> (Import Result ID: '5f0c80b29dc5bdb3331c3aee2c56ee98') in 0.021643 seconds [static and dynamic dependencies]. Details - ImportResultOutputID=1ea4e568e1fbd50f74fb161f09f40d9f DependenciesID=3136678be681553dcd1e3e56ec5b299c StaticDependenciesID=f52c5b89fcc199ecdb706ddc9ffeb0fd 
Number of updated asset objects reloaded before import = 0Number of asset objects unloaded after import = 1

========================================================================
Received Import Request.
  Time since last request: 0.000025 seconds.
  path: Assets/Packages/JMO Assets/Cartoon FX Remaster/CFXR Assets/Graphics/cfxr screen distortion perlin.png
  importAddress: Guid(938e85c994e3c604d806f2597900cc97) Importer(2089858483,b0f066a214c2f5e87bad3c948f4d605d)
Start importing Assets/Packages/JMO Assets/Cartoon FX Remaster/CFXR Assets/Graphics/cfxr screen distortion perlin.png using Guid(938e85c994e3c604d806f2597900cc97) Importer(2089858483,b0f066a214c2f5e87bad3c948f4d605d) (ScriptedImporter) -> (Import Result ID: 'fe7f0f580051a0c3202a506229b90d0c') in 0.0240244 seconds [static and dynamic dependencies]. Details - ImportResultOutputID=07a48a35bb5ec8603178b85a65055a41 DependenciesID=6be6a1205e2a318ac0e0e36889dac6ff StaticDependenciesID=e1330a6e619d58b7420b7e51d37e4efa 
Number of updated asset objects reloaded before import = 0Number of asset objects unloaded after import = 1

========================================================================
Received Import Request.
  Time since last request: 0.000031 seconds.
  path: Assets/Packages/JMO Assets/Cartoon FX Remaster/CFXR Assets/Graphics/cfxr stretch spike fade.png
  importAddress: Guid(fd75c6870f75c9f41a4192fcff652997) Importer(2089858483,b0f066a214c2f5e87bad3c948f4d605d)
Start importing Assets/Packages/JMO Assets/Cartoon FX Remaster/CFXR Assets/Graphics/cfxr stretch spike fade.png using Guid(fd75c6870f75c9f41a4192fcff652997) Importer(2089858483,b0f066a214c2f5e87bad3c948f4d605d) (ScriptedImporter) -> (Import Result ID: 'c66255515aca7f861b5392329bca3926') in 0.0375592 seconds [static and dynamic dependencies]. Details - ImportResultOutputID=d9c4a39e77a2276259ed41b05778d390 DependenciesID=4320965f8dc85a0826800109a45d7537 StaticDependenciesID=0297e05ed7c2e5b21ba16b8fa3f08f10 
Number of updated asset objects reloaded before import = 0Number of asset objects unloaded after import = 1

========================================================================
Received Import Request.
  Time since last request: 0.000022 seconds.
  path: Assets/Packages/JMO Assets/Cartoon FX Remaster/CFXR Assets/Graphics/cfxr stretch smoke fume blur ab.mat
  importAddress: Guid(a16809106044f5b41b7cbe1d711a1c98) Importer(2089858483,b0f066a214c2f5e87bad3c948f4d605d)
Start importing Assets/Packages/JMO Assets/Cartoon FX Remaster/CFXR Assets/Graphics/cfxr stretch smoke fume blur ab.mat using Guid(a16809106044f5b41b7cbe1d711a1c98) Importer(2089858483,b0f066a214c2f5e87bad3c948f4d605d) (ScriptedImporter) -> (Import Result ID: '3562feda2921ee0364f1c7a8a03c7525') in 0.030593 seconds [static and dynamic dependencies]. Details - ImportResultOutputID=a0780ffe64d38dc1e94273b449f3d7a8 DependenciesID=da816b91565590584b4af6ef9f4b63b2 StaticDependenciesID=5993cfcdbfd67a65a92592cc86d34884 
Number of updated asset objects reloaded before import = 0Number of asset objects unloaded after import = 2

========================================================================
Received Import Request.
  Time since last request: 0.000025 seconds.
  path: Assets/Packages/JMO Assets/Cartoon FX Remaster/CFXR Assets/Graphics/cfxr stretch smoke fume.png
  importAddress: Guid(b3844cb7852127d4e9b11bf32b43ceda) Importer(2089858483,b0f066a214c2f5e87bad3c948f4d605d)
Start importing Assets/Packages/JMO Assets/Cartoon FX Remaster/CFXR Assets/Graphics/cfxr stretch smoke fume.png using Guid(b3844cb7852127d4e9b11bf32b43ceda) Importer(2089858483,b0f066a214c2f5e87bad3c948f4d605d) (ScriptedImporter) -> (Import Result ID: 'd3f0244e81ebc9774fcf957b33292c7e') in 0.0302705 seconds [static and dynamic dependencies]. Details - ImportResultOutputID=b5ab3ba25aa7de620e2769ef9bcbba19 DependenciesID=6e0d722081217eda7e153fba81be314b StaticDependenciesID=d178cab3638c061c7b5eceeb42f1e88f 
Number of updated asset objects reloaded before import = 0Number of asset objects unloaded after import = 1

========================================================================
Received Import Request.
  Time since last request: 0.000037 seconds.
  path: Assets/Packages/JMO Assets/Cartoon FX Remaster/CFXR Assets/Graphics/cfxr stretch spikes smooth x2 hdr ab.mat
  importAddress: Guid(e78955b2cfcfa73479b0cfe8e7ba17f5) Importer(2089858483,b0f066a214c2f5e87bad3c948f4d605d)
Start importing Assets/Packages/JMO Assets/Cartoon FX Remaster/CFXR Assets/Graphics/cfxr stretch spikes smooth x2 hdr ab.mat using Guid(e78955b2cfcfa73479b0cfe8e7ba17f5) Importer(2089858483,b0f066a214c2f5e87bad3c948f4d605d) (ScriptedImporter) -> (Import Result ID: 'ba2ba2b2f9cfef4d3caa1f5d656f82a1') in 0.0293753 seconds [static and dynamic dependencies]. Details - ImportResultOutputID=ccbba56ea67940de0e5e1bb97f15a9c1 DependenciesID=3610a9937c0be9622d8a0a72b61eae0a StaticDependenciesID=2fa840c68eaf668f3a223f3b5c6532e2 
Number of updated asset objects reloaded before import = 0Number of asset objects unloaded after import = 3

========================================================================
Received Import Request.
  Time since last request: 0.000019 seconds.
  path: Assets/Packages/JMO Assets/Cartoon FX Remaster/CFXR Assets/Graphics/cfxr flamme stepped.png
  importAddress: Guid(2ebc012edac58f14f9b7ae76254eea38) Importer(2089858483,b0f066a214c2f5e87bad3c948f4d605d)
Start importing Assets/Packages/JMO Assets/Cartoon FX Remaster/CFXR Assets/Graphics/cfxr flamme stepped.png using Guid(2ebc012edac58f14f9b7ae76254eea38) Importer(2089858483,b0f066a214c2f5e87bad3c948f4d605d) (ScriptedImporter) -> (Import Result ID: '7558eb1eee5f3a264bce60134f177db2') in 0.0199581 seconds [static and dynamic dependencies]. Details - ImportResultOutputID=32cf8710443bec9148aff97fc9f38177 DependenciesID=71f366eef0584ef3240a0729b5850d20 StaticDependenciesID=c86e8054f499fb027d634f9f43503290 
Number of updated asset objects reloaded before import = 0Number of asset objects unloaded after import = 1

========================================================================
Received Import Request.
  Time since last request: 0.000018 seconds.
  path: Assets/Packages/JMO Assets/Cartoon FX Remaster/CFXR Assets/Graphics/cfxr stretch trait blur add.mat
  importAddress: Guid(2175ac793e235894da12a78ea274cb1f) Importer(2089858483,b0f066a214c2f5e87bad3c948f4d605d)
Start importing Assets/Packages/JMO Assets/Cartoon FX Remaster/CFXR Assets/Graphics/cfxr stretch trait blur add.mat using Guid(2175ac793e235894da12a78ea274cb1f) Importer(2089858483,b0f066a214c2f5e87bad3c948f4d605d) (ScriptedImporter) -> (Import Result ID: 'cd112eb5c5e30a63b4622cc1b7618922') in 0.0318262 seconds [static and dynamic dependencies]. Details - ImportResultOutputID=9fddf3aeab33e28ef465d04f34d13973 DependenciesID=68dc99d41de6a8e111695c1bb00de296 StaticDependenciesID=ba1b5db9f5ce25dc104e543800d1f8a9 
Number of updated asset objects reloaded before import = 0Number of asset objects unloaded after import = 2

========================================================================
Received Import Request.
  Time since last request: 0.000095 seconds.
  path: Assets/Packages/JMO Assets/Cartoon FX Remaster/CFXR Assets/Graphics/cfxr stretch trait ab.mat
  importAddress: Guid(dbc2ae6c61d51b04ea1a55fbeff6341e) Importer(2089858483,b0f066a214c2f5e87bad3c948f4d605d)
Start importing Assets/Packages/JMO Assets/Cartoon FX Remaster/CFXR Assets/Graphics/cfxr stretch trait ab.mat using Guid(dbc2ae6c61d51b04ea1a55fbeff6341e) Importer(2089858483,b0f066a214c2f5e87bad3c948f4d605d) (ScriptedImporter) -> (Import Result ID: 'c8174b31b07ce661069fd05606f3f01e') in 0.0412529 seconds [static and dynamic dependencies]. Details - ImportResultOutputID=058b4bbfe626edeeff467e3da86b2432 DependenciesID=2e576b270749faabd09825d1ea636ea8 StaticDependenciesID=be6a24df6c4cfc4c843398d923534d5c 
Number of updated asset objects reloaded before import = 0Number of asset objects unloaded after import = 2

========================================================================
Received Import Request.
  Time since last request: 0.000036 seconds.
  path: Assets/Packages/JMO Assets/Cartoon FX Remaster/CFXR Assets/Graphics/cfxr stretch trait blur ab.mat
  importAddress: Guid(995e2324eb1b03f4babb8105764afa89) Importer(2089858483,b0f066a214c2f5e87bad3c948f4d605d)
Start importing Assets/Packages/JMO Assets/Cartoon FX Remaster/CFXR Assets/Graphics/cfxr stretch trait blur ab.mat using Guid(995e2324eb1b03f4babb8105764afa89) Importer(2089858483,b0f066a214c2f5e87bad3c948f4d605d) (ScriptedImporter) -> (Import Result ID: '0c55b51a4a6c626daafc8441cfe935a6') in 0.0188525 seconds [static and dynamic dependencies]. Details - ImportResultOutputID=6013d0160edce6cb5d30008c6b1cf748 DependenciesID=2613f8dc217277a8ff9368c04c0f821d StaticDependenciesID=d89e7401461236c696b119ce2e4b493a 
Number of updated asset objects reloaded before import = 0Number of asset objects unloaded after import = 2

========================================================================
Received Import Request.
  Time since last request: 0.000020 seconds.
  path: Assets/Packages/JMO Assets/Cartoon FX Remaster/CFXR Assets/Graphics/cfxr stretch spikes x2 hdr ab.mat
  importAddress: Guid(7f1fea85f791b4f4b8fabff9da93491a) Importer(2089858483,b0f066a214c2f5e87bad3c948f4d605d)
Start importing Assets/Packages/JMO Assets/Cartoon FX Remaster/CFXR Assets/Graphics/cfxr stretch spikes x2 hdr ab.mat using Guid(7f1fea85f791b4f4b8fabff9da93491a) Importer(2089858483,b0f066a214c2f5e87bad3c948f4d605d) (ScriptedImporter) -> (Import Result ID: '3dbc7e5194c86d92e9e5be6238f53dec') in 0.0162769 seconds [static and dynamic dependencies]. Details - ImportResultOutputID=12b73d34b3837a60158db45da29a1f20 DependenciesID=59eee1b0abb247e94e3c4cfa4540734a StaticDependenciesID=0c1863572908370760e12e6a774c12a9 
Number of updated asset objects reloaded before import = 0Number of asset objects unloaded after import = 3

========================================================================
Received Import Request.
  Time since last request: 0.000066 seconds.
  path: Assets/Packages/JMO Assets/Cartoon FX Remaster/CFXR Assets/Graphics/cfxr stretch trait hdr ab nosp.mat
  importAddress: Guid(20fdd157129f03a40ae447534dd4603c) Importer(2089858483,b0f066a214c2f5e87bad3c948f4d605d)
Start importing Assets/Packages/JMO Assets/Cartoon FX Remaster/CFXR Assets/Graphics/cfxr stretch trait hdr ab nosp.mat using Guid(20fdd157129f03a40ae447534dd4603c) Importer(2089858483,b0f066a214c2f5e87bad3c948f4d605d) (ScriptedImporter) -> (Import Result ID: '0244a2db07d4e260c484b6b70fca9c08') in 0.0162827 seconds [static and dynamic dependencies]. Details - ImportResultOutputID=b7bcec48d62ef674bd676743e62cbb5c DependenciesID=33f86d8e5f144c9e4cf5b56b19b84d7e StaticDependenciesID=9113472790e596bd59270e43a620654d 
Number of updated asset objects reloaded before import = 0Number of asset objects unloaded after import = 2

========================================================================
Received Import Request.
  Time since last request: 0.000020 seconds.
  path: Assets/Packages/JMO Assets/Cartoon FX Remaster/CFXR Assets/Graphics/cfxr stretch trait blur.png
  importAddress: Guid(acdb793533f4e154c9ba0b0f665f5445) Importer(2089858483,b0f066a214c2f5e87bad3c948f4d605d)
Start importing Assets/Packages/JMO Assets/Cartoon FX Remaster/CFXR Assets/Graphics/cfxr stretch trait blur.png using Guid(acdb793533f4e154c9ba0b0f665f5445) Importer(2089858483,b0f066a214c2f5e87bad3c948f4d605d) (ScriptedImporter) -> (Import Result ID: '60e21facccb7a91d45c5dc1f9626a517') in 0.0210597 seconds [static and dynamic dependencies]. Details - ImportResultOutputID=dc0569e07251661d3eeaeec5b78753ee DependenciesID=ce816e9fe13b35b4e86b37dff0752118 StaticDependenciesID=2ef94e3568f0c8a0c9968f9822bc22c6 
Number of updated asset objects reloaded before import = 0Number of asset objects unloaded after import = 1

========================================================================
Received Import Request.
  Time since last request: 0.000032 seconds.
  path: Assets/Packages/JMO Assets/Cartoon FX Remaster/CFXR Assets/Graphics/cfxr stretch trait hdr ab.mat
  importAddress: Guid(e58b05bbb47341847a331e7b5b579772) Importer(2089858483,b0f066a214c2f5e87bad3c948f4d605d)
Start importing Assets/Packages/JMO Assets/Cartoon FX Remaster/CFXR Assets/Graphics/cfxr stretch trait hdr ab.mat using Guid(e58b05bbb47341847a331e7b5b579772) Importer(2089858483,b0f066a214c2f5e87bad3c948f4d605d) (ScriptedImporter) -> (Import Result ID: '59c94e0dc8f5b1981d125a7c87097e22') in 0.0435548 seconds [static and dynamic dependencies]. Details - ImportResultOutputID=045fcf3b92bec0e7bbdabb0796f05c55 DependenciesID=371fa89e48005666a83fa4b4ffb0fb7d StaticDependenciesID=b9b74080d8a8934d90c4b86281ee2817 
Number of updated asset objects reloaded before import = 0Number of asset objects unloaded after import = 2

========================================================================
Received Import Request.
  Time since last request: 0.000027 seconds.
  path: Assets/Packages/JMO Assets/Cartoon FX Remaster/CFXR Assets/Graphics/cfxr star ab.mat
  importAddress: Guid(39029f13e4f0bd94493ed939a7feff9c) Importer(2089858483,b0f066a214c2f5e87bad3c948f4d605d)
Start importing Assets/Packages/JMO Assets/Cartoon FX Remaster/CFXR Assets/Graphics/cfxr star ab.mat using Guid(39029f13e4f0bd94493ed939a7feff9c) Importer(2089858483,b0f066a214c2f5e87bad3c948f4d605d) (ScriptedImporter) -> (Import Result ID: '0fc050667ab3f8ce95dcf83c13792017') in 0.0235362 seconds [static and dynamic dependencies]. Details - ImportResultOutputID=be0f7c3a651efbb08a27d84da61b89f7 DependenciesID=52acfeb90f3989d413a5c42f98cee01f StaticDependenciesID=dcc1012ca67cb0237af8fd9d1d0df42b 
Number of updated asset objects reloaded before import = 0Number of asset objects unloaded after import = 2

========================================================================
Received Import Request.
  Time since last request: 0.000024 seconds.
  path: Assets/Packages/JMO Assets/Cartoon FX Remaster/CFXR Assets/Graphics/cfxr smiley happy ab.mat
  importAddress: Guid(369528a8e86340647aa15194b2aee375) Importer(2089858483,b0f066a214c2f5e87bad3c948f4d605d)
Start importing Assets/Packages/JMO Assets/Cartoon FX Remaster/CFXR Assets/Graphics/cfxr smiley happy ab.mat using Guid(369528a8e86340647aa15194b2aee375) Importer(2089858483,b0f066a214c2f5e87bad3c948f4d605d) (ScriptedImporter) -> (Import Result ID: '5766c00014178cfb4d78c2eb2aa70a11') in 0.0185668 seconds [static and dynamic dependencies]. Details - ImportResultOutputID=0d3355007c0d6fcba3db988d3626a9c0 DependenciesID=f90034a49481a2a9914214a9bd72b247 StaticDependenciesID=34d7714b89c0c7f6e9c2e8bcf13a1fe6 
Number of updated asset objects reloaded before import = 0Number of asset objects unloaded after import = 2

========================================================================
Received Import Request.
  Time since last request: 0.000030 seconds.
  path: Assets/Packages/JMO Assets/Cartoon FX Remaster/CFXR Assets/Graphics/cfxr stretch triangle smooth add.mat
  importAddress: Guid(9c0d180acd07ffd4183763050b4d1d22) Importer(2089858483,b0f066a214c2f5e87bad3c948f4d605d)
Start importing Assets/Packages/JMO Assets/Cartoon FX Remaster/CFXR Assets/Graphics/cfxr stretch triangle smooth add.mat using Guid(9c0d180acd07ffd4183763050b4d1d22) Importer(2089858483,b0f066a214c2f5e87bad3c948f4d605d) (ScriptedImporter) -> (Import Result ID: '773bbf72867d3f66b2436e259f9fbc52') in 0.0655494 seconds [static and dynamic dependencies]. Details - ImportResultOutputID=56605e627ddf57f3dcdf9a70bfdbb1cd DependenciesID=7e50e07a57b31ef2f84a750498ff8374 StaticDependenciesID=553707356162ee01018050fc48c3fe37 
Number of updated asset objects reloaded before import = 0Number of asset objects unloaded after import = 3

========================================================================
Received Import Request.
  Time since last request: 0.000018 seconds.
  path: Assets/Packages/JMO Assets/Cartoon FX Remaster/CFXR Assets/Graphics/cfxr stretch triangle smooth nosp ab.mat
  importAddress: Guid(79d590b9f60f0114d9f0c1686411167e) Importer(2089858483,b0f066a214c2f5e87bad3c948f4d605d)
Start importing Assets/Packages/JMO Assets/Cartoon FX Remaster/CFXR Assets/Graphics/cfxr stretch triangle smooth nosp ab.mat using Guid(79d590b9f60f0114d9f0c1686411167e) Importer(2089858483,b0f066a214c2f5e87bad3c948f4d605d) (ScriptedImporter) -> (Import Result ID: 'a841084b5a7ef6f8ff7d8864ed9ef81d') in 0.0157845 seconds [static and dynamic dependencies]. Details - ImportResultOutputID=f4179c8e76b48973df4760b1817151b7 DependenciesID=c9fe7b457d2028eed850487ce64d21b6 StaticDependenciesID=98a608ee702715be8baca1ff7098e037 
Number of updated asset objects reloaded before import = 0Number of asset objects unloaded after import = 3

========================================================================
Received Import Request.
  Time since last request: 0.000021 seconds.
  path: Assets/Packages/JMO Assets/Cartoon FX Remaster/CFXR Assets/Graphics/cfxr flamme crisp unstable fine hdr ab.mat
  importAddress: Guid(e046315f6ccc43746abef96249d6e977) Importer(2089858483,b0f066a214c2f5e87bad3c948f4d605d)
Start importing Assets/Packages/JMO Assets/Cartoon FX Remaster/CFXR Assets/Graphics/cfxr flamme crisp unstable fine hdr ab.mat using Guid(e046315f6ccc43746abef96249d6e977) Importer(2089858483,b0f066a214c2f5e87bad3c948f4d605d) (ScriptedImporter) -> (Import Result ID: 'fbe98db8fd6f6b531b7b75c52275dffe') in 0.016606 seconds [static and dynamic dependencies]. Details - ImportResultOutputID=4e18e191fbbeb9bffe56e06fe53c1148 DependenciesID=8810fa3bca91419c8cce1dca88536403 StaticDependenciesID=26a36644cc8e9667b659c663e03a4d91 
Number of updated asset objects reloaded before import = 0Number of asset objects unloaded after import = 3

========================================================================
Received Import Request.
  Time since last request: 0.000029 seconds.
  path: Assets/Packages/JMO Assets/Cartoon FX Remaster/CFXR Assets/Graphics/cfxr skull dissolve ab.mat
  importAddress: Guid(16b22ff79ad97474eb609b48400ecf22) Importer(2089858483,b0f066a214c2f5e87bad3c948f4d605d)
Start importing Assets/Packages/JMO Assets/Cartoon FX Remaster/CFXR Assets/Graphics/cfxr skull dissolve ab.mat using Guid(16b22ff79ad97474eb609b48400ecf22) Importer(2089858483,b0f066a214c2f5e87bad3c948f4d605d) (ScriptedImporter) -> (Import Result ID: '38c2203b663a120d067b957b716b9891') in 0.0166447 seconds [static and dynamic dependencies]. Details - ImportResultOutputID=438c22200f0d093868e65fbe6087a15d DependenciesID=67718caa3cc4148612022ff0f882dc0a StaticDependenciesID=87d34e6c59dcf4c262f5db31ee00161b 
Number of updated asset objects reloaded before import = 0Number of asset objects unloaded after import = 3

========================================================================
Received Import Request.
  Time since last request: 0.000017 seconds.
  path: Assets/Packages/JMO Assets/Cartoon FX Remaster/CFXR Assets/Graphics/cfxr stretch smoke arc dissolve.png
  importAddress: Guid(e79e0214c94f11d48a90f90768737ef9) Importer(2089858483,b0f066a214c2f5e87bad3c948f4d605d)
Start importing Assets/Packages/JMO Assets/Cartoon FX Remaster/CFXR Assets/Graphics/cfxr stretch smoke arc dissolve.png using Guid(e79e0214c94f11d48a90f90768737ef9) Importer(2089858483,b0f066a214c2f5e87bad3c948f4d605d) (ScriptedImporter) -> (Import Result ID: '404323588becf0b0581e4f08ece57aaf') in 0.0191479 seconds [static and dynamic dependencies]. Details - ImportResultOutputID=60ad41b64663aa434d807fbc65c2b6d4 DependenciesID=753eea4cd928f496e88ed1621d34ccbe StaticDependenciesID=75cdf8b2904e122bb947944e7e7f3c39 
Number of updated asset objects reloaded before import = 0Number of asset objects unloaded after import = 1

========================================================================
Received Import Request.
  Time since last request: 0.000016 seconds.
  path: Assets/Packages/JMO Assets/Cartoon FX Remaster/CFXR Assets/Graphics/cfxr ring arc.png
  importAddress: Guid(b0c00eedf1e61d742bf5a97f9ae59b75) Importer(2089858483,b0f066a214c2f5e87bad3c948f4d605d)
Start importing Assets/Packages/JMO Assets/Cartoon FX Remaster/CFXR Assets/Graphics/cfxr ring arc.png using Guid(b0c00eedf1e61d742bf5a97f9ae59b75) Importer(2089858483,b0f066a214c2f5e87bad3c948f4d605d) (ScriptedImporter) -> (Import Result ID: '1aff25569d017282b0b85868ef9d51f3') in 0.0324956 seconds [static and dynamic dependencies]. Details - ImportResultOutputID=0ce6101214bee15494b37d5593015aa2 DependenciesID=a7cb27bfc8d6e09c9f45908b36117c72 StaticDependenciesID=b49cb6d57eb6ede80531968ef5adb959 
Number of updated asset objects reloaded before import = 0Number of asset objects unloaded after import = 1

========================================================================
Received Import Request.
  Time since last request: 0.000019 seconds.
  path: Assets/Packages/JMO Assets/Cartoon FX Remaster/CFXR Assets/Graphics/cfxr sword trail bubbles hit.mat
  importAddress: Guid(f4edd533d90ebd34db5a5946aa12255b) Importer(2089858483,b0f066a214c2f5e87bad3c948f4d605d)
Start importing Assets/Packages/JMO Assets/Cartoon FX Remaster/CFXR Assets/Graphics/cfxr sword trail bubbles hit.mat using Guid(f4edd533d90ebd34db5a5946aa12255b) Importer(2089858483,b0f066a214c2f5e87bad3c948f4d605d) (ScriptedImporter) -> (Import Result ID: '7ebee55afddaa13d37532273d5a1096a') in 0.0191892 seconds [static and dynamic dependencies]. Details - ImportResultOutputID=ec4fc875698d304b4eed2893d89f1d01 DependenciesID=9f372422f527dbc0c7f0594421a44a40 StaticDependenciesID=80dd7b535ee3a0e44917d315944d67a4 
Number of updated asset objects reloaded before import = 0Number of asset objects unloaded after import = 3

========================================================================
Received Import Request.
  Time since last request: 0.000036 seconds.
  path: Assets/Packages/JMO Assets/Cartoon FX Remaster/CFXR Assets/Graphics/cfxr sword trail bubbles.mat
  importAddress: Guid(d2ecac8feccfe974193da022a0301cc2) Importer(2089858483,b0f066a214c2f5e87bad3c948f4d605d)
Start importing Assets/Packages/JMO Assets/Cartoon FX Remaster/CFXR Assets/Graphics/cfxr sword trail bubbles.mat using Guid(d2ecac8feccfe974193da022a0301cc2) Importer(2089858483,b0f066a214c2f5e87bad3c948f4d605d) (ScriptedImporter) -> (Import Result ID: 'eecc53a9e55158c6ffc13222af827bba') in 0.0165635 seconds [static and dynamic dependencies]. Details - ImportResultOutputID=eb0039e1e657db9998e2ffbc4d0205cf DependenciesID=93b457b9c0d50887225b2a89a429afda StaticDependenciesID=c6301966a2a40672d10d0114fc708f9c 
Number of updated asset objects reloaded before import = 0Number of asset objects unloaded after import = 3

========================================================================
Received Import Request.
  Time since last request: 0.000018 seconds.
  path: Assets/Packages/JMO Assets/Cartoon FX Remaster/CFXR Assets/Graphics/cfxr stretch triangle to diamond add.mat
  importAddress: Guid(6736a9c9adab91a48960113bc5758c7b) Importer(2089858483,b0f066a214c2f5e87bad3c948f4d605d)
Start importing Assets/Packages/JMO Assets/Cartoon FX Remaster/CFXR Assets/Graphics/cfxr stretch triangle to diamond add.mat using Guid(6736a9c9adab91a48960113bc5758c7b) Importer(2089858483,b0f066a214c2f5e87bad3c948f4d605d) (ScriptedImporter) -> (Import Result ID: '22a8bd1abcd4e5cdbfafea4e99f63c6f') in 0.0969168 seconds [static and dynamic dependencies]. Details - ImportResultOutputID=911c6a60f313f0ca758d2f2d18014bbf DependenciesID=9051efc0529abaab4905e591e7dc5d80 StaticDependenciesID=ac5b2243b8f19e920870c18ce0e6ac82 
Number of updated asset objects reloaded before import = 0Number of asset objects unloaded after import = 3

========================================================================
Received Import Request.
  Time since last request: 0.000020 seconds.
  path: Assets/Packages/JMO Assets/Cartoon FX Remaster/CFXR Assets/Graphics/cfxr sword trail flames hit.mat
  importAddress: Guid(22df6ea84842b434c9b2c6e5008d3db3) Importer(2089858483,b0f066a214c2f5e87bad3c948f4d605d)
Start importing Assets/Packages/JMO Assets/Cartoon FX Remaster/CFXR Assets/Graphics/cfxr sword trail flames hit.mat using Guid(22df6ea84842b434c9b2c6e5008d3db3) Importer(2089858483,b0f066a214c2f5e87bad3c948f4d605d) (ScriptedImporter) -> (Import Result ID: '4c8bc20a13c00fa76682e3b15c2494a7') in 0.2984602 seconds [static and dynamic dependencies]. Details - ImportResultOutputID=efa4baf6ab54f1e536a97d49a95fa598 DependenciesID=5ebec5c746f9ced0b77f217c443e9457 StaticDependenciesID=79ff39e39fd124ccf252b68af23bf99e 
Number of updated asset objects reloaded before import = 0Number of asset objects unloaded after import = 4

========================================================================
Received Import Request.
  Time since last request: 0.000030 seconds.
  path: Assets/Packages/JMO Assets/Cartoon FX Remaster/CFXR Assets/Graphics/cfxr sword trail ice.mat
  importAddress: Guid(5e2873ecce8ff4d438870b16c581b2e9) Importer(2089858483,b0f066a214c2f5e87bad3c948f4d605d)
Start importing Assets/Packages/JMO Assets/Cartoon FX Remaster/CFXR Assets/Graphics/cfxr sword trail ice.mat using Guid(5e2873ecce8ff4d438870b16c581b2e9) Importer(2089858483,b0f066a214c2f5e87bad3c948f4d605d) (ScriptedImporter) -> (Import Result ID: '06550d608ea42efc171bf82127516835') in 0.0784363 seconds [static and dynamic dependencies]. Details - ImportResultOutputID=ddecfc29aa6b63eed4895d3f210cdf6f DependenciesID=4824f79da09080916eae8fc46ad09cf0 StaticDependenciesID=40be7a0518b547494eedc3354c188563 
Number of updated asset objects reloaded before import = 0Number of asset objects unloaded after import = 4

========================================================================
Received Import Request.
  Time since last request: 0.000018 seconds.
  path: Assets/Packages/JMO Assets/Cartoon FX Remaster/CFXR Assets/Graphics/cfxr sword trail flames.mat
  importAddress: Guid(fd8fafce67740d843a22115b87dc8486) Importer(2089858483,b0f066a214c2f5e87bad3c948f4d605d)
Start importing Assets/Packages/JMO Assets/Cartoon FX Remaster/CFXR Assets/Graphics/cfxr sword trail flames.mat using Guid(fd8fafce67740d843a22115b87dc8486) Importer(2089858483,b0f066a214c2f5e87bad3c948f4d605d) (ScriptedImporter) -> (Import Result ID: '6bf5e3dfae8040a11db25f05c69baae4') in 0.0196589 seconds [static and dynamic dependencies]. Details - ImportResultOutputID=d11ccaead1882442962ef835d81a0f16 DependenciesID=f0e52bdcde81f668c8edff3f1f7b9476 StaticDependenciesID=b116163a071c0aa16dace3dc797d7dae 
Number of updated asset objects reloaded before import = 0Number of asset objects unloaded after import = 4

========================================================================
Received Import Request.
  Time since last request: 0.000020 seconds.
  path: Assets/Packages/JMO Assets/Cartoon FX Remaster/CFXR Assets/Graphics/cfxr flamme crisp mid hdr ab.mat
  importAddress: Guid(87210e6cc6e78844cb678fb0fac0a15f) Importer(2089858483,b0f066a214c2f5e87bad3c948f4d605d)
Start importing Assets/Packages/JMO Assets/Cartoon FX Remaster/CFXR Assets/Graphics/cfxr flamme crisp mid hdr ab.mat using Guid(87210e6cc6e78844cb678fb0fac0a15f) Importer(2089858483,b0f066a214c2f5e87bad3c948f4d605d) (ScriptedImporter) -> (Import Result ID: '5680bc9a6dd6b531285aab5bd2bb3399') in 0.0183436 seconds [static and dynamic dependencies]. Details - ImportResultOutputID=7c0335e7d7068030704e8930a4ba2327 DependenciesID=7135c0e9818bdaacc77a0d3ae7d763c9 StaticDependenciesID=adcdfb3449cc0e3b15743bb54c649e74 
Number of updated asset objects reloaded before import = 0Number of asset objects unloaded after import = 3

========================================================================
Received Import Request.
  Time since last request: 0.000029 seconds.
  path: Assets/Packages/JMO Assets/Cartoon FX Remaster/CFXR Assets/Graphics/cfxr sword trail mask light.png
  importAddress: Guid(f828f606993d83b4b9e0d6f939f6c960) Importer(2089858483,b0f066a214c2f5e87bad3c948f4d605d)
Start importing Assets/Packages/JMO Assets/Cartoon FX Remaster/CFXR Assets/Graphics/cfxr sword trail mask light.png using Guid(f828f606993d83b4b9e0d6f939f6c960) Importer(2089858483,b0f066a214c2f5e87bad3c948f4d605d) (ScriptedImporter) -> (Import Result ID: '6487da13c8dde45e62588133cff6fde3') in 0.0244806 seconds [static and dynamic dependencies]. Details - ImportResultOutputID=e9be1808b434765416adf99d4a71bb33 DependenciesID=cae2803fd49fcb0fc3ea68ecf99dcfa5 StaticDependenciesID=1fd3c6d438c89e309e9fbe7f6211b9cc 
Number of updated asset objects reloaded before import = 0Number of asset objects unloaded after import = 1

========================================================================
Received Import Request.
  Time since last request: 0.000017 seconds.
  path: Assets/Packages/JMO Assets/Cartoon FX Remaster/CFXR Assets/Graphics/cfxr sword trail mask lines.png
  importAddress: Guid(d184232afb846a84f94834db83916933) Importer(2089858483,b0f066a214c2f5e87bad3c948f4d605d)
Start importing Assets/Packages/JMO Assets/Cartoon FX Remaster/CFXR Assets/Graphics/cfxr sword trail mask lines.png using Guid(d184232afb846a84f94834db83916933) Importer(2089858483,b0f066a214c2f5e87bad3c948f4d605d) (ScriptedImporter) -> (Import Result ID: '0481dadf68444c9f572c8a867814df51') in 0.0218372 seconds [static and dynamic dependencies]. Details - ImportResultOutputID=831c7be4bcc94b6f4c5be58e1ce2a831 DependenciesID=1755d5bf7f85b3fa7e1bc0171020920c StaticDependenciesID=1afc8b765648432cab3d39090e17492c 
Number of updated asset objects reloaded before import = 0Number of asset objects unloaded after import = 1

========================================================================
Received Import Request.
  Time since last request: 0.000017 seconds.
  path: Assets/Packages/JMO Assets/Cartoon FX Remaster/CFXR Assets/Graphics/cfxr star blurred.png
  importAddress: Guid(33a57f503c2907f45914f326df7fb72e) Importer(2089858483,b0f066a214c2f5e87bad3c948f4d605d)
Start importing Assets/Packages/JMO Assets/Cartoon FX Remaster/CFXR Assets/Graphics/cfxr star blurred.png using Guid(33a57f503c2907f45914f326df7fb72e) Importer(2089858483,b0f066a214c2f5e87bad3c948f4d605d) (ScriptedImporter) -> (Import Result ID: 'e9e30e34c2eb7b95ddd6ac59c41ffdb7') in 0.0345623 seconds [static and dynamic dependencies]. Details - ImportResultOutputID=a2a0a2860517ca7f917853dce9fef58c DependenciesID=658f543de99bdff5e1a221fe6c95d798 StaticDependenciesID=8f47890263ecfb7b2f589aedfb1deadc 
Number of updated asset objects reloaded before import = 0Number of asset objects unloaded after import = 1

========================================================================
Received Import Request.
  Time since last request: 0.000022 seconds.
  path: Assets/Packages/JMO Assets/Cartoon FX Remaster/CFXR Assets/Graphics/cfxr fire circle plain hdr ab.mat
  importAddress: Guid(900acfa037f7a0242b5afdeea8ff53bc) Importer(2089858483,b0f066a214c2f5e87bad3c948f4d605d)
Start importing Assets/Packages/JMO Assets/Cartoon FX Remaster/CFXR Assets/Graphics/cfxr fire circle plain hdr ab.mat using Guid(900acfa037f7a0242b5afdeea8ff53bc) Importer(2089858483,b0f066a214c2f5e87bad3c948f4d605d) (ScriptedImporter) -> (Import Result ID: '017d88cc5ceaf686098f7afa3a04e144') in 0.0177278 seconds [static and dynamic dependencies]. Details - ImportResultOutputID=1fb3245fa325da738fb8cd785973da2b DependenciesID=7e8262349cad64abf00af7873c82e1f5 StaticDependenciesID=bb259f06043cfbcad578f759d075119b 
Number of updated asset objects reloaded before import = 0Number of asset objects unloaded after import = 3

========================================================================
Received Import Request.
  Time since last request: 0.000034 seconds.
  path: Assets/Packages/JMO Assets/Cartoon FX Remaster/CFXR Assets/Graphics/cfxr magic star mesh.asset
  importAddress: Guid(bd8a92b47db41f644ae7188f06a986a2) Importer(2089858483,b0f066a214c2f5e87bad3c948f4d605d)
Start importing Assets/Packages/JMO Assets/Cartoon FX Remaster/CFXR Assets/Graphics/cfxr magic star mesh.asset using Guid(bd8a92b47db41f644ae7188f06a986a2) Importer(2089858483,b0f066a214c2f5e87bad3c948f4d605d) (ScriptedImporter) -> (Import Result ID: 'ca40a21568c9156623d26e360d0eb059') in 0.0248216 seconds [static and dynamic dependencies]. Details - ImportResultOutputID=4fca02242ba2886ba8fe9bad3e566906 DependenciesID=afffe4d4ac46a35dff693848baf47a1c StaticDependenciesID=974698cc605f6b491f0fd52c9f733628 
Number of updated asset objects reloaded before import = 0Number of asset objects unloaded after import = 1

========================================================================
Received Import Request.
  Time since last request: 0.000021 seconds.
  path: Assets/Packages/JMO Assets/Cartoon FX Remaster/CFXR Assets/Graphics/cfxr sword trail noise bubbles.png
  importAddress: Guid(b0c552b9a0531564dbf486ea02aab0e8) Importer(2089858483,b0f066a214c2f5e87bad3c948f4d605d)
Start importing Assets/Packages/JMO Assets/Cartoon FX Remaster/CFXR Assets/Graphics/cfxr sword trail noise bubbles.png using Guid(b0c552b9a0531564dbf486ea02aab0e8) Importer(2089858483,b0f066a214c2f5e87bad3c948f4d605d) (ScriptedImporter) -> (Import Result ID: '5f659b883df877ad631d58d7efe661ef') in 0.021893 seconds [static and dynamic dependencies]. Details - ImportResultOutputID=4fea342f019cf9fdcf56d7c10ed2ddef DependenciesID=38807263258e7fa818596928f2a344ad StaticDependenciesID=79639ca22b6d9ff531754d1aa023e00b 
Number of updated asset objects reloaded before import = 0Number of asset objects unloaded after import = 1

========================================================================
Received Import Request.
  Time since last request: 0.000023 seconds.
  path: Assets/Packages/JMO Assets/Cartoon FX Remaster/CFXR Assets/Graphics/cfxr sword trail noise ice.png
  importAddress: Guid(895a907c47b33e445a620c6c353da305) Importer(2089858483,b0f066a214c2f5e87bad3c948f4d605d)
Start importing Assets/Packages/JMO Assets/Cartoon FX Remaster/CFXR Assets/Graphics/cfxr sword trail noise ice.png using Guid(895a907c47b33e445a620c6c353da305) Importer(2089858483,b0f066a214c2f5e87bad3c948f4d605d) (ScriptedImporter) -> (Import Result ID: '75633bdfee979ca0645c776692a4960c') in 0.0218313 seconds [static and dynamic dependencies]. Details - ImportResultOutputID=34d27b120982f93e24bce500115283ce DependenciesID=63c2bb05e4158addcc38af8be44272be StaticDependenciesID=9d5af992afa6c7f4f9e2e3bec6577bc6 
Number of updated asset objects reloaded before import = 0Number of asset objects unloaded after import = 1

========================================================================
Received Import Request.
  Time since last request: 0.000028 seconds.
  path: Assets/Packages/JMO Assets/Cartoon FX Remaster/CFXR Assets/Graphics/cfxr sword trail mask plain.png
  importAddress: Guid(647dd2d88112fc1439dff973d45dfe75) Importer(2089858483,b0f066a214c2f5e87bad3c948f4d605d)
Start importing Assets/Packages/JMO Assets/Cartoon FX Remaster/CFXR Assets/Graphics/cfxr sword trail mask plain.png using Guid(647dd2d88112fc1439dff973d45dfe75) Importer(2089858483,b0f066a214c2f5e87bad3c948f4d605d) (ScriptedImporter) -> (Import Result ID: 'a1624fb5465f87beb4bf60dc060aedc1') in 0.0276396 seconds [static and dynamic dependencies]. Details - ImportResultOutputID=4b18b0e2a70cf2845632a909d5caf48e DependenciesID=a0507b4da07ecdb6d7149e161dbe3798 StaticDependenciesID=7e0c67be12f57e4d264db36c922928e1 
Number of updated asset objects reloaded before import = 0Number of asset objects unloaded after import = 1

========================================================================
Received Import Request.
  Time since last request: 0.000026 seconds.
  path: Assets/Packages/JMO Assets/Cartoon FX Remaster/CFXR Assets/Graphics/cfxr screen distortion debug.png
  importAddress: Guid(6f7b16d6f942a47449cc79337706918f) Importer(2089858483,b0f066a214c2f5e87bad3c948f4d605d)
Start importing Assets/Packages/JMO Assets/Cartoon FX Remaster/CFXR Assets/Graphics/cfxr screen distortion debug.png using Guid(6f7b16d6f942a47449cc79337706918f) Importer(2089858483,b0f066a214c2f5e87bad3c948f4d605d) (ScriptedImporter) -> (Import Result ID: 'b36843affe532aba0815a926bd2216d8') in 0.0478187 seconds [static and dynamic dependencies]. Details - ImportResultOutputID=99a5d4eca944ac9fa5caa0fac713dbf4 DependenciesID=1f9eecf69a15fd4500221e9b81dbbbdf StaticDependenciesID=f952253bd53a898e7fe2995fc8aab8cc 
Number of updated asset objects reloaded before import = 0Number of asset objects unloaded after import = 1

========================================================================
Received Import Request.
  Time since last request: 0.000066 seconds.
  path: Assets/Packages/JMO Assets/Cartoon FX Remaster/CFXR Assets/Graphics/cfxr sword trail slash.mat
  importAddress: Guid(b92f1c26cdaedce418d969ac30ed8cb6) Importer(2089858483,b0f066a214c2f5e87bad3c948f4d605d)
Start importing Assets/Packages/JMO Assets/Cartoon FX Remaster/CFXR Assets/Graphics/cfxr sword trail slash.mat using Guid(b92f1c26cdaedce418d969ac30ed8cb6) Importer(2089858483,b0f066a214c2f5e87bad3c948f4d605d) (ScriptedImporter) -> (Import Result ID: '8125efba20b2a44dba2d7fe7edceed3e') in 0.058537 seconds [static and dynamic dependencies]. Details - ImportResultOutputID=419ffd78fa8a0ae78535df2c5498321c DependenciesID=bd09abe349589927fedecb8f9349305e StaticDependenciesID=b51b02518925dacf7a84146c094b7d0f 
Number of updated asset objects reloaded before import = 0Number of asset objects unloaded after import = 4

========================================================================
Received Import Request.
  Time since last request: 0.000079 seconds.
  path: Assets/Packages/JMO Assets/Cartoon FX Remaster/CFXR Assets/Graphics/cfxr sword trail tech thin.mat
  importAddress: Guid(53d68b6f738580245aa24697e491caae) Importer(2089858483,b0f066a214c2f5e87bad3c948f4d605d)
Start importing Assets/Packages/JMO Assets/Cartoon FX Remaster/CFXR Assets/Graphics/cfxr sword trail tech thin.mat using Guid(53d68b6f738580245aa24697e491caae) Importer(2089858483,b0f066a214c2f5e87bad3c948f4d605d) (ScriptedImporter) -> (Import Result ID: 'a509ae81553e6b83b5a2011f1db8c5ac') in 0.0339861 seconds [static and dynamic dependencies]. Details - ImportResultOutputID=8e6ebba5dac72957c28c044e0f54f879 DependenciesID=eedc5aa6ffd3d0f39cdce6133485ce5b StaticDependenciesID=8f66c05aeb1ea4337b6d4d14501fb8c4 
Number of updated asset objects reloaded before import = 0Number of asset objects unloaded after import = 4

========================================================================
Received Import Request.
  Time since last request: 0.000019 seconds.
  path: Assets/Packages/JMO Assets/Cartoon FX Remaster/CFXR Assets/Graphics/cfxr stretch rain blur ab.mat
  importAddress: Guid(f2beba2f11be47c4b93abe40da54b177) Importer(2089858483,b0f066a214c2f5e87bad3c948f4d605d)
Start importing Assets/Packages/JMO Assets/Cartoon FX Remaster/CFXR Assets/Graphics/cfxr stretch rain blur ab.mat using Guid(f2beba2f11be47c4b93abe40da54b177) Importer(2089858483,b0f066a214c2f5e87bad3c948f4d605d) (ScriptedImporter) -> (Import Result ID: '67bbebbc1b101e4d0e52b5403549465d') in 0.0188764 seconds [static and dynamic dependencies]. Details - ImportResultOutputID=829423063c4216f217ef3097df414cbe DependenciesID=a69f2d4aad1a9b506e7167ad233b1808 StaticDependenciesID=a61acc6490c92d37291a62c4a0a05e5f 
Number of updated asset objects reloaded before import = 0Number of asset objects unloaded after import = 2

========================================================================
Received Import Request.
  Time since last request: 0.000024 seconds.
  path: Assets/Packages/JMO Assets/Cartoon FX Remaster/CFXR Assets/Graphics/cfxr flamme blur stable hdr ab.mat
  importAddress: Guid(813a3e7e863a760429b02e9070a41e2c) Importer(2089858483,b0f066a214c2f5e87bad3c948f4d605d)
Start importing Assets/Packages/JMO Assets/Cartoon FX Remaster/CFXR Assets/Graphics/cfxr flamme blur stable hdr ab.mat using Guid(813a3e7e863a760429b02e9070a41e2c) Importer(2089858483,b0f066a214c2f5e87bad3c948f4d605d) (ScriptedImporter) -> (Import Result ID: '07c302f5fdb28daa8edb550f312085be') in 0.0283828 seconds [static and dynamic dependencies]. Details - ImportResultOutputID=bab000e6e5cdb2d678604ff39ebfb504 DependenciesID=9e0bc550468141a71cc051eb71ec1dd4 StaticDependenciesID=b58025bfeadaf84833e1b4ece83a166e 
Number of updated asset objects reloaded before import = 0Number of asset objects unloaded after import = 3

========================================================================
Received Import Request.
  Time since last request: 0.000030 seconds.
  path: Assets/Packages/JMO Assets/Cartoon FX Remaster/CFXR Assets/Graphics/cfxr water drop blur anim hdr ab.mat
  importAddress: Guid(9ff4585d5d3df2945b6b02ee4ff389bb) Importer(2089858483,b0f066a214c2f5e87bad3c948f4d605d)
Start importing Assets/Packages/JMO Assets/Cartoon FX Remaster/CFXR Assets/Graphics/cfxr water drop blur anim hdr ab.mat using Guid(9ff4585d5d3df2945b6b02ee4ff389bb) Importer(2089858483,b0f066a214c2f5e87bad3c948f4d605d) (ScriptedImporter) -> (Import Result ID: '4c50099e023b5bde37d368b96d2b0ddc') in 0.0528034 seconds [static and dynamic dependencies]. Details - ImportResultOutputID=573b762678b14a2373a67b208f889064 DependenciesID=20100cdd055fa8d5eabf0dbd66a6cc34 StaticDependenciesID=8e232c5b36b3dbcaeadf6c420a0948ea 
Number of updated asset objects reloaded before import = 0Number of asset objects unloaded after import = 2

========================================================================
Received Import Request.
  Time since last request: 0.000036 seconds.
  path: Assets/Packages/JMO Assets/Cartoon FX Remaster/CFXR Assets/Graphics/cfxr water drop blur anim ab.mat
  importAddress: Guid(35237ea33857dfc4e86c96692e18cd71) Importer(2089858483,b0f066a214c2f5e87bad3c948f4d605d)
Start importing Assets/Packages/JMO Assets/Cartoon FX Remaster/CFXR Assets/Graphics/cfxr water drop blur anim ab.mat using Guid(35237ea33857dfc4e86c96692e18cd71) Importer(2089858483,b0f066a214c2f5e87bad3c948f4d605d) (ScriptedImporter) -> (Import Result ID: '7f30b3ff5346c1645d09b7a7501659a4') in 0.0201339 seconds [static and dynamic dependencies]. Details - ImportResultOutputID=c7bb8c0ab39eb192b178139fa3426765 DependenciesID=87917f5ff0133bd34669a4ad9d1395bd StaticDependenciesID=fb4cbd1763f1fd5be693d56b07c6ef16 
Number of updated asset objects reloaded before import = 0Number of asset objects unloaded after import = 2

========================================================================
Received Import Request.
  Time since last request: 0.000024 seconds.
  path: Assets/Packages/JMO Assets/Cartoon FX Remaster/CFXR Assets/Graphics/cfxr uv distortion fire perlin.png
  importAddress: Guid(7c423e707e7388d4f951b065d66bf7dd) Importer(2089858483,b0f066a214c2f5e87bad3c948f4d605d)
Start importing Assets/Packages/JMO Assets/Cartoon FX Remaster/CFXR Assets/Graphics/cfxr uv distortion fire perlin.png using Guid(7c423e707e7388d4f951b065d66bf7dd) Importer(2089858483,b0f066a214c2f5e87bad3c948f4d605d) (ScriptedImporter) -> (Import Result ID: '787ea01818effd4a227a120c50364f92') in 0.0322931 seconds [static and dynamic dependencies]. Details - ImportResultOutputID=b3926562e92f5bc72612a154022dafcc DependenciesID=f61e98aaf228739242a707cc32bb0e32 StaticDependenciesID=f39fd5666b22502aa94c07438514686c 
Number of updated asset objects reloaded before import = 0Number of asset objects unloaded after import = 1

========================================================================
Received Import Request.
  Time since last request: 0.000032 seconds.
  path: Assets/Packages/JMO Assets/Cartoon FX Remaster/CFXR Assets/Graphics/cfxr uv distortion fire smudge.png
  importAddress: Guid(74db0952acdd7ba488d3d0b114954504) Importer(2089858483,b0f066a214c2f5e87bad3c948f4d605d)
Start importing Assets/Packages/JMO Assets/Cartoon FX Remaster/CFXR Assets/Graphics/cfxr uv distortion fire smudge.png using Guid(74db0952acdd7ba488d3d0b114954504) Importer(2089858483,b0f066a214c2f5e87bad3c948f4d605d) (ScriptedImporter) -> (Import Result ID: '2d4743ca8544555ec76f502059bce4c0') in 0.0236384 seconds [static and dynamic dependencies]. Details - ImportResultOutputID=ac768d9b936bccdb58239d7fc84aaac1 DependenciesID=f233205902c361cfa3a6ee226024d392 StaticDependenciesID=909c9dc0f3d8172158290413a6aaf7d7 
Number of updated asset objects reloaded before import = 0Number of asset objects unloaded after import = 1

========================================================================
Received Import Request.
  Time since last request: 0.000018 seconds.
  path: Assets/Packages/JMO Assets/Cartoon FX Remaster/CFXR Assets/Graphics/cfxr water small splash hollow stretch nosp ab.mat
  importAddress: Guid(efec9ca1c146ade489c4943c6ab0ede5) Importer(2089858483,b0f066a214c2f5e87bad3c948f4d605d)
Start importing Assets/Packages/JMO Assets/Cartoon FX Remaster/CFXR Assets/Graphics/cfxr water small splash hollow stretch nosp ab.mat using Guid(efec9ca1c146ade489c4943c6ab0ede5) Importer(2089858483,b0f066a214c2f5e87bad3c948f4d605d) (ScriptedImporter) -> (Import Result ID: '7773d60acc6c0216aeb871bd7a200c19') in 0.0296081 seconds [static and dynamic dependencies]. Details - ImportResultOutputID=aa7b710a771aa36cd5b05e8701e9ed30 DependenciesID=bfb8645b022da7b1073e9ac2bc22161e StaticDependenciesID=309664b857f06632e4998e5af1494afb 
Number of updated asset objects reloaded before import = 0Number of asset objects unloaded after import = 2

========================================================================
Received Import Request.
  Time since last request: 0.000020 seconds.
  path: Assets/Packages/JMO Assets/Cartoon FX Remaster/CFXR Assets/Graphics/cfxr water drop blur anim.png
  importAddress: Guid(a6a0e0bc1c42998409e62e44a50cd816) Importer(2089858483,b0f066a214c2f5e87bad3c948f4d605d)
Start importing Assets/Packages/JMO Assets/Cartoon FX Remaster/CFXR Assets/Graphics/cfxr water drop blur anim.png using Guid(a6a0e0bc1c42998409e62e44a50cd816) Importer(2089858483,b0f066a214c2f5e87bad3c948f4d605d) (ScriptedImporter) -> (Import Result ID: '51c509d5df781c9c9ce70d75181336ce') in 0.0937692 seconds [static and dynamic dependencies]. Details - ImportResultOutputID=cc84c190adccdb9d8f3d95a01796c0f1 DependenciesID=5f1c6b15faf2577bfbe91746af0c8359 StaticDependenciesID=0eada04d4f6d911fce61dbe0810b196c 
Number of updated asset objects reloaded before import = 0Number of asset objects unloaded after import = 1

========================================================================
Received Import Request.
  Time since last request: 0.000025 seconds.
  path: Assets/Packages/JMO Assets/Cartoon FX Remaster/CFXR Assets/Graphics/cfxr water foam.png
  importAddress: Guid(2f6e48026c6d24d4d8e7fc74722c663c) Importer(2089858483,b0f066a214c2f5e87bad3c948f4d605d)
Start importing Assets/Packages/JMO Assets/Cartoon FX Remaster/CFXR Assets/Graphics/cfxr water foam.png using Guid(2f6e48026c6d24d4d8e7fc74722c663c) Importer(2089858483,b0f066a214c2f5e87bad3c948f4d605d) (ScriptedImporter) -> (Import Result ID: '8d1f1c2c06a496d9918860726ed4d7a4') in 0.0430496 seconds [static and dynamic dependencies]. Details - ImportResultOutputID=5f1e509ed9073b760f2be172be381681 DependenciesID=aaa49763e8403113cdf81bd52bcbf1a2 StaticDependenciesID=5d0a0661e2eea2f0e122823aeae90ebf 
Number of updated asset objects reloaded before import = 0Number of asset objects unloaded after import = 1

========================================================================
Received Import Request.
  Time since last request: 0.000029 seconds.
  path: Assets/Packages/JMO Assets/Cartoon FX Remaster/CFXR Assets/Graphics/cfxr water foam ab.mat
  importAddress: Guid(e06e7973fae97da47931c6ffb2b23468) Importer(2089858483,b0f066a214c2f5e87bad3c948f4d605d)
Start importing Assets/Packages/JMO Assets/Cartoon FX Remaster/CFXR Assets/Graphics/cfxr water foam ab.mat using Guid(e06e7973fae97da47931c6ffb2b23468) Importer(2089858483,b0f066a214c2f5e87bad3c948f4d605d) (ScriptedImporter) -> (Import Result ID: '761843e913ff67003d0437c1cf628037') in 0.0162241 seconds [static and dynamic dependencies]. Details - ImportResultOutputID=3183212f1cd70f2bb503f885f7d628a3 DependenciesID=40961028ef0abd8ff2bbc36e01062bce StaticDependenciesID=4ad050a3366c8dd3a08555cd2aba6c92 
Number of updated asset objects reloaded before import = 0Number of asset objects unloaded after import = 2

========================================================================
Received Import Request.
  Time since last request: 0.000018 seconds.
  path: Assets/Packages/JMO Assets/Cartoon FX Remaster/CFXR Assets/Graphics/cfxr water small splash hollow stretch.png
  importAddress: Guid(bfbd5d193a2416e4c8cfb696eaf6252f) Importer(2089858483,b0f066a214c2f5e87bad3c948f4d605d)
Start importing Assets/Packages/JMO Assets/Cartoon FX Remaster/CFXR Assets/Graphics/cfxr water small splash hollow stretch.png using Guid(bfbd5d193a2416e4c8cfb696eaf6252f) Importer(2089858483,b0f066a214c2f5e87bad3c948f4d605d) (ScriptedImporter) -> (Import Result ID: '03ce9ba0a72fb288fa578599db57b1ba') in 0.0194655 seconds [static and dynamic dependencies]. Details - ImportResultOutputID=a01ef8ac07be4353362de6180f75710f DependenciesID=1e54fd864523a476666263130ba7e511 StaticDependenciesID=dd5a44fddc4b0d0bd452b50909b11f80 
Number of updated asset objects reloaded before import = 0Number of asset objects unloaded after import = 1

========================================================================
Received Import Request.
  Time since last request: 0.000019 seconds.
  path: Assets/Packages/JMO Assets/Cartoon FX Remaster/CFXR Assets/Graphics/cfxr proc ring add.mat
  importAddress: Guid(f99a4d6e0727b6c47b5a03d567bbcf75) Importer(2089858483,b0f066a214c2f5e87bad3c948f4d605d)
Start importing Assets/Packages/JMO Assets/Cartoon FX Remaster/CFXR Assets/Graphics/cfxr proc ring add.mat using Guid(f99a4d6e0727b6c47b5a03d567bbcf75) Importer(2089858483,b0f066a214c2f5e87bad3c948f4d605d) (ScriptedImporter) -> (Import Result ID: '3527822e74b3749f32e0c748a82ca93f') in 0.0152414 seconds [static and dynamic dependencies]. Details - ImportResultOutputID=6b35af815bb484877a21677ca5182d7a DependenciesID=5ff81585b73989f8fc3007b40cffcb15 StaticDependenciesID=64083cef324b7d916e172a0eb3a32360 
Number of updated asset objects reloaded before import = 0Number of asset objects unloaded after import = 1

========================================================================
Received Import Request.
  Time since last request: 0.000019 seconds.
  path: Assets/Packages/JMO Assets/Cartoon FX Remaster/CFXR Assets/Graphics/cfxr sword trail ice hit.mat
  importAddress: Guid(424e98b62df55be42a3ee2c2406d06b4) Importer(2089858483,b0f066a214c2f5e87bad3c948f4d605d)
Start importing Assets/Packages/JMO Assets/Cartoon FX Remaster/CFXR Assets/Graphics/cfxr sword trail ice hit.mat using Guid(424e98b62df55be42a3ee2c2406d06b4) Importer(2089858483,b0f066a214c2f5e87bad3c948f4d605d) (ScriptedImporter) -> (Import Result ID: '90da7f4f8ab2185011ded38d3ad382cc') in 0.0191176 seconds [static and dynamic dependencies]. Details - ImportResultOutputID=3f2c221ce129ae67aed444cdfebf0aa5 DependenciesID=d3d59357000ff83c270568b298bf662c StaticDependenciesID=ea8ccd6ddba314ac07fc82c46361147c 
Number of updated asset objects reloaded before import = 0Number of asset objects unloaded after import = 4

========================================================================
Received Import Request.
  Time since last request: 0.000032 seconds.
  path: Assets/Packages/JMO Assets/Cartoon FX Remaster/CFXR Assets/Graphics/cfxr sword trail ice thin.mat
  importAddress: Guid(2297254cc96f53141bb29fae4fcca6ea) Importer(2089858483,b0f066a214c2f5e87bad3c948f4d605d)
Start importing Assets/Packages/JMO Assets/Cartoon FX Remaster/CFXR Assets/Graphics/cfxr sword trail ice thin.mat using Guid(2297254cc96f53141bb29fae4fcca6ea) Importer(2089858483,b0f066a214c2f5e87bad3c948f4d605d) (ScriptedImporter) -> (Import Result ID: '27120e226c40da38d0995562a14e2de9') in 0.0179185 seconds [static and dynamic dependencies]. Details - ImportResultOutputID=8db0bc4e9731429bfd0345ef88923c92 DependenciesID=792b9ee7ba5241400a8c4cc108982a45 StaticDependenciesID=92ebbf1fd4395d7a925ce021a65bd0bf 
Number of updated asset objects reloaded before import = 0Number of asset objects unloaded after import = 4

========================================================================
Received Import Request.
  Time since last request: 0.000023 seconds.
  path: Assets/Packages/JMO Assets/Cartoon FX Remaster/CFXR Assets/Graphics/cfxr water small splash hollow stretch nosp hdr ab.mat
  importAddress: Guid(adb742b9c93b8094d9cb160b70554b75) Importer(2089858483,b0f066a214c2f5e87bad3c948f4d605d)
Start importing Assets/Packages/JMO Assets/Cartoon FX Remaster/CFXR Assets/Graphics/cfxr water small splash hollow stretch nosp hdr ab.mat using Guid(adb742b9c93b8094d9cb160b70554b75) Importer(2089858483,b0f066a214c2f5e87bad3c948f4d605d) (ScriptedImporter) -> (Import Result ID: 'cad47e9373f404cc0260ab42cf401d3d') in 0.0198822 seconds [static and dynamic dependencies]. Details - ImportResultOutputID=38c36723e932a79bbda76120211285cd DependenciesID=894aa1ace583ebda04c369053b58a644 StaticDependenciesID=a2dae1fca43d51aff454b25229ef39b9 
Number of updated asset objects reloaded before import = 0Number of asset objects unloaded after import = 2

========================================================================
Received Import Request.
  Time since last request: 0.000019 seconds.
  path: Assets/Packages/JMO Assets/Cartoon FX Remaster/CFXR Assets/Graphics/cfxr skull distort hdr ab.mat
  importAddress: Guid(a2c9932117f901f4cbb019f29bda1c69) Importer(2089858483,b0f066a214c2f5e87bad3c948f4d605d)
Start importing Assets/Packages/JMO Assets/Cartoon FX Remaster/CFXR Assets/Graphics/cfxr skull distort hdr ab.mat using Guid(a2c9932117f901f4cbb019f29bda1c69) Importer(2089858483,b0f066a214c2f5e87bad3c948f4d605d) (ScriptedImporter) -> (Import Result ID: '2f2035d4a13461f6dbe89cb87a7fa2cc') in 0.0709349 seconds [static and dynamic dependencies]. Details - ImportResultOutputID=6da5c77562a2f85176c4618cc9fb5667 DependenciesID=e76acc1fb97da71a88a4e87e171e424d StaticDependenciesID=bb20a31b6c45e6ca3f30f1131418260b 
Number of updated asset objects reloaded before import = 0Number of asset objects unloaded after import = 4

========================================================================
Received Import Request.
  Time since last request: 0.000024 seconds.
  path: Assets/Packages/JMO Assets/Cartoon FX Remaster/CFXR Assets/Graphics/cfxr ww smoke first color.png
  importAddress: Guid(6386773108360044293d98e435fb73bd) Importer(2089858483,b0f066a214c2f5e87bad3c948f4d605d)
Start importing Assets/Packages/JMO Assets/Cartoon FX Remaster/CFXR Assets/Graphics/cfxr ww smoke first color.png using Guid(6386773108360044293d98e435fb73bd) Importer(2089858483,b0f066a214c2f5e87bad3c948f4d605d) (ScriptedImporter) -> (Import Result ID: 'cf04d0e6ea1c15ab5f2ea10d03a9612f') in 0.0390322 seconds [static and dynamic dependencies]. Details - ImportResultOutputID=3352a14d9ccdad027e2928a901882e2c DependenciesID=2555d2234103722025b361bd2b3a6f12 StaticDependenciesID=8a94ad3a8331842658025c9328f32f3c 
Number of updated asset objects reloaded before import = 0Number of asset objects unloaded after import = 1

========================================================================
Received Import Request.
  Time since last request: 0.000033 seconds.
  path: Assets/Packages/JMO Assets/Cartoon FX Remaster/CFXR Assets/Graphics/cfxr ww smoke bright.png
  importAddress: Guid(61ba904dd6bbf9e44be37f634459f9b9) Importer(2089858483,b0f066a214c2f5e87bad3c948f4d605d)
Start importing Assets/Packages/JMO Assets/Cartoon FX Remaster/CFXR Assets/Graphics/cfxr ww smoke bright.png using Guid(61ba904dd6bbf9e44be37f634459f9b9) Importer(2089858483,b0f066a214c2f5e87bad3c948f4d605d) (ScriptedImporter) -> (Import Result ID: '6a4c7c7289391fc036452063f8b2723d') in 0.0216998 seconds [static and dynamic dependencies]. Details - ImportResultOutputID=133d84d1dcf20842abb83f52a624d82a DependenciesID=42207e8cb2faaf2c3c9b78696e48f425 StaticDependenciesID=715153278691e3a53a0ebe70e6ea71ab 
Number of updated asset objects reloaded before import = 0Number of asset objects unloaded after import = 1

========================================================================
Received Import Request.
  Time since last request: 0.000019 seconds.
  path: Assets/Packages/JMO Assets/Cartoon FX Remaster/CFXR Assets/Graphics/cfxr ww smoke glow ab.mat
  importAddress: Guid(a73ea21367565fe478f25a8a2e33ade3) Importer(2089858483,b0f066a214c2f5e87bad3c948f4d605d)
Start importing Assets/Packages/JMO Assets/Cartoon FX Remaster/CFXR Assets/Graphics/cfxr ww smoke glow ab.mat using Guid(a73ea21367565fe478f25a8a2e33ade3) Importer(2089858483,b0f066a214c2f5e87bad3c948f4d605d) (ScriptedImporter) -> (Import Result ID: '2562be5a3122fb1f279c221afbcc5606') in 0.0211048 seconds [static and dynamic dependencies]. Details - ImportResultOutputID=feed6bbce924f52e24de3554df1ffae1 DependenciesID=6ece482bb54a81f78b4b829f763a1d47 StaticDependenciesID=53961deb9fe05be8ed3bb20f2d6c902d 
Number of updated asset objects reloaded before import = 0Number of asset objects unloaded after import = 2

========================================================================
Received Import Request.
  Time since last request: 0.000069 seconds.
  path: Assets/Packages/JMO Assets/Cartoon FX Remaster/CFXR Assets/Graphics/cfxr water small splash stretch.png
  importAddress: Guid(86831a029ed34ee44a572951013dc93d) Importer(2089858483,b0f066a214c2f5e87bad3c948f4d605d)
Start importing Assets/Packages/JMO Assets/Cartoon FX Remaster/CFXR Assets/Graphics/cfxr water small splash stretch.png using Guid(86831a029ed34ee44a572951013dc93d) Importer(2089858483,b0f066a214c2f5e87bad3c948f4d605d) (ScriptedImporter) -> (Import Result ID: 'f675d9811bf128aea3f384be6fd1b20b') in 0.1154933 seconds [static and dynamic dependencies]. Details - ImportResultOutputID=1a992fedf5299223048a89f1b9c0deec DependenciesID=85fa2bf9d8074ae152b1327cbd717817 StaticDependenciesID=a971fa7b39ad9bd9683bc7b8f646ba58 
Number of updated asset objects reloaded before import = 0Number of asset objects unloaded after import = 1

========================================================================
Received Import Request.
  Time since last request: 0.000035 seconds.
  path: Assets/Packages/JMO Assets/Cartoon FX Remaster/CFXR Assets/Meshes/cfxr electric_barrier.fbx
  importAddress: Guid(1a6345b23d834ab4290d4498136e1abc) Importer(2089858483,b0f066a214c2f5e87bad3c948f4d605d)
Start importing Assets/Packages/JMO Assets/Cartoon FX Remaster/CFXR Assets/Meshes/cfxr electric_barrier.fbx using Guid(1a6345b23d834ab4290d4498136e1abc) Importer(2089858483,b0f066a214c2f5e87bad3c948f4d605d) (ScriptedImporter) -> (Import Result ID: 'f31c6b93ce47c6152af428eeb24a951d') in 0.0571723 seconds [static and dynamic dependencies]. Details - ImportResultOutputID=311e8daadc804472e2d3318840f9d6fe DependenciesID=2a405988f5bea6729d494cc0bc35b00c StaticDependenciesID=0515e0478fb369187610644f83890044 
Number of updated asset objects reloaded before import = 0Number of asset objects unloaded after import = 24

========================================================================
Received Import Request.
  Time since last request: 0.000017 seconds.
  path: Assets/Packages/JMO Assets/Cartoon FX Remaster/CFXR Assets/Graphics/cfxr ww smoke second color.png
  importAddress: Guid(fb254775819c9984b9be66d44452477c) Importer(2089858483,b0f066a214c2f5e87bad3c948f4d605d)
Start importing Assets/Packages/JMO Assets/Cartoon FX Remaster/CFXR Assets/Graphics/cfxr ww smoke second color.png using Guid(fb254775819c9984b9be66d44452477c) Importer(2089858483,b0f066a214c2f5e87bad3c948f4d605d) (ScriptedImporter) -> (Import Result ID: 'f6825c61267be9e826a149ff840fae83') in 0.0429948 seconds [static and dynamic dependencies]. Details - ImportResultOutputID=eac171aba8cb2950de1cefd163e10db4 DependenciesID=f4b4479f6bb50ce99a1ee2e4e8063507 StaticDependenciesID=8bbbbec5964d7d79f504e8591a8efeaa 
Number of updated asset objects reloaded before import = 0Number of asset objects unloaded after import = 1

========================================================================
Received Import Request.
  Time since last request: 0.000019 seconds.
  path: Assets/Packages/JMO Assets/Cartoon FX Remaster/CFXR Assets/Meshes/cfxr electric_arc_circle.fbx
  importAddress: Guid(b10f0a773262b9c478542ff2d1a04863) Importer(2089858483,b0f066a214c2f5e87bad3c948f4d605d)
Start importing Assets/Packages/JMO Assets/Cartoon FX Remaster/CFXR Assets/Meshes/cfxr electric_arc_circle.fbx using Guid(b10f0a773262b9c478542ff2d1a04863) Importer(2089858483,b0f066a214c2f5e87bad3c948f4d605d) (ScriptedImporter) -> (Import Result ID: '69a78ce324c23a2f05bf4f9d788d10f0') in 0.0608199 seconds [static and dynamic dependencies]. Details - ImportResultOutputID=448e476b3798e662b820b32948e6a8d8 DependenciesID=cf4cd8c18d7a00f65462f53ef0bb3ee8 StaticDependenciesID=a0918b96a9fd18d9b38f259887daf3b5 
Number of updated asset objects reloaded before import = 0Number of asset objects unloaded after import = 7

========================================================================
Received Import Request.
  Time since last request: 0.000050 seconds.
  path: Assets/Packages/JMO Assets/Cartoon FX Remaster/CFXR Assets/Meshes/cfxr mesh foam.fbx
  importAddress: Guid(efd0ff1193063db498e9ddb30e96e4ee) Importer(2089858483,b0f066a214c2f5e87bad3c948f4d605d)
Start importing Assets/Packages/JMO Assets/Cartoon FX Remaster/CFXR Assets/Meshes/cfxr mesh foam.fbx using Guid(efd0ff1193063db498e9ddb30e96e4ee) Importer(2089858483,b0f066a214c2f5e87bad3c948f4d605d) (ScriptedImporter) -> (Import Result ID: '298d4cf858dcd22be71f67c96957c34a') in 0.0303091 seconds [static and dynamic dependencies]. Details - ImportResultOutputID=bf4dcc5804be7ff1b3bcd7632fe56f9c DependenciesID=8a5618f406f5a55ff04cca0047394247 StaticDependenciesID=425f8a65312ea8f6404c03308adfdf01 
Number of updated asset objects reloaded before import = 0Number of asset objects unloaded after import = 7

========================================================================
Received Import Request.
  Time since last request: 0.000018 seconds.
  path: Assets/Packages/JMO Assets/Cartoon FX Remaster/CFXR Assets/Meshes/cfxr mesh donut.fbx
  importAddress: Guid(5d48695472dfda94b92ac5316397da95) Importer(2089858483,b0f066a214c2f5e87bad3c948f4d605d)
Start importing Assets/Packages/JMO Assets/Cartoon FX Remaster/CFXR Assets/Meshes/cfxr mesh donut.fbx using Guid(5d48695472dfda94b92ac5316397da95) Importer(2089858483,b0f066a214c2f5e87bad3c948f4d605d) (ScriptedImporter) -> (Import Result ID: '22a2b54bb945360a7264d5e3770912ab') in 0.0535649 seconds [static and dynamic dependencies]. Details - ImportResultOutputID=d2aab2e4f849506d900d99dbc06cdfbf DependenciesID=d8dd9705675dc3ab35575e34f16da64f StaticDependenciesID=c815e40032cc1b9df67659aca817b607 
Number of updated asset objects reloaded before import = 0Number of asset objects unloaded after import = 8

========================================================================
Received Import Request.
  Time since last request: 0.000019 seconds.
  path: Assets/Packages/JMO Assets/Cartoon FX Remaster/CFXR Assets/Graphics/cfxr ww smoke second color ab.mat
  importAddress: Guid(869742a199537664ea313c65dc8525cc) Importer(2089858483,b0f066a214c2f5e87bad3c948f4d605d)
Start importing Assets/Packages/JMO Assets/Cartoon FX Remaster/CFXR Assets/Graphics/cfxr ww smoke second color ab.mat using Guid(869742a199537664ea313c65dc8525cc) Importer(2089858483,b0f066a214c2f5e87bad3c948f4d605d) (ScriptedImporter) -> (Import Result ID: 'f2135c8ee87b27728e9e0f56b0ed1131') in 0.0193645 seconds [static and dynamic dependencies]. Details - ImportResultOutputID=38c955dfb92636619c8524a9534f2c2f DependenciesID=d885d930af9e2e9f94ffe8fba6e1102a StaticDependenciesID=de60c508f137d5dd4ae8cd26a87dce4d 
Number of updated asset objects reloaded before import = 0Number of asset objects unloaded after import = 3

========================================================================
Received Import Request.
  Time since last request: 0.000028 seconds.
  path: Assets/Packages/JMO Assets/Cartoon FX Remaster/CFXR Assets/Graphics/cfxr puddle dissolve ab.mat
  importAddress: Guid(1f933b3ea1afc3c43b76b5dafa33bdb8) Importer(2089858483,b0f066a214c2f5e87bad3c948f4d605d)
Start importing Assets/Packages/JMO Assets/Cartoon FX Remaster/CFXR Assets/Graphics/cfxr puddle dissolve ab.mat using Guid(1f933b3ea1afc3c43b76b5dafa33bdb8) Importer(2089858483,b0f066a214c2f5e87bad3c948f4d605d) (ScriptedImporter) -> (Import Result ID: '90d2459cad56f4ae46c15f7a9c4bb7ef') in 0.043704 seconds [static and dynamic dependencies]. Details - ImportResultOutputID=f27b412b18e4f34481967d540d1069cd DependenciesID=eb3b9afb12fa6a2228a5e7883b892b7d StaticDependenciesID=5aac99c9f7052a23ec708464083f9b15 
Number of updated asset objects reloaded before import = 0Number of asset objects unloaded after import = 3

========================================================================
Received Import Request.
  Time since last request: 0.000019 seconds.
  path: Assets/Packages/JMO Assets/Cartoon FX Remaster/CFXR Assets/Graphics/cfxr leave b normal.png
  importAddress: Guid(369b2c490985c3d4d8ab8ef86979a111) Importer(2089858483,b0f066a214c2f5e87bad3c948f4d605d)
Start importing Assets/Packages/JMO Assets/Cartoon FX Remaster/CFXR Assets/Graphics/cfxr leave b normal.png using Guid(369b2c490985c3d4d8ab8ef86979a111) Importer(2089858483,b0f066a214c2f5e87bad3c948f4d605d) (ScriptedImporter) -> (Import Result ID: '80de47721fd7d9e36babd0aa35f35420') in 0.0317736 seconds [static and dynamic dependencies]. Details - ImportResultOutputID=1a45bddc5bc4da39c168dc4e2ace7384 DependenciesID=903f34a4cc52d7c7d76f2d0e177e257f StaticDependenciesID=1c04f1648840174f5443f9663a922d3d 
Number of updated asset objects reloaded before import = 0Number of asset objects unloaded after import = 1

========================================================================
Received Import Request.
  Time since last request: 0.000021 seconds.
  path: Assets/Packages/JMO Assets/Cartoon FX Remaster/CFXR Assets/Meshes/cfxr mesh star8.fbx
  importAddress: Guid(fb0f8bc3240c8144cb32581b07e12ef0) Importer(2089858483,b0f066a214c2f5e87bad3c948f4d605d)
Start importing Assets/Packages/JMO Assets/Cartoon FX Remaster/CFXR Assets/Meshes/cfxr mesh star8.fbx using Guid(fb0f8bc3240c8144cb32581b07e12ef0) Importer(2089858483,b0f066a214c2f5e87bad3c948f4d605d) (ScriptedImporter) -> (Import Result ID: '3ff0795febc85131174067fe49e4956c') in 0.0288247 seconds [static and dynamic dependencies]. Details - ImportResultOutputID=8bfa977a1f0ed524e7b60afb94c636b6 DependenciesID=3a78e59f747ac0e249f9b0ef6b122637 StaticDependenciesID=37b8ee3d9933a9c9a57ce9758177d869 
Number of updated asset objects reloaded before import = 0Number of asset objects unloaded after import = 7

========================================================================
Received Import Request.
  Time since last request: 0.000034 seconds.
  path: Assets/Packages/JMO Assets/Cartoon FX Remaster/CFXR Assets/Meshes/cfxr mesh star6.fbx
  importAddress: Guid(04eb6fb558fc96e408adfdc22a919448) Importer(2089858483,b0f066a214c2f5e87bad3c948f4d605d)
Start importing Assets/Packages/JMO Assets/Cartoon FX Remaster/CFXR Assets/Meshes/cfxr mesh star6.fbx using Guid(04eb6fb558fc96e408adfdc22a919448) Importer(2089858483,b0f066a214c2f5e87bad3c948f4d605d) (ScriptedImporter) -> (Import Result ID: '23b58fe60b5b91500d433aec1e58bae6') in 0.0302729 seconds [static and dynamic dependencies]. Details - ImportResultOutputID=4f39988825ceed894c491186acc73674 DependenciesID=07dbd1759b5c017f235c63ea0f71ba6e StaticDependenciesID=d7a30db5bf0718bc20c69ac442927001 
Number of updated asset objects reloaded before import = 0Number of asset objects unloaded after import = 7

========================================================================
Received Import Request.
  Time since last request: 0.000032 seconds.
  path: Assets/Packages/JMO Assets/Cartoon FX Remaster/CFXR Assets/Meshes/cfxr mesh ring.fbx
  importAddress: Guid(fd9225d663ccb334dbfa1e5255190553) Importer(2089858483,b0f066a214c2f5e87bad3c948f4d605d)
Start importing Assets/Packages/JMO Assets/Cartoon FX Remaster/CFXR Assets/Meshes/cfxr mesh ring.fbx using Guid(fd9225d663ccb334dbfa1e5255190553) Importer(2089858483,b0f066a214c2f5e87bad3c948f4d605d) (ScriptedImporter) -> (Import Result ID: '0c3d7ded658189740c9a1e8d83a8a4aa') in 0.0291342 seconds [static and dynamic dependencies]. Details - ImportResultOutputID=020f9f5c76802daad8d0d11a7ceef145 DependenciesID=cdb2375b404c0e14c10f94c6c1005379 StaticDependenciesID=f87c7fb7ae7a9383030d520b84d46728 
Number of updated asset objects reloaded before import = 0Number of asset objects unloaded after import = 7

========================================================================
Received Import Request.
  Time since last request: 0.000019 seconds.
  path: Assets/Packages/JMO Assets/Cartoon FX Remaster/CFXR Assets/Meshes/cfxr mesh leave.fbx
  importAddress: Guid(f8defa343e39b2545bf3101b50eefa17) Importer(2089858483,b0f066a214c2f5e87bad3c948f4d605d)
Start importing Assets/Packages/JMO Assets/Cartoon FX Remaster/CFXR Assets/Meshes/cfxr mesh leave.fbx using Guid(f8defa343e39b2545bf3101b50eefa17) Importer(2089858483,b0f066a214c2f5e87bad3c948f4d605d) (ScriptedImporter) -> (Import Result ID: '025343978ae448e78d74ce7a8a597236') in 0.0258017 seconds [static and dynamic dependencies]. Details - ImportResultOutputID=5cf34f03ffcbf7278f759567bea2cf73 DependenciesID=afcc49528a18950acef84c19c854a571 StaticDependenciesID=9cdd6bbf65f51d11f0c943cbe54bc34e 
Number of updated asset objects reloaded before import = 0Number of asset objects unloaded after import = 8

========================================================================
Received Import Request.
  Time since last request: 0.000028 seconds.
  path: Assets/Packages/JMO Assets/Cartoon FX Remaster/CFXR Assets/Meshes/cfxr mesh star4.fbx
  importAddress: Guid(a3e854b0e6a2a7d48ad61e15d33575de) Importer(2089858483,b0f066a214c2f5e87bad3c948f4d605d)
Start importing Assets/Packages/JMO Assets/Cartoon FX Remaster/CFXR Assets/Meshes/cfxr mesh star4.fbx using Guid(a3e854b0e6a2a7d48ad61e15d33575de) Importer(2089858483,b0f066a214c2f5e87bad3c948f4d605d) (ScriptedImporter) -> (Import Result ID: '782c6fa600fc017ed69b3a891333acc8') in 0.061897 seconds [static and dynamic dependencies]. Details - ImportResultOutputID=b873fc890bfc88bd0c31b85bdafed00a DependenciesID=b369c5763af82b2be6e6f092e512546c StaticDependenciesID=ec6de3cd46a90d0f18b24490ae9e3d81 
Number of updated asset objects reloaded before import = 0Number of asset objects unloaded after import = 7

========================================================================
Received Import Request.
  Time since last request: 0.000016 seconds.
  path: Assets/Packages/JMO Assets/Cartoon FX Remaster/CFXR Assets/Meshes/cfxr particle_electric_arc_2.fbx
  importAddress: Guid(f6ce39f7cf5788047aa637110fa7ebe1) Importer(2089858483,b0f066a214c2f5e87bad3c948f4d605d)
Start importing Assets/Packages/JMO Assets/Cartoon FX Remaster/CFXR Assets/Meshes/cfxr particle_electric_arc_2.fbx using Guid(f6ce39f7cf5788047aa637110fa7ebe1) Importer(2089858483,b0f066a214c2f5e87bad3c948f4d605d) (ScriptedImporter) -> (Import Result ID: '67c2ce670703be4630530540b4da612d') in 0.0267489 seconds [static and dynamic dependencies]. Details - ImportResultOutputID=b895c265700e41358748a27a98185777 DependenciesID=d65f728ba125b49243d9b0a01669db43 StaticDependenciesID=814c87d3fa3a41a4309ee32353dd6b0f 
Number of updated asset objects reloaded before import = 0Number of asset objects unloaded after import = 7

========================================================================
Received Import Request.
  Time since last request: 0.000031 seconds.
  path: Assets/Packages/JMO Assets/Cartoon FX Remaster/CFXR Assets/Meshes/cfxr ring mesh half.asset
  importAddress: Guid(ce103771ce3690f4c89d46b35e47d417) Importer(2089858483,b0f066a214c2f5e87bad3c948f4d605d)
Start importing Assets/Packages/JMO Assets/Cartoon FX Remaster/CFXR Assets/Meshes/cfxr ring mesh half.asset using Guid(ce103771ce3690f4c89d46b35e47d417) Importer(2089858483,b0f066a214c2f5e87bad3c948f4d605d) (ScriptedImporter) -> (Import Result ID: '0b1bd19df6448138c6c20cb89a21c36c') in 0.0125103 seconds [static and dynamic dependencies]. Details - ImportResultOutputID=e896341e56733aff7e3b4c08d0199bea DependenciesID=f88b4ac47d764975c74709fab5d44cf1 StaticDependenciesID=e7f687e5b21b3ce16a7cc0dfe2f39147 
Number of updated asset objects reloaded before import = 0Number of asset objects unloaded after import = 1

========================================================================
Received Import Request.
  Time since last request: 0.000028 seconds.
  path: Assets/Packages/JMO Assets/Cartoon FX Remaster/CFXR Assets/Meshes/cfxr ring mesh local space smoother.asset
  importAddress: Guid(72b4aba81b7370a4e966fe9b365b8b19) Importer(2089858483,b0f066a214c2f5e87bad3c948f4d605d)
Start importing Assets/Packages/JMO Assets/Cartoon FX Remaster/CFXR Assets/Meshes/cfxr ring mesh local space smoother.asset using Guid(72b4aba81b7370a4e966fe9b365b8b19) Importer(2089858483,b0f066a214c2f5e87bad3c948f4d605d) (ScriptedImporter) -> (Import Result ID: '3ecdaec5124d1407217299e5d5c2caa2') in 0.0191449 seconds [static and dynamic dependencies]. Details - ImportResultOutputID=415fa00ed826c60e0d95a821bb5d97f2 DependenciesID=36e3b15dc41c8ce69d73380d8f26303d StaticDependenciesID=1e62ca49af9bc60ebeaefc0c4f422357 
Number of updated asset objects reloaded before import = 0Number of asset objects unloaded after import = 1

========================================================================
Received Import Request.
  Time since last request: 0.000021 seconds.
  path: Assets/Packages/JMO Assets/Cartoon FX Remaster/CFXR Assets/Meshes/cfxr mesh sword_slashes.fbx
  importAddress: Guid(e82f2cbd6def7ff4c98963f706f00d3e) Importer(2089858483,b0f066a214c2f5e87bad3c948f4d605d)
Start importing Assets/Packages/JMO Assets/Cartoon FX Remaster/CFXR Assets/Meshes/cfxr mesh sword_slashes.fbx using Guid(e82f2cbd6def7ff4c98963f706f00d3e) Importer(2089858483,b0f066a214c2f5e87bad3c948f4d605d) (ScriptedImporter) -> (Import Result ID: 'bf98ca101ba3bfbf7fdd4427bdad5c65') in 0.0457731 seconds [static and dynamic dependencies]. Details - ImportResultOutputID=4798bdd4288b06be531b46d5686ba9b5 DependenciesID=71dc867c5702fb64c5ab65c4f79e92b3 StaticDependenciesID=72e2aee283d50ce1f7d50328f1bee401 
Number of updated asset objects reloaded before import = 0Number of asset objects unloaded after import = 54

========================================================================
Received Import Request.
  Time since last request: 0.000018 seconds.
  path: Assets/Packages/JMO Assets/Cartoon FX Remaster/CFXR Assets/Meshes/cfxr particle_electric_arc.fbx
  importAddress: Guid(192a51b0671a3e949b6876606c3205db) Importer(2089858483,b0f066a214c2f5e87bad3c948f4d605d)
Start importing Assets/Packages/JMO Assets/Cartoon FX Remaster/CFXR Assets/Meshes/cfxr particle_electric_arc.fbx using Guid(192a51b0671a3e949b6876606c3205db) Importer(2089858483,b0f066a214c2f5e87bad3c948f4d605d) (ScriptedImporter) -> (Import Result ID: '7d14bb9fb65209a0721e0d7892209fa5') in 0.0286047 seconds [static and dynamic dependencies]. Details - ImportResultOutputID=84f2873a73bd2167c4b55d10b4f3d855 DependenciesID=9f1b812af5c29e7161dabab8981a903e StaticDependenciesID=4df7b4ad1b1226cdcf81ed91e124dc56 
Number of updated asset objects reloaded before import = 0Number of asset objects unloaded after import = 24

========================================================================
Received Import Request.
  Time since last request: 0.000020 seconds.
  path: Assets/Packages/JMO Assets/Cartoon FX Remaster/CFXR Assets/Misc/cfxr font AmazGoDaBold.png
  importAddress: Guid(7ab74e659e1f0a34d9cfec21c478fc12) Importer(2089858483,b0f066a214c2f5e87bad3c948f4d605d)
Start importing Assets/Packages/JMO Assets/Cartoon FX Remaster/CFXR Assets/Misc/cfxr font AmazGoDaBold.png using Guid(7ab74e659e1f0a34d9cfec21c478fc12) Importer(2089858483,b0f066a214c2f5e87bad3c948f4d605d) (ScriptedImporter) -> (Import Result ID: 'f1b42bbb1dea6d146c98b8629c1b66a4') in 0.1833423 seconds [static and dynamic dependencies]. Details - ImportResultOutputID=5493ab6e1d21fb5ae01326192d7f3a50 DependenciesID=6f3fd3efc4012a0475ce587119cb02aa StaticDependenciesID=ed67082b59ae2ce1d5fc6e84602e494c 
Number of updated asset objects reloaded before import = 0Number of asset objects unloaded after import = 70

========================================================================
Received Import Request.
  Time since last request: 0.000031 seconds.
  path: Assets/Packages/JMO Assets/Cartoon FX Remaster/CFXR Assets/Misc/cfxr font WashYourHand.png
  importAddress: Guid(09e4c6a7d75923945afe43953ef58ad2) Importer(2089858483,b0f066a214c2f5e87bad3c948f4d605d)
Start importing Assets/Packages/JMO Assets/Cartoon FX Remaster/CFXR Assets/Misc/cfxr font WashYourHand.png using Guid(09e4c6a7d75923945afe43953ef58ad2) Importer(2089858483,b0f066a214c2f5e87bad3c948f4d605d) (ScriptedImporter) -> (Import Result ID: 'dff0bbde33a7ed0b1d536951ecb06107') in 0.2058477 seconds [static and dynamic dependencies]. Details - ImportResultOutputID=48984c30337e8633331fc8adcbdc2725 DependenciesID=24f8de42a6f63dd003092f3648511afc StaticDependenciesID=a637d8bed36e0bbc712c065dd0f1da31 
Number of updated asset objects reloaded before import = 0Number of asset objects unloaded after import = 70

========================================================================
Received Import Request.
  Time since last request: 0.000021 seconds.
  path: Assets/Packages/JMO Assets/Cartoon FX Remaster/CFXR Assets/Misc/cfxr ParticleFont AmazGoDaBold.asset
  importAddress: Guid(6107d49d5744fb24eb855f7abb997756) Importer(2089858483,b0f066a214c2f5e87bad3c948f4d605d)
Start importing Assets/Packages/JMO Assets/Cartoon FX Remaster/CFXR Assets/Misc/cfxr ParticleFont AmazGoDaBold.asset using Guid(6107d49d5744fb24eb855f7abb997756) Importer(2089858483,b0f066a214c2f5e87bad3c948f4d605d) (ScriptedImporter) -> (Import Result ID: '850b7a3e34e16c2bb3563d92d94aacf6') in 0.0317363 seconds [static and dynamic dependencies]. Details - ImportResultOutputID=4d9cf140077edd42f8b1722cc73e480c DependenciesID=1eac97fea3459966212af25d8087d04e StaticDependenciesID=608ab3db683249feaac5f8c3f727e6cc 
Number of updated asset objects reloaded before import = 0Number of asset objects unloaded after import = 69

========================================================================
Received Import Request.
  Time since last request: 0.000029 seconds.
  path: Assets/Packages/JMO Assets/Cartoon FX Remaster/CFXR Assets/Graphics/cfxr flamme blur mid fine hdr ab.mat
  importAddress: Guid(2925b559433ea934aa621370ff411a6b) Importer(2089858483,b0f066a214c2f5e87bad3c948f4d605d)
Start importing Assets/Packages/JMO Assets/Cartoon FX Remaster/CFXR Assets/Graphics/cfxr flamme blur mid fine hdr ab.mat using Guid(2925b559433ea934aa621370ff411a6b) Importer(2089858483,b0f066a214c2f5e87bad3c948f4d605d) (ScriptedImporter) -> (Import Result ID: '5d7e568d3853b01c89a1aa9f75aa156f') in 0.0175942 seconds [static and dynamic dependencies]. Details - ImportResultOutputID=93a4e981cc2dba7866ac5037142057ec DependenciesID=ab075371377d7c12553185bf95c5d561 StaticDependenciesID=693c18c276ecefcd35e4035ee86729bb 
Number of updated asset objects reloaded before import = 0Number of asset objects unloaded after import = 3

========================================================================
Received Import Request.
  Time since last request: 0.000019 seconds.
  path: Assets/Packages/JMO Assets/Cartoon FX Remaster/CFXR Assets/Graphics/cfxr heart.png
  importAddress: Guid(736af86f347135b42b82f6a7cedde546) Importer(2089858483,b0f066a214c2f5e87bad3c948f4d605d)
Start importing Assets/Packages/JMO Assets/Cartoon FX Remaster/CFXR Assets/Graphics/cfxr heart.png using Guid(736af86f347135b42b82f6a7cedde546) Importer(2089858483,b0f066a214c2f5e87bad3c948f4d605d) (ScriptedImporter) -> (Import Result ID: '4d4e7c8e8add1451d0baf29faf64d6ab') in 0.0296965 seconds [static and dynamic dependencies]. Details - ImportResultOutputID=7a87897485a0bbe14e8b0805c779627d DependenciesID=8b20f4e29e019e260d57f107f02819f2 StaticDependenciesID=0d7ce16c10cc3d05e35d498e2c0e6531 
Number of updated asset objects reloaded before import = 0Number of asset objects unloaded after import = 1

========================================================================
Received Import Request.
  Time since last request: 0.000017 seconds.
  path: Assets/Packages/JMO Assets/Cartoon FX Remaster/CFXR Assets/Graphics/cfxr flamme plain stable fine hdr ab.mat
  importAddress: Guid(b30794e932b29df4a9627af9df89645a) Importer(2089858483,b0f066a214c2f5e87bad3c948f4d605d)
Start importing Assets/Packages/JMO Assets/Cartoon FX Remaster/CFXR Assets/Graphics/cfxr flamme plain stable fine hdr ab.mat using Guid(b30794e932b29df4a9627af9df89645a) Importer(2089858483,b0f066a214c2f5e87bad3c948f4d605d) (ScriptedImporter) -> (Import Result ID: '4926e2dc3222cf605e7a8c0f8c6ece21') in 0.0224189 seconds [static and dynamic dependencies]. Details - ImportResultOutputID=bdf40b491914597c65c3b6680720e1c2 DependenciesID=7bb31f3ec83aeedec836b392aae4accf StaticDependenciesID=c38066eec9e35438d881528a9914d2bf 
Number of updated asset objects reloaded before import = 0Number of asset objects unloaded after import = 3

========================================================================
Received Import Request.
  Time since last request: 0.000023 seconds.
  path: Assets/Packages/JMO Assets/Cartoon FX Remaster/CFXR Assets/Graphics/cfxr ww smoke glow.png
  importAddress: Guid(74188c415cb23a7419698120d00ae9cc) Importer(2089858483,b0f066a214c2f5e87bad3c948f4d605d)
Start importing Assets/Packages/JMO Assets/Cartoon FX Remaster/CFXR Assets/Graphics/cfxr ww smoke glow.png using Guid(74188c415cb23a7419698120d00ae9cc) Importer(2089858483,b0f066a214c2f5e87bad3c948f4d605d) (ScriptedImporter) -> (Import Result ID: '9325a2c64cbda0ef7c015b47db2639cd') in 0.0372223 seconds [static and dynamic dependencies]. Details - ImportResultOutputID=57d79c35cb6af09371d5f62b064bcb12 DependenciesID=82cd97e93cc081c6348cf10189f53c2f StaticDependenciesID=5eb8345ad4f6820cfeeb4790c3b0f1d1 
Number of updated asset objects reloaded before import = 0Number of asset objects unloaded after import = 1

========================================================================
Received Import Request.
  Time since last request: 0.000028 seconds.
  path: Assets/Packages/JMO Assets/Cartoon FX Remaster/CFXR Assets/Scripts/CFXR_Effect.CameraShake.cs
  importAddress: Guid(04efd1cc0f5c31c4da57d931c6665976) Importer(2089858483,b0f066a214c2f5e87bad3c948f4d605d)
Start importing Assets/Packages/JMO Assets/Cartoon FX Remaster/CFXR Assets/Scripts/CFXR_Effect.CameraShake.cs using Guid(04efd1cc0f5c31c4da57d931c6665976) Importer(2089858483,b0f066a214c2f5e87bad3c948f4d605d) (ScriptedImporter) -> (Import Result ID: 'd0cd16efc8af5b4ffc1f551ff8c45c7f') in 0.0126205 seconds [static and dynamic dependencies]. Details - ImportResultOutputID=60268def728927fb93470c6ec85e720d DependenciesID=f8519b8f5fd4184815030f8ab490e227 StaticDependenciesID=9f0fe8e667b89a508342de5d12bbba9f 
Number of updated asset objects reloaded before import = 0Number of asset objects unloaded after import = 0

========================================================================
Received Import Request.
  Time since last request: 0.000020 seconds.
  path: Assets/Packages/JMO Assets/Cartoon FX Remaster/CFXR Assets/Scripts/CFXR_ParticleText.cs
  importAddress: Guid(03c8102322ad0d04fa6ae3f17887e967) Importer(2089858483,b0f066a214c2f5e87bad3c948f4d605d)
Start importing Assets/Packages/JMO Assets/Cartoon FX Remaster/CFXR Assets/Scripts/CFXR_ParticleText.cs using Guid(03c8102322ad0d04fa6ae3f17887e967) Importer(2089858483,b0f066a214c2f5e87bad3c948f4d605d) (ScriptedImporter) -> (Import Result ID: '3158b12402dfc2bc0d64d46648911ea5') in 0.0128761 seconds [static and dynamic dependencies]. Details - ImportResultOutputID=a2fc0299064c01e8622b7019071259f1 DependenciesID=0fb643caf7398f2d3925b3fbc51c8b0f StaticDependenciesID=4adf41c966207a7217bc9fe912a73c56 
Number of updated asset objects reloaded before import = 0Number of asset objects unloaded after import = 0

========================================================================
Received Import Request.
  Time since last request: 0.000017 seconds.
  path: Assets/Packages/JMO Assets/Cartoon FX Remaster/CFXR Assets/Scripts/CFXR_Effect.cs
  importAddress: Guid(9205bc1bbacc90040a998067b5643d16) Importer(2089858483,b0f066a214c2f5e87bad3c948f4d605d)
Start importing Assets/Packages/JMO Assets/Cartoon FX Remaster/CFXR Assets/Scripts/CFXR_Effect.cs using Guid(9205bc1bbacc90040a998067b5643d16) Importer(2089858483,b0f066a214c2f5e87bad3c948f4d605d) (ScriptedImporter) -> (Import Result ID: 'f25ff3561ef27c34868ee52d5b1359ea') in 0.0134486 seconds [static and dynamic dependencies]. Details - ImportResultOutputID=e1a07ea12a4eed8861b239db97eabca6 DependenciesID=1236f35fb7f815600d566be60bde9fb7 StaticDependenciesID=8d6113c72d1e2bcedcce3969c3d4aaa6 
Number of updated asset objects reloaded before import = 0Number of asset objects unloaded after import = 0

========================================================================
Received Import Request.
  Time since last request: 0.000026 seconds.
  path: Assets/Packages/JMO Assets/Cartoon FX Remaster/CFXR Assets/Scripts/CFXR_EmissionBySurface.cs
  importAddress: Guid(403cb51292a8b3c4c870cccfc0e68659) Importer(2089858483,b0f066a214c2f5e87bad3c948f4d605d)
Start importing Assets/Packages/JMO Assets/Cartoon FX Remaster/CFXR Assets/Scripts/CFXR_EmissionBySurface.cs using Guid(403cb51292a8b3c4c870cccfc0e68659) Importer(2089858483,b0f066a214c2f5e87bad3c948f4d605d) (ScriptedImporter) -> (Import Result ID: '2e0557bcf17571dba145365e8518b38b') in 0.0228673 seconds [static and dynamic dependencies]. Details - ImportResultOutputID=377111a604e187b2e24bd7ccc3072ee3 DependenciesID=fdaca9cde300fb64bc1763fff6217e7f StaticDependenciesID=0fc0c1891fb2a48e4808bbe8b399e990 
Number of updated asset objects reloaded before import = 0Number of asset objects unloaded after import = 0

========================================================================
Received Import Request.
  Time since last request: 0.000028 seconds.
  path: Assets/Packages/JMO Assets/Cartoon FX Remaster/CFXR Assets/Graphics/cfxr water small splash stretch nosp hdr ab.mat
  importAddress: Guid(36dcca5227bbc824d80abd795d31fe48) Importer(2089858483,b0f066a214c2f5e87bad3c948f4d605d)
Start importing Assets/Packages/JMO Assets/Cartoon FX Remaster/CFXR Assets/Graphics/cfxr water small splash stretch nosp hdr ab.mat using Guid(36dcca5227bbc824d80abd795d31fe48) Importer(2089858483,b0f066a214c2f5e87bad3c948f4d605d) (ScriptedImporter) -> (Import Result ID: '452e5ef118c604c3d839e6cc93a393ac') in 0.0168893 seconds [static and dynamic dependencies]. Details - ImportResultOutputID=a85a0d37c361a15b8886803d37cb56f5 DependenciesID=da717dc8db39a200ec03de5be895d588 StaticDependenciesID=eb5e19e92583e9e961261ba18688ca2a 
Number of updated asset objects reloaded before import = 0Number of asset objects unloaded after import = 2

========================================================================
Received Import Request.
  Time since last request: 0.000017 seconds.
  path: Assets/Packages/JMO Assets/Cartoon FX Remaster/CFXR Assets/Shaders/CFXR Particle Distortion.cfxrshader
  importAddress: Guid(304630dc6079b47419e5333f284382fd) Importer(2089858483,b0f066a214c2f5e87bad3c948f4d605d)
Start importing Assets/Packages/JMO Assets/Cartoon FX Remaster/CFXR Assets/Shaders/CFXR Particle Distortion.cfxrshader using Guid(304630dc6079b47419e5333f284382fd) Importer(2089858483,b0f066a214c2f5e87bad3c948f4d605d) (ScriptedImporter) -> (Import Result ID: 'd0984a3a970483bc2438f581dbd8f620') in 0.0207566 seconds [static and dynamic dependencies]. Details - ImportResultOutputID=fc71bbe32a479b23f0c0b5e449b42138 DependenciesID=2dac77c27a1ecd26fe9ab6c5619e5744 StaticDependenciesID=18d2215445c272a582df63082f20cea6 
Number of updated asset objects reloaded before import = 0Number of asset objects unloaded after import = 1

========================================================================
Received Import Request.
  Time since last request: 0.000017 seconds.
  path: Assets/Packages/JMO Assets/Cartoon FX Remaster/CFXR Assets/Scripts/CFXR_ParticleTextFontAsset.cs
  importAddress: Guid(ffbf5f8b3f8ff3e49bbbf5495becc6b3) Importer(2089858483,b0f066a214c2f5e87bad3c948f4d605d)
Start importing Assets/Packages/JMO Assets/Cartoon FX Remaster/CFXR Assets/Scripts/CFXR_ParticleTextFontAsset.cs using Guid(ffbf5f8b3f8ff3e49bbbf5495becc6b3) Importer(2089858483,b0f066a214c2f5e87bad3c948f4d605d) (ScriptedImporter) -> (Import Result ID: 'aa765dd43ae9f5cb407d90fea3d0f881') in 0.012042 seconds [static and dynamic dependencies]. Details - ImportResultOutputID=9de7ec5a022c52de133173cb2674f630 DependenciesID=f7c671acf68f57414ad7b7f4453f7b79 StaticDependenciesID=8611a11f080d3065b4804c70c0d2ade6 
Number of updated asset objects reloaded before import = 0Number of asset objects unloaded after import = 0

========================================================================
Received Import Request.
  Time since last request: 0.000019 seconds.
  path: Assets/Packages/JMO Assets/Cartoon FX Remaster/CFXR Assets/Shaders/CFXR Particle Glow.cfxrshader
  importAddress: Guid(67dfcda17071f4a41be79c4049965e67) Importer(2089858483,b0f066a214c2f5e87bad3c948f4d605d)
Start importing Assets/Packages/JMO Assets/Cartoon FX Remaster/CFXR Assets/Shaders/CFXR Particle Glow.cfxrshader using Guid(67dfcda17071f4a41be79c4049965e67) Importer(2089858483,b0f066a214c2f5e87bad3c948f4d605d) (ScriptedImporter) -> (Import Result ID: '0972ff5547445d12c570154010f95212') in 0.0211863 seconds [static and dynamic dependencies]. Details - ImportResultOutputID=51b01f9ef3ec4edbff4fa73247521034 DependenciesID=4acec7ca0b7d108da55c250d48a9943b StaticDependenciesID=0b497ad85cdf8127697eea718261a2f8 
Number of updated asset objects reloaded before import = 0Number of asset objects unloaded after import = 1

========================================================================
Received Import Request.
  Time since last request: 0.000028 seconds.
  path: Assets/Packages/JMO Assets/Cartoon FX Remaster/CFXR Assets/Shaders/CFXR Particle Procedural Ring.cfxrshader
  importAddress: Guid(1581eccce46ba384596a1dce7936ab19) Importer(2089858483,b0f066a214c2f5e87bad3c948f4d605d)
Start importing Assets/Packages/JMO Assets/Cartoon FX Remaster/CFXR Assets/Shaders/CFXR Particle Procedural Ring.cfxrshader using Guid(1581eccce46ba384596a1dce7936ab19) Importer(2089858483,b0f066a214c2f5e87bad3c948f4d605d) (ScriptedImporter) -> (Import Result ID: '35095a720e45da0dc14872f5df4b92b6') in 0.0234354 seconds [static and dynamic dependencies]. Details - ImportResultOutputID=280115e6a4da804e8e3c7bef9b608aef DependenciesID=cb63e389681c6222b27197bdd807d1ef StaticDependenciesID=88f6e389bfba82d4bb159f8785d05380 
Number of updated asset objects reloaded before import = 0Number of asset objects unloaded after import = 1

========================================================================
Received Import Request.
  Time since last request: 0.000016 seconds.
  path: Assets/Packages/JMO Assets/Cartoon FX Remaster/CFXR Assets/Shaders/CFXR Particle Ubershader.cfxrshader
  importAddress: Guid(1a29b4d27eb8b04479ef89c00dea533d) Importer(2089858483,b0f066a214c2f5e87bad3c948f4d605d)
Start importing Assets/Packages/JMO Assets/Cartoon FX Remaster/CFXR Assets/Shaders/CFXR Particle Ubershader.cfxrshader using Guid(1a29b4d27eb8b04479ef89c00dea533d) Importer(2089858483,b0f066a214c2f5e87bad3c948f4d605d) (ScriptedImporter) -> (Import Result ID: '2ff578c516db65f47014a2894121071e') in 0.0191931 seconds [static and dynamic dependencies]. Details - ImportResultOutputID=836183c79a475c3d441048a709b79771 DependenciesID=3715dc6e90af1b1f3f8706a3ecd2f7a5 StaticDependenciesID=07ebe7acd35f8a9913914b58f4998fb6 
Number of updated asset objects reloaded before import = 0Number of asset objects unloaded after import = 1

========================================================================
Received Import Request.
  Time since last request: 0.000017 seconds.
  path: Assets/Packages/JMO Assets/Cartoon FX Remaster/CFXR Assets/Graphics/cfxr stretch inv spike fade add.mat
  importAddress: Guid(50350a9c0e5b6454d873d1984e97cde4) Importer(2089858483,b0f066a214c2f5e87bad3c948f4d605d)
Start importing Assets/Packages/JMO Assets/Cartoon FX Remaster/CFXR Assets/Graphics/cfxr stretch inv spike fade add.mat using Guid(50350a9c0e5b6454d873d1984e97cde4) Importer(2089858483,b0f066a214c2f5e87bad3c948f4d605d) (ScriptedImporter) -> (Import Result ID: 'e517fce96b13370c52df5dad914bc3b6') in 0.0177559 seconds [static and dynamic dependencies]. Details - ImportResultOutputID=837e17c9d8f0718907a313758a47d2e4 DependenciesID=b96b80b461a7f1d095fbc61f8260c367 StaticDependenciesID=ae60ea7a9051b3658967158f600feb28 
Number of updated asset objects reloaded before import = 0Number of asset objects unloaded after import = 2

========================================================================
Received Import Request.
  Time since last request: 0.000020 seconds.
  path: Assets/Packages/JMO Assets/Cartoon FX Remaster/CFXR Assets/Shaders/CFXR.cginc
  importAddress: Guid(b3dab2eb6bcf5df42a6c45d4638e0f46) Importer(2089858483,b0f066a214c2f5e87bad3c948f4d605d)
Start importing Assets/Packages/JMO Assets/Cartoon FX Remaster/CFXR Assets/Shaders/CFXR.cginc using Guid(b3dab2eb6bcf5df42a6c45d4638e0f46) Importer(2089858483,b0f066a214c2f5e87bad3c948f4d605d) (ScriptedImporter) -> (Import Result ID: '18802d011801e6c7af2c21dc9dd4200d') in 0.011764 seconds [static and dynamic dependencies]. Details - ImportResultOutputID=0b05f16531b469885cd44fcbeb278bcf DependenciesID=c220de0270e48c60539e49bc2e05940f StaticDependenciesID=58959d63f2a1f580f556187cb0a32db3 
Number of updated asset objects reloaded before import = 0Number of asset objects unloaded after import = 1

========================================================================
Received Import Request.
  Time since last request: 0.000030 seconds.
  path: Assets/Packages/JMO Assets/Cartoon FX Remaster/CFXR Assets/Shaders/CFXR_SETTINGS.cginc
  importAddress: Guid(12c0fc6ff46c9b64a99fb4b921970883) Importer(2089858483,b0f066a214c2f5e87bad3c948f4d605d)
Start importing Assets/Packages/JMO Assets/Cartoon FX Remaster/CFXR Assets/Shaders/CFXR_SETTINGS.cginc using Guid(12c0fc6ff46c9b64a99fb4b921970883) Importer(2089858483,b0f066a214c2f5e87bad3c948f4d605d) (ScriptedImporter) -> (Import Result ID: '25472e4b1c2b998f2045f0ef692a9f64') in 0.0132322 seconds [static and dynamic dependencies]. Details - ImportResultOutputID=78d48f85bd2122fce641eb4a80c37131 DependenciesID=0badeeb9a1ac8d9d88f0b3d83941fb31 StaticDependenciesID=fc241c5297092c2226fe1835dd66d2b3 
Number of updated asset objects reloaded before import = 0Number of asset objects unloaded after import = 1

========================================================================
Received Import Request.
  Time since last request: 0.000016 seconds.
  path: Assets/Packages/JMO Assets/Cartoon FX Remaster/CFXR Assets/Shaders/CFXR_PASSES.cginc
  importAddress: Guid(0abf89ecb90eb024cbbc2a2dee76edf1) Importer(2089858483,b0f066a214c2f5e87bad3c948f4d605d)
Start importing Assets/Packages/JMO Assets/Cartoon FX Remaster/CFXR Assets/Shaders/CFXR_PASSES.cginc using Guid(0abf89ecb90eb024cbbc2a2dee76edf1) Importer(2089858483,b0f066a214c2f5e87bad3c948f4d605d) (ScriptedImporter) -> (Import Result ID: '69a356c5d432cf1182f7965600bd97e6') in 0.0137014 seconds [static and dynamic dependencies]. Details - ImportResultOutputID=46f7e233e90db657cdcf7e72d8066582 DependenciesID=7335d7a5cf84c35e512e786c6e0b8b2f StaticDependenciesID=46bb26c616235921cc9da195496c1b34 
Number of updated asset objects reloaded before import = 0Number of asset objects unloaded after import = 1

========================================================================
Received Import Request.
  Time since last request: 0.000016 seconds.
  path: Assets/Packages/JMO Assets/Cartoon FX Remaster/CFXR Prefabs/Eerie/CFXR2 Souls Escape.prefab
  importAddress: Guid(b5c8ca7ed10b61e499cce8ec3b6e2e4c) Importer(2089858483,b0f066a214c2f5e87bad3c948f4d605d)
Start importing Assets/Packages/JMO Assets/Cartoon FX Remaster/CFXR Prefabs/Eerie/CFXR2 Souls Escape.prefab using Guid(b5c8ca7ed10b61e499cce8ec3b6e2e4c) Importer(2089858483,b0f066a214c2f5e87bad3c948f4d605d) (ScriptedImporter) -> (Import Result ID: '3e120bc5203b66e8be583a99b089a428') in 0.1676423 seconds [static and dynamic dependencies]. Details - ImportResultOutputID=2c7dc3b978eb7e04ad6f6ec22b45c687 DependenciesID=c63ca4e35ad30b388b72669154c2698b StaticDependenciesID=ffac294bde7a1e09381de5115db1d386 
Number of updated asset objects reloaded before import = 0Number of asset objects unloaded after import = 18

========================================================================
Received Import Request.
  Time since last request: 0.000031 seconds.
  path: Assets/Packages/JMO Assets/Cartoon FX Remaster/CFXR Prefabs/Electric/CFXR3 Hit Electric C (Air).prefab
  importAddress: Guid(6718dc24203da53468af9ada8fef7d6d) Importer(2089858483,b0f066a214c2f5e87bad3c948f4d605d)
Start importing Assets/Packages/JMO Assets/Cartoon FX Remaster/CFXR Prefabs/Electric/CFXR3 Hit Electric C (Air).prefab using Guid(6718dc24203da53468af9ada8fef7d6d) Importer(2089858483,b0f066a214c2f5e87bad3c948f4d605d) (ScriptedImporter) -> (Import Result ID: '7aeb797c99be7f5308a3ae7070834a2d') in 0.2153833 seconds [static and dynamic dependencies]. Details - ImportResultOutputID=226b466d48836cde2862d5b196424107 DependenciesID=781c51b1e6e0b79a45378767c30e247c StaticDependenciesID=d0937492ac72848771f168e792908b80 
Number of updated asset objects reloaded before import = 0Number of asset objects unloaded after import = 26

========================================================================
Received Import Request.
  Time since last request: 0.000032 seconds.
  path: Assets/Packages/JMO Assets/Cartoon FX Remaster/CFXR Prefabs/Electric/CFXR Electrified 3.prefab
  importAddress: Guid(effb650189dc5714e9e9801b1cfb3991) Importer(2089858483,b0f066a214c2f5e87bad3c948f4d605d)
Start importing Assets/Packages/JMO Assets/Cartoon FX Remaster/CFXR Prefabs/Electric/CFXR Electrified 3.prefab using Guid(effb650189dc5714e9e9801b1cfb3991) Importer(2089858483,b0f066a214c2f5e87bad3c948f4d605d) (ScriptedImporter) -> (Import Result ID: '6cebde7c6c0763b1a688c93fd30c0ecb') in 0.0672155 seconds [static and dynamic dependencies]. Details - ImportResultOutputID=fc0a3091b11d92b8cd1456ae7cfab489 DependenciesID=e0e907c2c275660d1b9ffee8b15e6f62 StaticDependenciesID=8a291da3fdaf833ec012b7a00ee444f2 
Number of updated asset objects reloaded before import = 0Number of asset objects unloaded after import = 18

========================================================================
Received Import Request.
  Time since last request: 0.000016 seconds.
  path: Assets/Packages/JMO Assets/Cartoon FX Remaster/CFXR Prefabs/Eerie/CFXR2 Skull Head Alt.prefab
  importAddress: Guid(463cf9f7af4680240898f6aeba3fe3e6) Importer(2089858483,b0f066a214c2f5e87bad3c948f4d605d)
Start importing Assets/Packages/JMO Assets/Cartoon FX Remaster/CFXR Prefabs/Eerie/CFXR2 Skull Head Alt.prefab using Guid(463cf9f7af4680240898f6aeba3fe3e6) Importer(2089858483,b0f066a214c2f5e87bad3c948f4d605d) (ScriptedImporter) -> (Import Result ID: 'f82a32863ee68177069ebbe9a3414cdc') in 0.0477139 seconds [static and dynamic dependencies]. Details - ImportResultOutputID=94bde743c2f9220edbcce060e95361d8 DependenciesID=1d1d20d93cb9e1797245464f1b239d06 StaticDependenciesID=1377fabcff1a21f3a6ff0bbf138e3c86 
Number of updated asset objects reloaded before import = 0Number of asset objects unloaded after import = 7

========================================================================
Received Import Request.
  Time since last request: 0.000021 seconds.
  path: Assets/Packages/JMO Assets/Cartoon FX Remaster/CFXR Prefabs/Explosions/CFXR2 WW Explosion.prefab
  importAddress: Guid(2e1e9506f5904a64b81744324fb7cd50) Importer(2089858483,b0f066a214c2f5e87bad3c948f4d605d)
Start importing Assets/Packages/JMO Assets/Cartoon FX Remaster/CFXR Prefabs/Explosions/CFXR2 WW Explosion.prefab using Guid(2e1e9506f5904a64b81744324fb7cd50) Importer(2089858483,b0f066a214c2f5e87bad3c948f4d605d) (ScriptedImporter) -> (Import Result ID: '6a4d8c2f36ba695724050fd905d5fdc9') in 0.0625925 seconds [static and dynamic dependencies]. Details - ImportResultOutputID=3ac6d469292638c0e5a67d852d04a20b DependenciesID=c53c951d2fe97b78224a601277a6d122 StaticDependenciesID=8ef5558608474a8c9277cae257a7bd2b 
Number of updated asset objects reloaded before import = 0Number of asset objects unloaded after import = 38

========================================================================
Received Import Request.
  Time since last request: 0.000028 seconds.
  path: Assets/Packages/JMO Assets/Cartoon FX Remaster/CFXR Prefabs/Explosions/CFXR Explosion 1.prefab
  importAddress: Guid(3ef3ae421f71c5c4e97fe12dc2fc6312) Importer(2089858483,b0f066a214c2f5e87bad3c948f4d605d)
Start importing Assets/Packages/JMO Assets/Cartoon FX Remaster/CFXR Prefabs/Explosions/CFXR Explosion 1.prefab using Guid(3ef3ae421f71c5c4e97fe12dc2fc6312) Importer(2089858483,b0f066a214c2f5e87bad3c948f4d605d) (ScriptedImporter) -> (Import Result ID: 'eabe2cc4f3e0a16c6d5eeba949ea11e1') in 0.0636052 seconds [static and dynamic dependencies]. Details - ImportResultOutputID=d76b9f09abe2dfeea2251750983c8aeb DependenciesID=6e7b69a8d4cece555718c93a1d00d606 StaticDependenciesID=d4de339b9f61426d03debf2bea5f4770 
Number of updated asset objects reloaded before import = 0Number of asset objects unloaded after import = 32

========================================================================
Received Import Request.
  Time since last request: 0.000021 seconds.
  path: Assets/Packages/JMO Assets/Cartoon FX Remaster/CFXR Assets/Graphics/cfxr sword trail plain.mat
  importAddress: Guid(0c705a3bc7b78f542b313e57c16ba83d) Importer(2089858483,b0f066a214c2f5e87bad3c948f4d605d)
Start importing Assets/Packages/JMO Assets/Cartoon FX Remaster/CFXR Assets/Graphics/cfxr sword trail plain.mat using Guid(0c705a3bc7b78f542b313e57c16ba83d) Importer(2089858483,b0f066a214c2f5e87bad3c948f4d605d) (ScriptedImporter) -> (Import Result ID: '7f061b1142555b3a292518355ff8a651') in 0.0238684 seconds [static and dynamic dependencies]. Details - ImportResultOutputID=698b1b2ab63bf09e8d1f6ec37a077eeb DependenciesID=3a57e1ccde89c821958dc9812b13b011 StaticDependenciesID=1b17590d927df1564c8ff01f294d5085 
Number of updated asset objects reloaded before import = 0Number of asset objects unloaded after import = 4

========================================================================
Received Import Request.
  Time since last request: 0.000032 seconds.
  path: Assets/Packages/JMO Assets/Cartoon FX Remaster/CFXR Assets/Graphics/cfxr smoke cloud x4 ab lit soft.mat
  importAddress: Guid(e2bdf77339f206246b012880ccbdf189) Importer(2089858483,b0f066a214c2f5e87bad3c948f4d605d)
Start importing Assets/Packages/JMO Assets/Cartoon FX Remaster/CFXR Assets/Graphics/cfxr smoke cloud x4 ab lit soft.mat using Guid(e2bdf77339f206246b012880ccbdf189) Importer(2089858483,b0f066a214c2f5e87bad3c948f4d605d) (ScriptedImporter) -> (Import Result ID: '695cfac5ddd1c7f32a69013bd58113af') in 0.0197872 seconds [static and dynamic dependencies]. Details - ImportResultOutputID=da9c9def95cb76a708a481571a25b347 DependenciesID=6cd9d3616bf0a2f59e9b92f17a90bb6d StaticDependenciesID=4815fb79a916c5317399401daad963d0 
Number of updated asset objects reloaded before import = 0Number of asset objects unloaded after import = 3

========================================================================
Received Import Request.
  Time since last request: 0.000030 seconds.
  path: Assets/Packages/JMO Assets/Cartoon FX Remaster/CFXR Prefabs/Explosions/CFXR4 Firework 1 Cyan-Purple (HDR).prefab
  importAddress: Guid(ae07f2a45f14a82428409cfe410e6002) Importer(2089858483,b0f066a214c2f5e87bad3c948f4d605d)
Start importing Assets/Packages/JMO Assets/Cartoon FX Remaster/CFXR Prefabs/Explosions/CFXR4 Firework 1 Cyan-Purple (HDR).prefab using Guid(ae07f2a45f14a82428409cfe410e6002) Importer(2089858483,b0f066a214c2f5e87bad3c948f4d605d) (ScriptedImporter) -> (Import Result ID: 'a62f4ab0164d997b4ac5a5c5bcd08954') in 0.0611765 seconds [static and dynamic dependencies]. Details - ImportResultOutputID=f056215c420fc2f5a3e0898c214c4828 DependenciesID=0d67d94b5503a57890fcca0c0d12811b StaticDependenciesID=0f7f861c80f00a65b483571d2e105e19 
Number of updated asset objects reloaded before import = 0Number of asset objects unloaded after import = 10

========================================================================
Received Import Request.
  Time since last request: 0.000021 seconds.
  path: Assets/Packages/JMO Assets/Cartoon FX Remaster/CFXR Prefabs/Explosions/CFXR3 Fire Explosion B.prefab
  importAddress: Guid(99bc28c0d45f51c4fbac01080b73edc7) Importer(2089858483,b0f066a214c2f5e87bad3c948f4d605d)
Start importing Assets/Packages/JMO Assets/Cartoon FX Remaster/CFXR Prefabs/Explosions/CFXR3 Fire Explosion B.prefab using Guid(99bc28c0d45f51c4fbac01080b73edc7) Importer(2089858483,b0f066a214c2f5e87bad3c948f4d605d) (ScriptedImporter) -> (Import Result ID: 'c4e221f8ff2fa28b936a40793b2bb27b') in 0.1231838 seconds [static and dynamic dependencies]. Details - ImportResultOutputID=e6be51f67ddb881ab1d52feeb8d82dbc DependenciesID=6a0cb3b4b1ecd840e3ac56ed3f75fb34 StaticDependenciesID=a079de1f1301de946dc58c610aa80877 
Number of updated asset objects reloaded before import = 0Number of asset objects unloaded after import = 27

========================================================================
Received Import Request.
  Time since last request: 0.000019 seconds.
  path: Assets/Packages/JMO Assets/Cartoon FX Remaster/CFXR Prefabs/Fire/CFXR Fire Breath.prefab
  importAddress: Guid(c4ed38c72957f2241ad144a1614956d9) Importer(2089858483,b0f066a214c2f5e87bad3c948f4d605d)
Start importing Assets/Packages/JMO Assets/Cartoon FX Remaster/CFXR Prefabs/Fire/CFXR Fire Breath.prefab using Guid(c4ed38c72957f2241ad144a1614956d9) Importer(2089858483,b0f066a214c2f5e87bad3c948f4d605d) (ScriptedImporter) -> (Import Result ID: '1d27817ffedac6d38422cbb8ad8ebf16') in 0.123141 seconds [static and dynamic dependencies]. Details - ImportResultOutputID=bb16d0f3b71330d105f0e2cdab6a4b58 DependenciesID=efa82150356cd03695fdda1d58c31974 StaticDependenciesID=02683f66a4ab90249c4be13c20886f52 
Number of updated asset objects reloaded before import = 0Number of asset objects unloaded after import = 18

========================================================================
Received Import Request.
  Time since last request: 0.000043 seconds.
  path: Assets/Packages/JMO Assets/Cartoon FX Remaster/CFXR Prefabs/Explosions/CFXR4 Firework HDR Shoot Single (Random Color).prefab
  importAddress: Guid(afa54037ffe627545886e2741abb365d) Importer(2089858483,b0f066a214c2f5e87bad3c948f4d605d)
Start importing Assets/Packages/JMO Assets/Cartoon FX Remaster/CFXR Prefabs/Explosions/CFXR4 Firework HDR Shoot Single (Random Color).prefab using Guid(afa54037ffe627545886e2741abb365d) Importer(2089858483,b0f066a214c2f5e87bad3c948f4d605d) (ScriptedImporter) -> (Import Result ID: '24de8f963c94c5e822f046beaf0b4e30') in 0.0904193 seconds [static and dynamic dependencies]. Details - ImportResultOutputID=d85da63ae5a09da1e6d6c557951eea92 DependenciesID=a770d8acd94e8a23800b722353ee220a StaticDependenciesID=c311a5c406eca75c467e439a15a21574 
Number of updated asset objects reloaded before import = 0Number of asset objects unloaded after import = 21

========================================================================
Received Import Request.
  Time since last request: 0.000022 seconds.
  path: Assets/Packages/JMO Assets/Cartoon FX Remaster/CFXR Prefabs/Fire/CFXR Fire.prefab
  importAddress: Guid(043176b6a68be2b43b073aaaa4782c7d) Importer(2089858483,b0f066a214c2f5e87bad3c948f4d605d)
Start importing Assets/Packages/JMO Assets/Cartoon FX Remaster/CFXR Prefabs/Fire/CFXR Fire.prefab using Guid(043176b6a68be2b43b073aaaa4782c7d) Importer(2089858483,b0f066a214c2f5e87bad3c948f4d605d) (ScriptedImporter) -> (Import Result ID: '5388badd6adc82f310ef0570025eb420') in 0.0693424 seconds [static and dynamic dependencies]. Details - ImportResultOutputID=6ed8b143a4249fac6b33d00993c7ed61 DependenciesID=cde464a89019e2224780d79b1d2726d8 StaticDependenciesID=732aaee36ca4bc077e61de2923598036 
Number of updated asset objects reloaded before import = 0Number of asset objects unloaded after import = 19

========================================================================
Received Import Request.
  Time since last request: 0.000020 seconds.
  path: Assets/Packages/JMO Assets/Cartoon FX Remaster/CFXR Prefabs/Ice/CFXR3 Hit Ice B (Air).prefab
  importAddress: Guid(6f34ef0d986e9db4199cf75805f79753) Importer(2089858483,b0f066a214c2f5e87bad3c948f4d605d)
Start importing Assets/Packages/JMO Assets/Cartoon FX Remaster/CFXR Prefabs/Ice/CFXR3 Hit Ice B (Air).prefab using Guid(6f34ef0d986e9db4199cf75805f79753) Importer(2089858483,b0f066a214c2f5e87bad3c948f4d605d) (ScriptedImporter) -> (Import Result ID: 'bf1c3a20227be47bc5c8b32bfc719678') in 0.0640989 seconds [static and dynamic dependencies]. Details - ImportResultOutputID=9aa050f8739947e744ac7055d578a087 DependenciesID=9ecd45423a5ffcf2c315a3d9dd8f44f3 StaticDependenciesID=7d6d0a4de628545db912d8a85fb68c94 
Number of updated asset objects reloaded before import = 0Number of asset objects unloaded after import = 29

========================================================================
Received Import Request.
  Time since last request: 0.000036 seconds.
  path: Assets/Packages/JMO Assets/Cartoon FX Remaster/CFXR Prefabs/Fire/CFXR3 Hit Fire B (Air).prefab
  importAddress: Guid(3ed0d324122d7b24eaec75c55c74aafc) Importer(2089858483,b0f066a214c2f5e87bad3c948f4d605d)
Start importing Assets/Packages/JMO Assets/Cartoon FX Remaster/CFXR Prefabs/Fire/CFXR3 Hit Fire B (Air).prefab using Guid(3ed0d324122d7b24eaec75c55c74aafc) Importer(2089858483,b0f066a214c2f5e87bad3c948f4d605d) (ScriptedImporter) -> (Import Result ID: '095516f8e5fc9c5a3e3ed364dde248e8') in 0.0787826 seconds [static and dynamic dependencies]. Details - ImportResultOutputID=ee127811162dae0d8d1271e4a4d4ba9d DependenciesID=69627bfb6f8d154f3bd806ec61b320e8 StaticDependenciesID=868e34d09e7ceea8ad5cb9dea958a128 
Number of updated asset objects reloaded before import = 0Number of asset objects unloaded after import = 14

========================================================================
Received Import Request.
  Time since last request: 0.000020 seconds.
  path: Assets/Packages/JMO Assets/Cartoon FX Remaster/CFXR Prefabs/Fire/CFXR2 Firewall A.prefab
  importAddress: Guid(2af5562ce69fc2d448481a1587a352a5) Importer(2089858483,b0f066a214c2f5e87bad3c948f4d605d)
Start importing Assets/Packages/JMO Assets/Cartoon FX Remaster/CFXR Prefabs/Fire/CFXR2 Firewall A.prefab using Guid(2af5562ce69fc2d448481a1587a352a5) Importer(2089858483,b0f066a214c2f5e87bad3c948f4d605d) (ScriptedImporter) -> (Import Result ID: '8ec3aa1e83ef55065a8ed67a130acd50') in 0.0813251 seconds [static and dynamic dependencies]. Details - ImportResultOutputID=e385a6cfcc5f248efc4fbc9b4005195f DependenciesID=2eae0bb5770f4aa2fd37496cdb587363 StaticDependenciesID=1b0bf975542f362f4718bc5df7257f71 
Number of updated asset objects reloaded before import = 0Number of asset objects unloaded after import = 15

========================================================================
Received Import Request.
  Time since last request: 0.000038 seconds.
  path: Assets/Packages/JMO Assets/Cartoon FX Remaster/CFXR Prefabs/Impacts/CFXR Hit A (Red).prefab
  importAddress: Guid(5c755f9bc5253ea418e919994537dcc7) Importer(2089858483,b0f066a214c2f5e87bad3c948f4d605d)
Start importing Assets/Packages/JMO Assets/Cartoon FX Remaster/CFXR Prefabs/Impacts/CFXR Hit A (Red).prefab using Guid(5c755f9bc5253ea418e919994537dcc7) Importer(2089858483,b0f066a214c2f5e87bad3c948f4d605d) (ScriptedImporter) -> (Import Result ID: 'bcdaddb876d780c3bd04e75aa689cdc4') in 0.0682708 seconds [static and dynamic dependencies]. Details - ImportResultOutputID=413af3a080382facfe43b8f09ff8e72f DependenciesID=ed5ce2b60a8e748e9a1fc9b4fabc485f StaticDependenciesID=61bd2aa9e501ec38378058d02c5c5af7 
Number of updated asset objects reloaded before import = 0Number of asset objects unloaded after import = 31

========================================================================
Received Import Request.
  Time since last request: 0.000031 seconds.
  path: Assets/Packages/JMO Assets/Cartoon FX Remaster/CFXR Prefabs/Impacts/CFXR Hit D 3D (Yellow).prefab
  importAddress: Guid(265d3a5ba69981a4698ceabcedf368b0) Importer(2089858483,b0f066a214c2f5e87bad3c948f4d605d)
Start importing Assets/Packages/JMO Assets/Cartoon FX Remaster/CFXR Prefabs/Impacts/CFXR Hit D 3D (Yellow).prefab using Guid(265d3a5ba69981a4698ceabcedf368b0) Importer(2089858483,b0f066a214c2f5e87bad3c948f4d605d) (ScriptedImporter) -> (Import Result ID: '6010a97ed70da167c923883238c89d6e') in 0.0634648 seconds [static and dynamic dependencies]. Details - ImportResultOutputID=c6ef11098b0a7840d188677fcc9c2722 DependenciesID=1b6ff468899f0576fda6bd69bfdd9309 StaticDependenciesID=ea8468a3c6a1d479bf80f7106a2a69c5 
Number of updated asset objects reloaded before import = 0Number of asset objects unloaded after import = 19

========================================================================
Received Import Request.
  Time since last request: 0.000020 seconds.
  path: Assets/Packages/JMO Assets/Cartoon FX Remaster/CFXR Prefabs/Impacts/CFXR Impact Glowing HDR (Blue).prefab
  importAddress: Guid(6398d43fe79ea0140913dc5530c646af) Importer(2089858483,b0f066a214c2f5e87bad3c948f4d605d)
Start importing Assets/Packages/JMO Assets/Cartoon FX Remaster/CFXR Prefabs/Impacts/CFXR Impact Glowing HDR (Blue).prefab using Guid(6398d43fe79ea0140913dc5530c646af) Importer(2089858483,b0f066a214c2f5e87bad3c948f4d605d) (ScriptedImporter) -> (Import Result ID: '580a4d416db982c912a0af1710123a35') in 0.0694274 seconds [static and dynamic dependencies]. Details - ImportResultOutputID=3e4321f62c78d090efe89a991f971901 DependenciesID=6dae7085a6b5b44417044597ece5c37f StaticDependenciesID=7168692de88dce641074d5dcb434df3a 
Number of updated asset objects reloaded before import = 0Number of asset objects unloaded after import = 24

========================================================================
Received Import Request.
  Time since last request: 0.000022 seconds.
  path: Assets/Packages/JMO Assets/Cartoon FX Remaster/CFXR Assets/Graphics/cfxr proc glow soft invert ab.mat
  importAddress: Guid(b8ec7a237c4ca3645bc1bac3fa060a69) Importer(2089858483,b0f066a214c2f5e87bad3c948f4d605d)
Start importing Assets/Packages/JMO Assets/Cartoon FX Remaster/CFXR Assets/Graphics/cfxr proc glow soft invert ab.mat using Guid(b8ec7a237c4ca3645bc1bac3fa060a69) Importer(2089858483,b0f066a214c2f5e87bad3c948f4d605d) (ScriptedImporter) -> (Import Result ID: '3103a30f8ecdba969049bf658bb4341a') in 0.0149101 seconds [static and dynamic dependencies]. Details - ImportResultOutputID=b869ee8a79057a387ccd189d66da589f DependenciesID=2cc13c05749ee336b85e030090007674 StaticDependenciesID=8b96702d2842ca6be94ba22467e09d85 
Number of updated asset objects reloaded before import = 0Number of asset objects unloaded after import = 1

========================================================================
Received Import Request.
  Time since last request: 0.000027 seconds.
  path: Assets/Packages/JMO Assets/Cartoon FX Remaster/CFXR Prefabs/Light/CFXR3 LightGlow A (Loop).prefab
  importAddress: Guid(acdb90624a404aa438447006f1026065) Importer(2089858483,b0f066a214c2f5e87bad3c948f4d605d)
Start importing Assets/Packages/JMO Assets/Cartoon FX Remaster/CFXR Prefabs/Light/CFXR3 LightGlow A (Loop).prefab using Guid(acdb90624a404aa438447006f1026065) Importer(2089858483,b0f066a214c2f5e87bad3c948f4d605d) (ScriptedImporter) -> (Import Result ID: 'ab076923db997b799c91471bd560c37e') in 0.0522377 seconds [static and dynamic dependencies]. Details - ImportResultOutputID=103d3a1187f27a9950e0a589947236fb DependenciesID=f57cb49b1c148f9b73e7630c7641170b StaticDependenciesID=c466eed7973c18a72bfe28242adccde3 
Number of updated asset objects reloaded before import = 0Number of asset objects unloaded after import = 19

========================================================================
Received Import Request.
  Time since last request: 0.000017 seconds.
  path: Assets/Packages/JMO Assets/Cartoon FX Remaster/CFXR Prefabs/Light/CFXR3 Hit Light B (Air).prefab
  importAddress: Guid(bbf9e36a48d6c5648a13889afab076fd) Importer(2089858483,b0f066a214c2f5e87bad3c948f4d605d)
Start importing Assets/Packages/JMO Assets/Cartoon FX Remaster/CFXR Prefabs/Light/CFXR3 Hit Light B (Air).prefab using Guid(bbf9e36a48d6c5648a13889afab076fd) Importer(2089858483,b0f066a214c2f5e87bad3c948f4d605d) (ScriptedImporter) -> (Import Result ID: '6e931ad8334a65257a6534fc118c84e7') in 0.0631087 seconds [static and dynamic dependencies]. Details - ImportResultOutputID=6241a96be65626ea3866eea0a0f5a146 DependenciesID=dd4d8330d839faa56783a12481b5d91f StaticDependenciesID=6bd5f2b760a79a30c72cafa6c70563d6 
Number of updated asset objects reloaded before import = 0Number of asset objects unloaded after import = 24

========================================================================
Received Import Request.
  Time since last request: 0.000024 seconds.
  path: Assets/Packages/JMO Assets/Cartoon FX Remaster/CFXR Prefabs/Liquids/CFXR Water Ripples.prefab
  importAddress: Guid(5a8d99fb95262ea458a7b580f2a1611c) Importer(2089858483,b0f066a214c2f5e87bad3c948f4d605d)
Start importing Assets/Packages/JMO Assets/Cartoon FX Remaster/CFXR Prefabs/Liquids/CFXR Water Ripples.prefab using Guid(5a8d99fb95262ea458a7b580f2a1611c) Importer(2089858483,b0f066a214c2f5e87bad3c948f4d605d) (ScriptedImporter) -> (Import Result ID: 'abe4a5e807d710508875cfb545c59b91') in 0.0538822 seconds [static and dynamic dependencies]. Details - ImportResultOutputID=9a8d63014b5885354b73d4bb12d0be10 DependenciesID=3999e1384c196420745240a710f4fff3 StaticDependenciesID=b0dfc37402e4e188430f3b699af3075b 
Number of updated asset objects reloaded before import = 0Number of asset objects unloaded after import = 8

========================================================================
Received Import Request.
  Time since last request: 0.000031 seconds.
  path: Assets/Packages/JMO Assets/Cartoon FX Remaster/CFXR Assets/Graphics/cfxr spikes impact.png
  importAddress: Guid(ac41fdcd17fc3634c80841c01775dd35) Importer(2089858483,b0f066a214c2f5e87bad3c948f4d605d)
Start importing Assets/Packages/JMO Assets/Cartoon FX Remaster/CFXR Assets/Graphics/cfxr spikes impact.png using Guid(ac41fdcd17fc3634c80841c01775dd35) Importer(2089858483,b0f066a214c2f5e87bad3c948f4d605d) (ScriptedImporter) -> (Import Result ID: '834461906ad0100f0fb62fc50823b92a') in 0.019953 seconds [static and dynamic dependencies]. Details - ImportResultOutputID=e665b381ef6ec54432cd9784bdef443c DependenciesID=973efcf5b7a82e1d6ddeea0f6d9526d2 StaticDependenciesID=c653acb4cd403801cf1466175c44858f 
Number of updated asset objects reloaded before import = 0Number of asset objects unloaded after import = 1

========================================================================
Received Import Request.
  Time since last request: 0.000018 seconds.
  path: Assets/Packages/JMO Assets/Cartoon FX Remaster/CFXR Prefabs/Liquids/CFXR2 Blood (Directional).prefab
  importAddress: Guid(8f8fe12323625f5499b2853dd2ad3e58) Importer(2089858483,b0f066a214c2f5e87bad3c948f4d605d)
Start importing Assets/Packages/JMO Assets/Cartoon FX Remaster/CFXR Prefabs/Liquids/CFXR2 Blood (Directional).prefab using Guid(8f8fe12323625f5499b2853dd2ad3e58) Importer(2089858483,b0f066a214c2f5e87bad3c948f4d605d) (ScriptedImporter) -> (Import Result ID: 'ecd81b2bf58fbd5877326abebd28a3ed') in 0.0545116 seconds [static and dynamic dependencies]. Details - ImportResultOutputID=fb176679c4c1c441f045c79e4604db8f DependenciesID=c435cc037680817616bde9ea3f3e2ed9 StaticDependenciesID=c66d0faecd70612cc5ce77facd2bbf5c 
Number of updated asset objects reloaded before import = 0Number of asset objects unloaded after import = 11

========================================================================
Received Import Request.
  Time since last request: 0.000017 seconds.
  path: Assets/Packages/JMO Assets/Cartoon FX Remaster/CFXR Prefabs/Liquids/CFXR4 Bubbles Breath Underwater Loop.prefab
  importAddress: Guid(7f906c77905876d488e88e99d13c3d7d) Importer(2089858483,b0f066a214c2f5e87bad3c948f4d605d)
Start importing Assets/Packages/JMO Assets/Cartoon FX Remaster/CFXR Prefabs/Liquids/CFXR4 Bubbles Breath Underwater Loop.prefab using Guid(7f906c77905876d488e88e99d13c3d7d) Importer(2089858483,b0f066a214c2f5e87bad3c948f4d605d) (ScriptedImporter) -> (Import Result ID: 'd5e65b2ec7220b53311825cc73818416') in 0.0632542 seconds [static and dynamic dependencies]. Details - ImportResultOutputID=c2cccd077d4483edcbf53a7a7c9b211e DependenciesID=9dd62ac24e95a3576b154bd0d3fcd694 StaticDependenciesID=cf9511b644520908dceadf31f9fcd417 
Number of updated asset objects reloaded before import = 0Number of asset objects unloaded after import = 11

========================================================================
Received Import Request.
  Time since last request: 0.000143 seconds.
  path: Assets/Packages/JMO Assets/Cartoon FX Remaster/CFXR Assets/Graphics/cfxr sword trail tech.mat
  importAddress: Guid(98a37e62d72196e409812a54c3cdd8a5) Importer(2089858483,b0f066a214c2f5e87bad3c948f4d605d)
Start importing Assets/Packages/JMO Assets/Cartoon FX Remaster/CFXR Assets/Graphics/cfxr sword trail tech.mat using Guid(98a37e62d72196e409812a54c3cdd8a5) Importer(2089858483,b0f066a214c2f5e87bad3c948f4d605d) (ScriptedImporter) -> (Import Result ID: 'affcb89bd7978296ff3237d084d498e3') in 0.0336909 seconds [static and dynamic dependencies]. Details - ImportResultOutputID=129a59bad1c85955bd861e3061ac9f54 DependenciesID=60c35e7439fd024c27ed056cdcca07d6 StaticDependenciesID=2ccdfab00b4445c675a1bd2224e8ddee 
Number of updated asset objects reloaded before import = 0Number of asset objects unloaded after import = 4

========================================================================
Received Import Request.
  Time since last request: 0.000041 seconds.
  path: Assets/Packages/JMO Assets/Cartoon FX Remaster/CFXR Assets/Graphics/cfxr flamme candle.png
  importAddress: Guid(54cc6c4605b85d848b2de2aeaabdae41) Importer(2089858483,b0f066a214c2f5e87bad3c948f4d605d)
Start importing Assets/Packages/JMO Assets/Cartoon FX Remaster/CFXR Assets/Graphics/cfxr flamme candle.png using Guid(54cc6c4605b85d848b2de2aeaabdae41) Importer(2089858483,b0f066a214c2f5e87bad3c948f4d605d) (ScriptedImporter) -> (Import Result ID: '92ecb05a412c66354caa257ce987eef7') in 0.0221427 seconds [static and dynamic dependencies]. Details - ImportResultOutputID=0d7e9d7ba593808435dc7b89d871ef89 DependenciesID=2c8fb9255bdb94f5f8fec3b85a816964 StaticDependenciesID=94a66fb5b3d1bcd10d70a99b131c408c 
Number of updated asset objects reloaded before import = 0Number of asset objects unloaded after import = 1

========================================================================
Received Import Request.
  Time since last request: 0.000019 seconds.
  path: Assets/Packages/JMO Assets/Cartoon FX Remaster/CFXR Prefabs/Misc/CFXR Flash.prefab
  importAddress: Guid(59a35ab9f68edff40b6e5332bed330f5) Importer(2089858483,b0f066a214c2f5e87bad3c948f4d605d)
Start importing Assets/Packages/JMO Assets/Cartoon FX Remaster/CFXR Prefabs/Misc/CFXR Flash.prefab using Guid(59a35ab9f68edff40b6e5332bed330f5) Importer(2089858483,b0f066a214c2f5e87bad3c948f4d605d) (ScriptedImporter) -> (Import Result ID: 'ee322978f7b88c22b9e67b52d1b29652') in 0.0531791 seconds [static and dynamic dependencies]. Details - ImportResultOutputID=27b9adb31062dc5732bd8907410bf774 DependenciesID=bade291b47113c1b57dfc516639fbc50 StaticDependenciesID=53339fe29d20d8820f80e63f47ff3cbc 
Number of updated asset objects reloaded before import = 0Number of asset objects unloaded after import = 26

========================================================================
Received Import Request.
  Time since last request: 0.000018 seconds.
  path: Assets/Packages/JMO Assets/Cartoon FX Remaster/CFXR Prefabs/Magic Misc/CFXR4 Bouncing Glows Bubble (Blue Purple).prefab
  importAddress: Guid(f6fd568b816c64943a44efc3add3a881) Importer(2089858483,b0f066a214c2f5e87bad3c948f4d605d)
Start importing Assets/Packages/JMO Assets/Cartoon FX Remaster/CFXR Prefabs/Magic Misc/CFXR4 Bouncing Glows Bubble (Blue Purple).prefab using Guid(f6fd568b816c64943a44efc3add3a881) Importer(2089858483,b0f066a214c2f5e87bad3c948f4d605d) (ScriptedImporter) -> (Import Result ID: '1719fa46fbc4ab58cfcd1151591d2c5c') in 0.0508803 seconds [static and dynamic dependencies]. Details - ImportResultOutputID=96244a46e82411f89ffa302066f81942 DependenciesID=5331462448fcfc48b0be564a4a39c6e2 StaticDependenciesID=626f5cc76163c739ee72011ed5ef0be0 
Number of updated asset objects reloaded before import = 0Number of asset objects unloaded after import = 15

========================================================================
Received Import Request.
  Time since last request: 0.000019 seconds.
  path: Assets/Packages/JMO Assets/Cartoon FX Remaster/CFXR Prefabs/Magic Misc/CFXR4 Falling Stars.prefab
  importAddress: Guid(85b062a5517cf8345bb6784ffbed4877) Importer(2089858483,b0f066a214c2f5e87bad3c948f4d605d)
Start importing Assets/Packages/JMO Assets/Cartoon FX Remaster/CFXR Prefabs/Magic Misc/CFXR4 Falling Stars.prefab using Guid(85b062a5517cf8345bb6784ffbed4877) Importer(2089858483,b0f066a214c2f5e87bad3c948f4d605d) (ScriptedImporter) -> (Import Result ID: '13558893e80e8752cb6c3389e2553e5c') in 0.05209 seconds [static and dynamic dependencies]. Details - ImportResultOutputID=963016977c0e04ed760d30522cca4fe9 DependenciesID=58de58712dfba724ca800bae681b47f4 StaticDependenciesID=232123d9d0f0c44b92666265540a19ba 
Number of updated asset objects reloaded before import = 0Number of asset objects unloaded after import = 12

========================================================================
Received Import Request.
  Time since last request: 0.000027 seconds.
  path: Assets/Packages/JMO Assets/Cartoon FX Remaster/CFXR Prefabs/Magic Misc/CFXR3 Magic Aura A (Runic).prefab
  importAddress: Guid(a71be3e7990efb040a07565c43cbb198) Importer(2089858483,b0f066a214c2f5e87bad3c948f4d605d)
Start importing Assets/Packages/JMO Assets/Cartoon FX Remaster/CFXR Prefabs/Magic Misc/CFXR3 Magic Aura A (Runic).prefab using Guid(a71be3e7990efb040a07565c43cbb198) Importer(2089858483,b0f066a214c2f5e87bad3c948f4d605d) (ScriptedImporter) -> (Import Result ID: 'dfe46b70ed1f12920e336f4a015bcc5d') in 0.0548537 seconds [static and dynamic dependencies]. Details - ImportResultOutputID=ceb6fe45c896280e4fd840c9bc9c716c DependenciesID=9dae603f81a03ea108929fdc055f6d84 StaticDependenciesID=cd4146bf63c67af22b991d6be6cd2837 
Number of updated asset objects reloaded before import = 0Number of asset objects unloaded after import = 23

========================================================================
Received Import Request.
  Time since last request: 0.000016 seconds.
  path: Assets/Packages/JMO Assets/Cartoon FX Remaster/CFXR Assets/Graphics/cfxr perlin big.png
  importAddress: Guid(1022ad40a4a391c40831e109fe789c87) Importer(2089858483,b0f066a214c2f5e87bad3c948f4d605d)
Start importing Assets/Packages/JMO Assets/Cartoon FX Remaster/CFXR Assets/Graphics/cfxr perlin big.png using Guid(1022ad40a4a391c40831e109fe789c87) Importer(2089858483,b0f066a214c2f5e87bad3c948f4d605d) (ScriptedImporter) -> (Import Result ID: 'da5405e337c65eec033f60ef8e45c337') in 0.0206556 seconds [static and dynamic dependencies]. Details - ImportResultOutputID=ccb6ec54074532578bdb6bc60a109e12 DependenciesID=72e78752b47c35e7e579b50abea7b0d4 StaticDependenciesID=5cdce7b15e1857cdce04b72a528a6772 
Number of updated asset objects reloaded before import = 0Number of asset objects unloaded after import = 1

========================================================================
Received Import Request.
  Time since last request: 0.000019 seconds.
  path: Assets/Packages/JMO Assets/Cartoon FX Remaster/CFXR Prefabs/Misc/CFXR Magic Poof.prefab
  importAddress: Guid(c4f829cb7dd4b864caf8832ec5b1ee55) Importer(2089858483,b0f066a214c2f5e87bad3c948f4d605d)
Start importing Assets/Packages/JMO Assets/Cartoon FX Remaster/CFXR Prefabs/Misc/CFXR Magic Poof.prefab using Guid(c4f829cb7dd4b864caf8832ec5b1ee55) Importer(2089858483,b0f066a214c2f5e87bad3c948f4d605d) (ScriptedImporter) -> (Import Result ID: '80889061cf3e15ea7d744ee18209ace0') in 0.0518847 seconds [static and dynamic dependencies]. Details - ImportResultOutputID=62b60f7e83f643fa327d85f18408714d DependenciesID=fb845e83fc9e0de09a7c280428e0929c StaticDependenciesID=a81999a8fee8493c74738f04c70eb354 
Number of updated asset objects reloaded before import = 0Number of asset objects unloaded after import = 15

========================================================================
Received Import Request.
  Time since last request: 0.000033 seconds.
  path: Assets/Packages/JMO Assets/Cartoon FX Remaster/CFXR Prefabs/Misc/CFXR2 Broken Heart.prefab
  importAddress: Guid(7c2a9b83b809a0848915fabd9596b68b) Importer(2089858483,b0f066a214c2f5e87bad3c948f4d605d)
Start importing Assets/Packages/JMO Assets/Cartoon FX Remaster/CFXR Prefabs/Misc/CFXR2 Broken Heart.prefab using Guid(7c2a9b83b809a0848915fabd9596b68b) Importer(2089858483,b0f066a214c2f5e87bad3c948f4d605d) (ScriptedImporter) -> (Import Result ID: '211e081ea41366bc30c899f54d91e3f2') in 0.0543669 seconds [static and dynamic dependencies]. Details - ImportResultOutputID=79f1f1f275717e93f22295ebdf9b75bb DependenciesID=8513b6e6315a8854018bf340d04dbc54 StaticDependenciesID=0292ef381d0e170f5e4f38ebf3f4fb68 
Number of updated asset objects reloaded before import = 0Number of asset objects unloaded after import = 31

========================================================================
Received Import Request.
  Time since last request: 0.000017 seconds.
  path: Assets/Packages/JMO Assets/Cartoon FX Remaster/CFXR Prefabs/Misc/CFXR2 Cartoon Fight (Loop).prefab
  importAddress: Guid(90375796f996bff4cabed66da5e558cb) Importer(2089858483,b0f066a214c2f5e87bad3c948f4d605d)
Start importing Assets/Packages/JMO Assets/Cartoon FX Remaster/CFXR Prefabs/Misc/CFXR2 Cartoon Fight (Loop).prefab using Guid(90375796f996bff4cabed66da5e558cb) Importer(2089858483,b0f066a214c2f5e87bad3c948f4d605d) (ScriptedImporter) -> (Import Result ID: 'd73055613538ce2aec0cf30c76055b27') in 0.0520389 seconds [static and dynamic dependencies]. Details - ImportResultOutputID=b69738e4845960419becbe007d26d720 DependenciesID=8c5e4abbc330d7238635186553671e8b StaticDependenciesID=06e92b02cb72fcea4425a6bafa0effb4 
Number of updated asset objects reloaded before import = 0Number of asset objects unloaded after import = 19

========================================================================
Received Import Request.
  Time since last request: 0.000049 seconds.
  path: Assets/Packages/JMO Assets/Cartoon FX Remaster/CFXR Prefabs/Misc/CFXR Smoke Source 3D.prefab
  importAddress: Guid(e509867be4f82f246a95eca1ee5a2d61) Importer(2089858483,b0f066a214c2f5e87bad3c948f4d605d)
Start importing Assets/Packages/JMO Assets/Cartoon FX Remaster/CFXR Prefabs/Misc/CFXR Smoke Source 3D.prefab using Guid(e509867be4f82f246a95eca1ee5a2d61) Importer(2089858483,b0f066a214c2f5e87bad3c948f4d605d) (ScriptedImporter) -> (Import Result ID: 'c06b2b71f864bbf9fcf09311ec2cd454') in 0.0532702 seconds [static and dynamic dependencies]. Details - ImportResultOutputID=74260c8ed35f6343e8baaff0829eaea0 DependenciesID=a7a5516b43e6496683db0badaeb620bd StaticDependenciesID=27c89d35a74853652860636841b2f704 
Number of updated asset objects reloaded before import = 0Number of asset objects unloaded after import = 7

========================================================================
Received Import Request.
  Time since last request: 0.000029 seconds.
  path: Assets/Packages/JMO Assets/Cartoon FX Remaster/CFXR Prefabs/Misc/CFXR3 Ambient Glows.prefab
  importAddress: Guid(3801a320e9ae1bf44a14efa194c86c3f) Importer(2089858483,b0f066a214c2f5e87bad3c948f4d605d)
Start importing Assets/Packages/JMO Assets/Cartoon FX Remaster/CFXR Prefabs/Misc/CFXR3 Ambient Glows.prefab using Guid(3801a320e9ae1bf44a14efa194c86c3f) Importer(2089858483,b0f066a214c2f5e87bad3c948f4d605d) (ScriptedImporter) -> (Import Result ID: '4b90738a4676ea67e77c95f4a6bd5b31') in 0.0567863 seconds [static and dynamic dependencies]. Details - ImportResultOutputID=2d69a6d47d963bf853985e2caa611fdc DependenciesID=9721cf0f043312f41006ababd0e126e4 StaticDependenciesID=89153b6401bb84cbfa464bb9705d7193 
Number of updated asset objects reloaded before import = 0Number of asset objects unloaded after import = 7

========================================================================
Received Import Request.
  Time since last request: 0.000016 seconds.
  path: Assets/Packages/JMO Assets/Cartoon FX Remaster/CFXR Prefabs/Misc/CFXR3 Hit Misc A.prefab
  importAddress: Guid(83036083a4ebcd34f98131bd3cf6f4d2) Importer(2089858483,b0f066a214c2f5e87bad3c948f4d605d)
Start importing Assets/Packages/JMO Assets/Cartoon FX Remaster/CFXR Prefabs/Misc/CFXR3 Hit Misc A.prefab using Guid(83036083a4ebcd34f98131bd3cf6f4d2) Importer(2089858483,b0f066a214c2f5e87bad3c948f4d605d) (ScriptedImporter) -> (Import Result ID: '3149a248c0c890efc85629ec4726ae2f') in 0.0518216 seconds [static and dynamic dependencies]. Details - ImportResultOutputID=6220a3a23e05031a749fee7c306cc669 DependenciesID=fcba593be0e4b744a94126b7cef42060 StaticDependenciesID=464be7b580e5c1bcbf326ecfd3c773f8 
Number of updated asset objects reloaded before import = 0Number of asset objects unloaded after import = 15

========================================================================
Received Import Request.
  Time since last request: 0.000019 seconds.
  path: Assets/Packages/JMO Assets/Cartoon FX Remaster/CFXR Prefabs/Misc/CFXR2 Shiny Item (Loop).prefab
  importAddress: Guid(e2c1ac940434a5242b54d72b66654687) Importer(2089858483,b0f066a214c2f5e87bad3c948f4d605d)
Start importing Assets/Packages/JMO Assets/Cartoon FX Remaster/CFXR Prefabs/Misc/CFXR2 Shiny Item (Loop).prefab using Guid(e2c1ac940434a5242b54d72b66654687) Importer(2089858483,b0f066a214c2f5e87bad3c948f4d605d) (ScriptedImporter) -> (Import Result ID: '376bb5841b58ff36cefe404533be2e2c') in 0.0515784 seconds [static and dynamic dependencies]. Details - ImportResultOutputID=f8c9e3195c1a6c54a2228ce402cd1ae2 DependenciesID=c6422ed1d9779b021c93b8204a322085 StaticDependenciesID=6fa119eb66e85441ad92ac365063fa2b 
Number of updated asset objects reloaded before import = 0Number of asset objects unloaded after import = 18

========================================================================
Received Import Request.
  Time since last request: 0.000029 seconds.
  path: Assets/Packages/JMO Assets/Cartoon FX Remaster/CFXR Prefabs/Fire/CFXR4 Sun.prefab
  importAddress: Guid(af6c1e3f046eecd4d81330aeb285600f) Importer(2089858483,b0f066a214c2f5e87bad3c948f4d605d)
Start importing Assets/Packages/JMO Assets/Cartoon FX Remaster/CFXR Prefabs/Fire/CFXR4 Sun.prefab using Guid(af6c1e3f046eecd4d81330aeb285600f) Importer(2089858483,b0f066a214c2f5e87bad3c948f4d605d) (ScriptedImporter) -> (Import Result ID: '14d3b57ca151a6e1c61613bde49e8c03') in 0.0569322 seconds [static and dynamic dependencies]. Details - ImportResultOutputID=fa4b6cca95c96fa76d3b9e8f903d1f9b DependenciesID=2228a1a1ebf64b288c74baf1cce48816 StaticDependenciesID=b406840e5c8a23d44ab2372951d82cfc 
Number of updated asset objects reloaded before import = 0Number of asset objects unloaded after import = 14

========================================================================
Received Import Request.
  Time since last request: 0.000017 seconds.
  path: Assets/Packages/JMO Assets/Cartoon FX Remaster/CFXR Assets/Graphics/cfxr stretch triangle fade.png
  importAddress: Guid(0b1da517105dcb24f8ff9bcb98aefea2) Importer(2089858483,b0f066a214c2f5e87bad3c948f4d605d)
Start importing Assets/Packages/JMO Assets/Cartoon FX Remaster/CFXR Assets/Graphics/cfxr stretch triangle fade.png using Guid(0b1da517105dcb24f8ff9bcb98aefea2) Importer(2089858483,b0f066a214c2f5e87bad3c948f4d605d) (ScriptedImporter) -> (Import Result ID: '42bb3479e482c4fa416ff90c5d840da4') in 0.0608951 seconds [static and dynamic dependencies]. Details - ImportResultOutputID=2c7814847193de952119b2b97c97ca24 DependenciesID=2cae8f2bd9e8c2a3ae15dc850a35d161 StaticDependenciesID=6daaf30c7838096f9b4eaa6d4d832390 
Number of updated asset objects reloaded before import = 0Number of asset objects unloaded after import = 1

========================================================================
Received Import Request.
  Time since last request: 0.000024 seconds.
  path: Assets/Packages/JMO Assets/Cartoon FX Remaster/CFXR Prefabs/Nature/CFXR4 Rain Splashes.prefab
  importAddress: Guid(ac009bb7498fcfb4b96614c4fd1f735c) Importer(2089858483,b0f066a214c2f5e87bad3c948f4d605d)
Start importing Assets/Packages/JMO Assets/Cartoon FX Remaster/CFXR Prefabs/Nature/CFXR4 Rain Splashes.prefab using Guid(ac009bb7498fcfb4b96614c4fd1f735c) Importer(2089858483,b0f066a214c2f5e87bad3c948f4d605d) (ScriptedImporter) -> (Import Result ID: '7e43ae6454119273fad941bd5b313ed6') in 0.0523392 seconds [static and dynamic dependencies]. Details - ImportResultOutputID=68edaacdae3ad9c7d5edfb7b76578d78 DependenciesID=7a484ea4bd3912c295e09ef9eec564ac StaticDependenciesID=26bef8d7fd4113420608fd1098258305 
Number of updated asset objects reloaded before import = 0Number of asset objects unloaded after import = 12

========================================================================
Received Import Request.
  Time since last request: 0.000029 seconds.
  path: Assets/Packages/JMO Assets/Cartoon FX Remaster/CFXR Prefabs/Nature/CFXR4 Rain Falling.prefab
  importAddress: Guid(f514474ff8e94554d8477de1f2f601b0) Importer(2089858483,b0f066a214c2f5e87bad3c948f4d605d)
Start importing Assets/Packages/JMO Assets/Cartoon FX Remaster/CFXR Prefabs/Nature/CFXR4 Rain Falling.prefab using Guid(f514474ff8e94554d8477de1f2f601b0) Importer(2089858483,b0f066a214c2f5e87bad3c948f4d605d) (ScriptedImporter) -> (Import Result ID: '51c549ba483e1580a80ecbd24ba4fb3e') in 0.1833643 seconds [static and dynamic dependencies]. Details - ImportResultOutputID=c1e64f41706e0f198619d520998213cc DependenciesID=b8b1126e7ec8c99614181630d688c10c StaticDependenciesID=fefe5746fe16b27327a70aca59a63597 
Number of updated asset objects reloaded before import = 0Number of asset objects unloaded after import = 8

========================================================================
Received Import Request.
  Time since last request: 0.000056 seconds.
  path: Assets/Packages/JMO Assets/Cartoon FX Remaster/CFXR Prefabs/Nature/CFXR4 Wind Trails.prefab
  importAddress: Guid(c248f95ffea8b8543bc7ad0fffe0216d) Importer(2089858483,b0f066a214c2f5e87bad3c948f4d605d)
Start importing Assets/Packages/JMO Assets/Cartoon FX Remaster/CFXR Prefabs/Nature/CFXR4 Wind Trails.prefab using Guid(c248f95ffea8b8543bc7ad0fffe0216d) Importer(2089858483,b0f066a214c2f5e87bad3c948f4d605d) (ScriptedImporter) -> (Import Result ID: 'b885ca59e51c7fe151c8a40629b30aa9') in 0.0541044 seconds [static and dynamic dependencies]. Details - ImportResultOutputID=7fd17ab3b47050e49cc8d3f3974d30ea DependenciesID=fc9ac98576fd790612adf85d1c2e86ea StaticDependenciesID=f2fa43fa2fb88750392ff8948dc4fb9e 
Number of updated asset objects reloaded before import = 0Number of asset objects unloaded after import = 7

========================================================================
Received Import Request.
  Time since last request: 0.000029 seconds.
  path: Assets/Packages/JMO Assets/Cartoon FX Remaster/CFXR Prefabs/Texts/CFXR _POW_.prefab
  importAddress: Guid(141e1779869c79845bd243610f187f47) Importer(2089858483,b0f066a214c2f5e87bad3c948f4d605d)
Start importing Assets/Packages/JMO Assets/Cartoon FX Remaster/CFXR Prefabs/Texts/CFXR _POW_.prefab using Guid(141e1779869c79845bd243610f187f47) Importer(2089858483,b0f066a214c2f5e87bad3c948f4d605d) (ScriptedImporter) -> (Import Result ID: '55c41600769fbaeb400fe079a65ea689') in 0.0679325 seconds [static and dynamic dependencies]. Details - ImportResultOutputID=177e7587085c7b641fb62453021eb26a DependenciesID=81c016b897da20fa835ad73402e4542f StaticDependenciesID=bd0070d94fd951dd8a7fd31942aee8df 
Number of updated asset objects reloaded before import = 0Number of asset objects unloaded after import = 88

========================================================================
Received Import Request.
  Time since last request: 0.000024 seconds.
  path: Assets/Packages/JMO Assets/Cartoon FX Remaster/CFXR Prefabs/Texts/CFXR _BOOM_.prefab
  importAddress: Guid(26e1cb216e3635e4a820f58a1118d6b9) Importer(2089858483,b0f066a214c2f5e87bad3c948f4d605d)
Start importing Assets/Packages/JMO Assets/Cartoon FX Remaster/CFXR Prefabs/Texts/CFXR _BOOM_.prefab using Guid(26e1cb216e3635e4a820f58a1118d6b9) Importer(2089858483,b0f066a214c2f5e87bad3c948f4d605d) (ScriptedImporter) -> (Import Result ID: '25b4e02424650133508c72ffc0bb809a') in 0.0718684 seconds [static and dynamic dependencies]. Details - ImportResultOutputID=bda37feabc82a0742c1c06164cb4f5bd DependenciesID=03b32268e1d3ce7401af48900be9318c StaticDependenciesID=006bf5dbe2bf6e59c6b54987bddf32e0 
Number of updated asset objects reloaded before import = 0Number of asset objects unloaded after import = 96

========================================================================
Received Import Request.
  Time since last request: 0.000025 seconds.
  path: Assets/Packages/JMO Assets/Cartoon FX Remaster/CFXR Prefabs/Nature/CFXR3 Hit Leaves A (Lit).prefab
  importAddress: Guid(ceec7516237b4104b94300043ca39784) Importer(2089858483,b0f066a214c2f5e87bad3c948f4d605d)
Start importing Assets/Packages/JMO Assets/Cartoon FX Remaster/CFXR Prefabs/Nature/CFXR3 Hit Leaves A (Lit).prefab using Guid(ceec7516237b4104b94300043ca39784) Importer(2089858483,b0f066a214c2f5e87bad3c948f4d605d) (ScriptedImporter) -> (Import Result ID: '869d78e53b8b8f643d165096ef6fb1ba') in 0.0592109 seconds [static and dynamic dependencies]. Details - ImportResultOutputID=1f8e2c56b4e49000b53ed2e3adb96834 DependenciesID=74f2bd0772e83337ccef4d0a579e29ac StaticDependenciesID=c17f4cb4f3eebe258c9bf80903e9bf7a 
Number of updated asset objects reloaded before import = 0Number of asset objects unloaded after import = 21

========================================================================
Received Import Request.
  Time since last request: 0.000027 seconds.
  path: Assets/Packages/JMO Assets/Cartoon FX Remaster/CFXR Prefabs/Texts/CFXR _SLASH_.prefab
  importAddress: Guid(019faff12646bd8438ea56e8e7861fd8) Importer(2089858483,b0f066a214c2f5e87bad3c948f4d605d)
Start importing Assets/Packages/JMO Assets/Cartoon FX Remaster/CFXR Prefabs/Texts/CFXR _SLASH_.prefab using Guid(019faff12646bd8438ea56e8e7861fd8) Importer(2089858483,b0f066a214c2f5e87bad3c948f4d605d) (ScriptedImporter) -> (Import Result ID: '7b123556edb4b35f89a5f7c9127f0c7c') in 0.0568103 seconds [static and dynamic dependencies]. Details - ImportResultOutputID=08c9beee2370c381d3e83a329dd0592b DependenciesID=50235c1ec30ea42ad5e397833b523772 StaticDependenciesID=24f79989412fb23e2a21890693b5f626 
Number of updated asset objects reloaded before import = 0Number of asset objects unloaded after import = 100

========================================================================
Received Import Request.
  Time since last request: 0.000017 seconds.
  path: Assets/Packages/JMO Assets/Cartoon FX Remaster/CFXR Prefabs/Texts/CFXR2 _CURSED_.prefab
  importAddress: Guid(ab8802a00020db74c81635f3c5db9bcf) Importer(2089858483,b0f066a214c2f5e87bad3c948f4d605d)
Start importing Assets/Packages/JMO Assets/Cartoon FX Remaster/CFXR Prefabs/Texts/CFXR2 _CURSED_.prefab using Guid(ab8802a00020db74c81635f3c5db9bcf) Importer(2089858483,b0f066a214c2f5e87bad3c948f4d605d) (ScriptedImporter) -> (Import Result ID: '60fa94a559be15fda936d104eafea9f7') in 0.0690402 seconds [static and dynamic dependencies]. Details - ImportResultOutputID=752579ad251bd33bbfbb6c00d01ba070 DependenciesID=3ae5a840e0fb6d08dd35f16249d8a4fe StaticDependenciesID=b4b7ef0d27e2d255a30520833eae6923 
Number of updated asset objects reloaded before import = 0Number of asset objects unloaded after import = 108

========================================================================
Received Import Request.
  Time since last request: 0.000024 seconds.
  path: Assets/Packages/JMO Assets/Cartoon FX Remaster/CFXR Prefabs/Texts/CFXR2 _WHAM_ 3.prefab
  importAddress: Guid(1244a9e4f6193654989497ad418a287b) Importer(2089858483,b0f066a214c2f5e87bad3c948f4d605d)
Start importing Assets/Packages/JMO Assets/Cartoon FX Remaster/CFXR Prefabs/Texts/CFXR2 _WHAM_ 3.prefab using Guid(1244a9e4f6193654989497ad418a287b) Importer(2089858483,b0f066a214c2f5e87bad3c948f4d605d) (ScriptedImporter) -> (Import Result ID: 'd4bd3991d5b098534c8eb688a9c0c148') in 0.058843 seconds [static and dynamic dependencies]. Details - ImportResultOutputID=90b2cc32d61bfe7b0629ff650ad71acf DependenciesID=84336d5cae874af6f0811008cfda8716 StaticDependenciesID=cc076109c1b933bc6672c70113519ee5 
Number of updated asset objects reloaded before import = 0Number of asset objects unloaded after import = 96

========================================================================
Received Import Request.
  Time since last request: 0.000035 seconds.
  path: Assets/Packages/JMO Assets/Cartoon FX Remaster/CFXR Assets/Graphics/cfxr star mesh.asset
  importAddress: Guid(5cd3984e3d521b949b5dbeff045f62b9) Importer(2089858483,b0f066a214c2f5e87bad3c948f4d605d)
Start importing Assets/Packages/JMO Assets/Cartoon FX Remaster/CFXR Assets/Graphics/cfxr star mesh.asset using Guid(5cd3984e3d521b949b5dbeff045f62b9) Importer(2089858483,b0f066a214c2f5e87bad3c948f4d605d) (ScriptedImporter) -> (Import Result ID: '5764760d4dc556d0783548b4ca7fb56f') in 0.0132809 seconds [static and dynamic dependencies]. Details - ImportResultOutputID=ccd5b370d56ddb3b0527adeba23176ae DependenciesID=cd4d7c8eecf91bb76037a483ebba28e9 StaticDependenciesID=b06b4c1fe96de58ca396bcaca2a130e0 
Number of updated asset objects reloaded before import = 0Number of asset objects unloaded after import = 1

========================================================================
Received Import Request.
  Time since last request: 0.000017 seconds.
  path: Assets/Packages/JMO Assets/Cartoon FX Remaster/CFXR Prefabs/Texts/CFXR4 _POISONED_.prefab
  importAddress: Guid(1133dff0b5fda2e4295d301899b1582d) Importer(2089858483,b0f066a214c2f5e87bad3c948f4d605d)
Start importing Assets/Packages/JMO Assets/Cartoon FX Remaster/CFXR Prefabs/Texts/CFXR4 _POISONED_.prefab using Guid(1133dff0b5fda2e4295d301899b1582d) Importer(2089858483,b0f066a214c2f5e87bad3c948f4d605d) (ScriptedImporter) -> (Import Result ID: '2474e652426e05e42c38c93f163f5037') in 0.0631565 seconds [static and dynamic dependencies]. Details - ImportResultOutputID=05faa719438fbadeeb46a4fbbbfc582a DependenciesID=f50897a20f492213ec916556230d5df1 StaticDependenciesID=76a8344ed8434f6bd94389144cda8469 
Number of updated asset objects reloaded before import = 0Number of asset objects unloaded after import = 108

========================================================================
Received Import Request.
  Time since last request: 0.000025 seconds.
  path: Assets/Packages/JMO Assets/Cartoon FX Remaster/CFXR Prefabs/Texts/_Make your own text effect.txt
  importAddress: Guid(e9bb2cf0ab7316d4c9b6ed6f86cf8341) Importer(2089858483,b0f066a214c2f5e87bad3c948f4d605d)
Start importing Assets/Packages/JMO Assets/Cartoon FX Remaster/CFXR Prefabs/Texts/_Make your own text effect.txt using Guid(e9bb2cf0ab7316d4c9b6ed6f86cf8341) Importer(2089858483,b0f066a214c2f5e87bad3c948f4d605d) (ScriptedImporter) -> (Import Result ID: 'ce2e8ec6cf808094f5322331c9e58a73') in 0.0123212 seconds [static and dynamic dependencies]. Details - ImportResultOutputID=bdc085cd3ca829a5385c8de0e66bcf27 DependenciesID=7cface1288576d8dac6de47d927da234 StaticDependenciesID=c201901b95feb76ec5d61483396a3eb7 
Number of updated asset objects reloaded before import = 0Number of asset objects unloaded after import = 1

========================================================================
Received Import Request.
  Time since last request: 0.000027 seconds.
  path: Assets/Packages/JMO Assets/Cartoon FX Remaster/CFXR Prefabs/Texts/CFXR3 _WOW_.prefab
  importAddress: Guid(1e54877675f6e4a46ad7ca7c4d7a5bf6) Importer(2089858483,b0f066a214c2f5e87bad3c948f4d605d)
Start importing Assets/Packages/JMO Assets/Cartoon FX Remaster/CFXR Prefabs/Texts/CFXR3 _WOW_.prefab using Guid(1e54877675f6e4a46ad7ca7c4d7a5bf6) Importer(2089858483,b0f066a214c2f5e87bad3c948f4d605d) (ScriptedImporter) -> (Import Result ID: 'e08e864622b36a0540022663a36b2ef7') in 0.0553908 seconds [static and dynamic dependencies]. Details - ImportResultOutputID=ee0e95a607e5a99982d6bca62e8fd135 DependenciesID=b480e70cb9f71839b6bb91de278bc3df StaticDependenciesID=f68917b5aa0cfd82c702444d7453118d 
Number of updated asset objects reloaded before import = 0Number of asset objects unloaded after import = 92

========================================================================
Received Import Request.
  Time since last request: 0.000020 seconds.
  path: Assets/Packages/JMO Assets/Cartoon FX Remaster/CFXR Prefabs/Texts/CFXR4 _FROZEN_.prefab
  importAddress: Guid(3b7e489cc13dac144b93495cf5b38349) Importer(2089858483,b0f066a214c2f5e87bad3c948f4d605d)
Start importing Assets/Packages/JMO Assets/Cartoon FX Remaster/CFXR Prefabs/Texts/CFXR4 _FROZEN_.prefab using Guid(3b7e489cc13dac144b93495cf5b38349) Importer(2089858483,b0f066a214c2f5e87bad3c948f4d605d) (ScriptedImporter) -> (Import Result ID: '46015b5f88c2b728bdb30a2090ab4d6d') in 0.0589051 seconds [static and dynamic dependencies]. Details - ImportResultOutputID=4c5ea1af68cd56d3142ddf249c374c6c DependenciesID=d5018b5a12b068358a3b87dc2d83a51c StaticDependenciesID=38cfd6a101293f709f63c725dde4a065 
Number of updated asset objects reloaded before import = 0Number of asset objects unloaded after import = 100

========================================================================
Received Import Request.
  Time since last request: 0.000022 seconds.
  path: Assets/Packages/JMO Assets/Cartoon FX Remaster/CFXR Prefabs/Liquids/CFXR Water Splash (Smaller).prefab
  importAddress: Guid(326e86d5729c54e479798cacab220bb2) Importer(2089858483,b0f066a214c2f5e87bad3c948f4d605d)
Start importing Assets/Packages/JMO Assets/Cartoon FX Remaster/CFXR Prefabs/Liquids/CFXR Water Splash (Smaller).prefab using Guid(326e86d5729c54e479798cacab220bb2) Importer(2089858483,b0f066a214c2f5e87bad3c948f4d605d) (ScriptedImporter) -> (Import Result ID: '093886de53cc949c40fea22919deebea') in 0.0562116 seconds [static and dynamic dependencies]. Details - ImportResultOutputID=219b5bbe27bd4c8e014c4417fa890d1d DependenciesID=f49bf23551f2e4171853c68da4a9713b StaticDependenciesID=2ec6cf28cfb60b3cff7bf07a7b5bb1eb 
Number of updated asset objects reloaded before import = 0Number of asset objects unloaded after import = 36

========================================================================
Received Import Request.
  Time since last request: 0.000029 seconds.
  path: Assets/Packages/JMO Assets/Cartoon FX Remaster/Demo Assets/Kino Bloom/Bloom.cs
  importAddress: Guid(6363bba448bf64e60a763433f9ddf81b) Importer(2089858483,b0f066a214c2f5e87bad3c948f4d605d)
Start importing Assets/Packages/JMO Assets/Cartoon FX Remaster/Demo Assets/Kino Bloom/Bloom.cs using Guid(6363bba448bf64e60a763433f9ddf81b) Importer(2089858483,b0f066a214c2f5e87bad3c948f4d605d) (ScriptedImporter) -> (Import Result ID: '36f949f716385f8fb4910d1cd0e5ca33') in 0.0143548 seconds [static and dynamic dependencies]. Details - ImportResultOutputID=c62cf298a566ca6d692fd06f06dcad52 DependenciesID=c4ff91405399cf6aa67744049160cdf8 StaticDependenciesID=90bff3d48b94c39fa1a9e307cbb959a7 
Number of updated asset objects reloaded before import = 0Number of asset objects unloaded after import = 0

========================================================================
Received Import Request.
  Time since last request: 0.000019 seconds.
  path: Assets/Packages/JMO Assets/Cartoon FX Remaster/Demo Assets/UI/CFXR Demo Btn Arrow R.png
  importAddress: Guid(70ce7a5ab5ec0a54e8289848c8f16534) Importer(2089858483,b0f066a214c2f5e87bad3c948f4d605d)
Start importing Assets/Packages/JMO Assets/Cartoon FX Remaster/Demo Assets/UI/CFXR Demo Btn Arrow R.png using Guid(70ce7a5ab5ec0a54e8289848c8f16534) Importer(2089858483,b0f066a214c2f5e87bad3c948f4d605d) (ScriptedImporter) -> (Import Result ID: '686c7de3f3edebd688f01097862400dd') in 0.0545098 seconds [static and dynamic dependencies]. Details - ImportResultOutputID=54cfb1626ae961aa3e91ad207085a4b6 DependenciesID=88cbf6d6072f25218937d47419337ca6 StaticDependenciesID=cdff15f35eddc3e543f84ab1927a3cc5 
Number of updated asset objects reloaded before import = 0Number of asset objects unloaded after import = 3

========================================================================
Received Import Request.
  Time since last request: 0.000019 seconds.
  path: Assets/Packages/JMO Assets/Cartoon FX Remaster/Demo Assets/UI/CFXR Demo Btn Arrow.png
  importAddress: Guid(b0394665e16ef504bb922274dd606020) Importer(2089858483,b0f066a214c2f5e87bad3c948f4d605d)
Start importing Assets/Packages/JMO Assets/Cartoon FX Remaster/Demo Assets/UI/CFXR Demo Btn Arrow.png using Guid(b0394665e16ef504bb922274dd606020) Importer(2089858483,b0f066a214c2f5e87bad3c948f4d605d) (ScriptedImporter) -> (Import Result ID: '4c2eb19a731d4be0bd7d7c325e1a34c0') in 0.0413971 seconds [static and dynamic dependencies]. Details - ImportResultOutputID=5fb77dd7c28e602989584a2db2273be6 DependenciesID=48a25eff7edd1004070dfe77834632af StaticDependenciesID=adde8b6730d9fa72a757b0aa97d4abfc 
Number of updated asset objects reloaded before import = 0Number of asset objects unloaded after import = 3

========================================================================
Received Import Request.
  Time since last request: 0.000035 seconds.
  path: Assets/Packages/JMO Assets/Cartoon FX Remaster/Demo Assets/Kino Bloom/Kino Bloom License.txt
  importAddress: Guid(fd252a094a85ae0499ad570e08e4652f) Importer(2089858483,b0f066a214c2f5e87bad3c948f4d605d)
Start importing Assets/Packages/JMO Assets/Cartoon FX Remaster/Demo Assets/Kino Bloom/Kino Bloom License.txt using Guid(fd252a094a85ae0499ad570e08e4652f) Importer(2089858483,b0f066a214c2f5e87bad3c948f4d605d) (ScriptedImporter) -> (Import Result ID: 'e1119682c24d74ab80c01d93fd84daef') in 0.0181365 seconds [static and dynamic dependencies]. Details - ImportResultOutputID=49ac77dcbaed3cf105f272fe96520dd0 DependenciesID=7456482d33d1cabf74c78ea9ad86d6fe StaticDependenciesID=d4c28ca4bb10fb0d4c8205a4f3534614 
Number of updated asset objects reloaded before import = 0Number of asset objects unloaded after import = 1

========================================================================
Received Import Request.
  Time since last request: 0.000020 seconds.
  path: Assets/Packages/JMO Assets/Cartoon FX Remaster/Demo Assets/Kino Bloom/KinoBloom.Runtime.asmdef
  importAddress: Guid(fb9ff7b799c73af479a69874581439d3) Importer(2089858483,b0f066a214c2f5e87bad3c948f4d605d)
Start importing Assets/Packages/JMO Assets/Cartoon FX Remaster/Demo Assets/Kino Bloom/KinoBloom.Runtime.asmdef using Guid(fb9ff7b799c73af479a69874581439d3) Importer(2089858483,b0f066a214c2f5e87bad3c948f4d605d) (ScriptedImporter) -> (Import Result ID: '8102bff61a45f5acbe86c756a9055b5b') in 0.0270812 seconds [static and dynamic dependencies]. Details - ImportResultOutputID=fb295c6ea807833beb79559f57a33c49 DependenciesID=dbea924fd2c175935bbc52be27444e61 StaticDependenciesID=46fa3cda8e61806ad480ad517ad31dbd 
Number of updated asset objects reloaded before import = 0Number of asset objects unloaded after import = 1

========================================================================
Received Import Request.
  Time since last request: 0.000020 seconds.
  path: Assets/Packages/JMO Assets/Cartoon FX Remaster/Demo Assets/UI/CFXR Demo Btn Camera H.png
  importAddress: Guid(0bb8c249681ba00429319d91208c6fec) Importer(2089858483,b0f066a214c2f5e87bad3c948f4d605d)
Start importing Assets/Packages/JMO Assets/Cartoon FX Remaster/Demo Assets/UI/CFXR Demo Btn Camera H.png using Guid(0bb8c249681ba00429319d91208c6fec) Importer(2089858483,b0f066a214c2f5e87bad3c948f4d605d) (ScriptedImporter) -> (Import Result ID: 'f1f8e0249ec9cb222cc0b3c8a7a4c895') in 0.0380879 seconds [static and dynamic dependencies]. Details - ImportResultOutputID=04fb603b654f558ddbaff045430ae324 DependenciesID=794d4081afd0c5e702589171559bcfcd StaticDependenciesID=0a18b2d6e46f067ff871f433ab4a15dd 
Number of updated asset objects reloaded before import = 0Number of asset objects unloaded after import = 3

========================================================================
Received Import Request.
  Time since last request: 0.000033 seconds.
  path: Assets/Packages/JMO Assets/Cartoon FX Remaster/Demo Assets/UI/CFXR Demo Btn Camera.png
  importAddress: Guid(41bf8b79c5dc7d64aafcc3c68e923096) Importer(2089858483,b0f066a214c2f5e87bad3c948f4d605d)
Start importing Assets/Packages/JMO Assets/Cartoon FX Remaster/Demo Assets/UI/CFXR Demo Btn Camera.png using Guid(41bf8b79c5dc7d64aafcc3c68e923096) Importer(2089858483,b0f066a214c2f5e87bad3c948f4d605d) (ScriptedImporter) -> (Import Result ID: 'c7346b403862d334cad9b3fcd3a7e761') in 0.0409378 seconds [static and dynamic dependencies]. Details - ImportResultOutputID=180277ebfcab4a131ddb646d38d5d352 DependenciesID=856512664afa86e9c699ed9ad854fe06 StaticDependenciesID=3d30ade515a3593ad3d9c4763112d44e 
Number of updated asset objects reloaded before import = 0Number of asset objects unloaded after import = 3

========================================================================
Received Import Request.
  Time since last request: 0.000019 seconds.
  path: Assets/Packages/JMO Assets/Cartoon FX Remaster/Demo Assets/UI/CFXR Demo Btn CameraShake H.png
  importAddress: Guid(3c125755d5769934fae41fa260070229) Importer(2089858483,b0f066a214c2f5e87bad3c948f4d605d)
Start importing Assets/Packages/JMO Assets/Cartoon FX Remaster/Demo Assets/UI/CFXR Demo Btn CameraShake H.png using Guid(3c125755d5769934fae41fa260070229) Importer(2089858483,b0f066a214c2f5e87bad3c948f4d605d) (ScriptedImporter) -> (Import Result ID: 'fd764715fa3fa3245ef568cc58ec8186') in 0.0362977 seconds [static and dynamic dependencies]. Details - ImportResultOutputID=b085d7ea90ea137bc05fc867090afd7c DependenciesID=9714f49ca5e46ba25c76aadb3365c9aa StaticDependenciesID=6138852d2fc0830ea7d5798e8ddb4ddc 
Number of updated asset objects reloaded before import = 0Number of asset objects unloaded after import = 3

========================================================================
Received Import Request.
  Time since last request: 0.000022 seconds.
  path: Assets/Packages/JMO Assets/Cartoon FX Remaster/Demo Assets/UI/CFXR Demo Btn Bloom H.png
  importAddress: Guid(32700198561e47044863cf80370fe63a) Importer(2089858483,b0f066a214c2f5e87bad3c948f4d605d)
Start importing Assets/Packages/JMO Assets/Cartoon FX Remaster/Demo Assets/UI/CFXR Demo Btn Bloom H.png using Guid(32700198561e47044863cf80370fe63a) Importer(2089858483,b0f066a214c2f5e87bad3c948f4d605d) (ScriptedImporter) -> (Import Result ID: '04ba894dbd78d1abce6cbf55c3540d1a') in 0.0455553 seconds [static and dynamic dependencies]. Details - ImportResultOutputID=48099257b462efb36dfbc6e3db4f540c DependenciesID=28a55b01966d75dea34c3489cbb48382 StaticDependenciesID=6f8e78b98914ba9df0bf9220d97fb579 
Number of updated asset objects reloaded before import = 0Number of asset objects unloaded after import = 3

========================================================================
Received Import Request.
  Time since last request: 0.000042 seconds.
  path: Assets/Packages/JMO Assets/Cartoon FX Remaster/Demo Assets/UI/CFXR Demo Btn Lights H.png
  importAddress: Guid(cc22d7577cb43a843a562490334918cc) Importer(2089858483,b0f066a214c2f5e87bad3c948f4d605d)
Start importing Assets/Packages/JMO Assets/Cartoon FX Remaster/Demo Assets/UI/CFXR Demo Btn Lights H.png using Guid(cc22d7577cb43a843a562490334918cc) Importer(2089858483,b0f066a214c2f5e87bad3c948f4d605d) (ScriptedImporter) -> (Import Result ID: 'cc035db47b7718b11bcd34ca3ef700a6') in 0.0552459 seconds [static and dynamic dependencies]. Details - ImportResultOutputID=fef2d0ab1f105a6c3426aca406744978 DependenciesID=6585a3c9833684ef0a91a9f4cf8e024e StaticDependenciesID=1434ce0f584ac941a9d419be807ba7b4 
Number of updated asset objects reloaded before import = 0Number of asset objects unloaded after import = 3

========================================================================
Received Import Request.
  Time since last request: 0.000018 seconds.
  path: Assets/Packages/JMO Assets/Cartoon FX Remaster/Demo Assets/UI/CFXR Demo Btn CameraShake.png
  importAddress: Guid(f446ceac60ed41a42bf4e1669eb8beb0) Importer(2089858483,b0f066a214c2f5e87bad3c948f4d605d)
Start importing Assets/Packages/JMO Assets/Cartoon FX Remaster/Demo Assets/UI/CFXR Demo Btn CameraShake.png using Guid(f446ceac60ed41a42bf4e1669eb8beb0) Importer(2089858483,b0f066a214c2f5e87bad3c948f4d605d) (ScriptedImporter) -> (Import Result ID: '641c5d55cc8ec0e5fb6f6e39f0e7d43b') in 0.033984 seconds [static and dynamic dependencies]. Details - ImportResultOutputID=7c730f620448ba1df6f4d7d67d41fd98 DependenciesID=c75dcaf023cc3c3559d62a226fa9c833 StaticDependenciesID=7a0839152aab713a4ceaf1b3df6eb588 
Number of updated asset objects reloaded before import = 0Number of asset objects unloaded after import = 3

========================================================================
Received Import Request.
  Time since last request: 0.000023 seconds.
  path: Assets/Packages/JMO Assets/Cartoon FX Remaster/Demo Assets/UI/CFXR Demo Btn Ground H.png
  importAddress: Guid(338685d7a91449f45a6a95b3756c4750) Importer(2089858483,b0f066a214c2f5e87bad3c948f4d605d)
Start importing Assets/Packages/JMO Assets/Cartoon FX Remaster/Demo Assets/UI/CFXR Demo Btn Ground H.png using Guid(338685d7a91449f45a6a95b3756c4750) Importer(2089858483,b0f066a214c2f5e87bad3c948f4d605d) (ScriptedImporter) -> (Import Result ID: '5d1a342d4b520f82e89400baa8baa879') in 0.1373215 seconds [static and dynamic dependencies]. Details - ImportResultOutputID=c38e6d1ee3c238fdf9bd3bc8d1a6fbbf DependenciesID=36c1c534a37597fcf6fd314f910cfa27 StaticDependenciesID=71da1d91f7221f7581cb8d8b6f7188bf 
Number of updated asset objects reloaded before import = 0Number of asset objects unloaded after import = 3

========================================================================
Received Import Request.
  Time since last request: 0.000033 seconds.
  path: Assets/Packages/JMO Assets/Cartoon FX Remaster/Demo Assets/UI/CFXR Demo Btn Bloom.png
  importAddress: Guid(07caf3d1930bab14aa8f6dcdf2db871a) Importer(2089858483,b0f066a214c2f5e87bad3c948f4d605d)
Start importing Assets/Packages/JMO Assets/Cartoon FX Remaster/Demo Assets/UI/CFXR Demo Btn Bloom.png using Guid(07caf3d1930bab14aa8f6dcdf2db871a) Importer(2089858483,b0f066a214c2f5e87bad3c948f4d605d) (ScriptedImporter) -> (Import Result ID: 'a47c468b3d47398e7e1638912a7b9a26') in 0.0603687 seconds [static and dynamic dependencies]. Details - ImportResultOutputID=2351435da886337cd7114f0c4b13727b DependenciesID=bd190badad91ae9004e6f10f8669d301 StaticDependenciesID=876673ad543fefb25d3442d0f333cdbb 
Number of updated asset objects reloaded before import = 0Number of asset objects unloaded after import = 3

========================================================================
Received Import Request.
  Time since last request: 0.000025 seconds.
  path: Assets/Packages/JMO Assets/Cartoon FX Remaster/Demo Assets/UI/CFXR Demo Btn Lights.png
  importAddress: Guid(33e104ffb9168144ba9ff901fd2e54ae) Importer(2089858483,b0f066a214c2f5e87bad3c948f4d605d)
Start importing Assets/Packages/JMO Assets/Cartoon FX Remaster/Demo Assets/UI/CFXR Demo Btn Lights.png using Guid(33e104ffb9168144ba9ff901fd2e54ae) Importer(2089858483,b0f066a214c2f5e87bad3c948f4d605d) (ScriptedImporter) -> (Import Result ID: 'c775b2d22fa58d84488054554c69986e') in 0.0596516 seconds [static and dynamic dependencies]. Details - ImportResultOutputID=5949625d950f42130e2aacfbe6ad4f15 DependenciesID=9d642872d318998bfc152586e7b7503c StaticDependenciesID=274b157208255189940df49441de473e 
Number of updated asset objects reloaded before import = 0Number of asset objects unloaded after import = 3

========================================================================
Received Import Request.
  Time since last request: 0.000037 seconds.
  path: Assets/Packages/JMO Assets/Cartoon FX Remaster/Demo Assets/UI/CFXR Demo Btn SlowMo.png
  importAddress: Guid(6957d0e9e59addf438d0f5d67d81eab4) Importer(2089858483,b0f066a214c2f5e87bad3c948f4d605d)
Start importing Assets/Packages/JMO Assets/Cartoon FX Remaster/Demo Assets/UI/CFXR Demo Btn SlowMo.png using Guid(6957d0e9e59addf438d0f5d67d81eab4) Importer(2089858483,b0f066a214c2f5e87bad3c948f4d605d) (ScriptedImporter) -> (Import Result ID: '30a904dc16d29441ddb1adbbdc18d3a0') in 0.0306713 seconds [static and dynamic dependencies]. Details - ImportResultOutputID=b8b6ba1eb8bc3256b7b422158cae6440 DependenciesID=8e9639a83dcb6abd5be2324480f46337 StaticDependenciesID=fa17cee76e4c2c54f5e3040d2ad6ac30 
Number of updated asset objects reloaded before import = 0Number of asset objects unloaded after import = 3

========================================================================
Received Import Request.
  Time since last request: 0.000034 seconds.
  path: Assets/Packages/JMO Assets/Cartoon FX Remaster/Demo Assets/UI/CFXRF Demo Logo.png
  importAddress: Guid(a665b2e53088caa4c89dd09f9c889f62) Importer(2089858483,b0f066a214c2f5e87bad3c948f4d605d)
Start importing Assets/Packages/JMO Assets/Cartoon FX Remaster/Demo Assets/UI/CFXRF Demo Logo.png using Guid(a665b2e53088caa4c89dd09f9c889f62) Importer(2089858483,b0f066a214c2f5e87bad3c948f4d605d) (ScriptedImporter) -> (Import Result ID: '6358449994c1c5252e225330c9aa37c8') in 0.0376592 seconds [static and dynamic dependencies]. Details - ImportResultOutputID=36548fb0a7ba1c5d6a3704769d085e10 DependenciesID=2864d1b5f842374febb0dfc07a49b1e1 StaticDependenciesID=c3e2e83253eb4391679dff524dd7e9c9 
Number of updated asset objects reloaded before import = 0Number of asset objects unloaded after import = 3

========================================================================
Received Import Request.
  Time since last request: 0.000026 seconds.
  path: Assets/Packages/JMO Assets/Cartoon FX Remaster/Demo Assets/UI/CFXR Demo Btn SlowMo H.png
  importAddress: Guid(e77c7f9a6ebccc14e9ac9be7a2a2d5af) Importer(2089858483,b0f066a214c2f5e87bad3c948f4d605d)
Start importing Assets/Packages/JMO Assets/Cartoon FX Remaster/Demo Assets/UI/CFXR Demo Btn SlowMo H.png using Guid(e77c7f9a6ebccc14e9ac9be7a2a2d5af) Importer(2089858483,b0f066a214c2f5e87bad3c948f4d605d) (ScriptedImporter) -> (Import Result ID: '809d74ab7a2c4a522047c7f219ff808d') in 0.0392783 seconds [static and dynamic dependencies]. Details - ImportResultOutputID=aa27bf9646376c37bdc67de1bc267c73 DependenciesID=c42ead44ad35d6f2892a01fce3fef39a StaticDependenciesID=d4d99b3159bb308ea11ff5b33e8fb730 
Number of updated asset objects reloaded before import = 0Number of asset objects unloaded after import = 3

========================================================================
Received Import Request.
  Time since last request: 0.000020 seconds.
  path: Assets/Packages/Pixel Adventure 1/Assets/Items/Fruits/Cherries.png
  importAddress: Guid(3d6be91968cb95546ac95aeff5e52f84) Importer(2089858483,b0f066a214c2f5e87bad3c948f4d605d)
Start importing Assets/Packages/Pixel Adventure 1/Assets/Items/Fruits/Cherries.png using Guid(3d6be91968cb95546ac95aeff5e52f84) Importer(2089858483,b0f066a214c2f5e87bad3c948f4d605d) (ScriptedImporter) -> (Import Result ID: '793c733a9024b84955207da7aa70b579') in 0.0626162 seconds [static and dynamic dependencies]. Details - ImportResultOutputID=37fb13c385cacf1c8e63d88d4a501512 DependenciesID=4c09b6b6fabcaa6f7f545c0d642f5cf3 StaticDependenciesID=ff2c567cb4fdda1b6a9781146df683e6 
Number of updated asset objects reloaded before import = 0Number of asset objects unloaded after import = 19

========================================================================
Received Import Request.
  Time since last request: 0.000035 seconds.
  path: Assets/Packages/Pixel Adventure 1/Assets/Items/Fruits/Apple.png
  importAddress: Guid(1ddc9afd21fec77489b1248d18f31b68) Importer(2089858483,b0f066a214c2f5e87bad3c948f4d605d)
Start importing Assets/Packages/Pixel Adventure 1/Assets/Items/Fruits/Apple.png using Guid(1ddc9afd21fec77489b1248d18f31b68) Importer(2089858483,b0f066a214c2f5e87bad3c948f4d605d) (ScriptedImporter) -> (Import Result ID: '61f8e3f8e04a90ad742e0f60a6c6e78b') in 0.0553164 seconds [static and dynamic dependencies]. Details - ImportResultOutputID=8825bb9f281ec345fecd98832fed5fbd DependenciesID=17b39488da9744d841781f4c6c8af769 StaticDependenciesID=f2dc1915cae295bf673f80c52bda6d26 
Number of updated asset objects reloaded before import = 0Number of asset objects unloaded after import = 19

========================================================================
Received Import Request.
  Time since last request: 0.000023 seconds.
  path: Assets/Packages/Pixel Adventure 1/Assets/Items/Fruits/Collected.png
  importAddress: Guid(be1a5bd13766ec048bab6f4c578baa0f) Importer(2089858483,b0f066a214c2f5e87bad3c948f4d605d)
Start importing Assets/Packages/Pixel Adventure 1/Assets/Items/Fruits/Collected.png using Guid(be1a5bd13766ec048bab6f4c578baa0f) Importer(2089858483,b0f066a214c2f5e87bad3c948f4d605d) (ScriptedImporter) -> (Import Result ID: 'a6f395467d34b05a56caf6b4130a09fd') in 0.0395574 seconds [static and dynamic dependencies]. Details - ImportResultOutputID=bff09493f88fc46e601247614a0c8527 DependenciesID=275cef59d3ef0d0451e2784c2acfe4cb StaticDependenciesID=1cf5bb45205d1401db19baa6a0ac2ed2 
Number of updated asset objects reloaded before import = 0Number of asset objects unloaded after import = 8

========================================================================
Received Import Request.
  Time since last request: 0.000021 seconds.
  path: Assets/Packages/Pixel Adventure 1/Assets/Items/Fruits/Bananas.png
  importAddress: Guid(b1f24b3bc2e2f1d4b858657ad5c115a0) Importer(2089858483,b0f066a214c2f5e87bad3c948f4d605d)
Start importing Assets/Packages/Pixel Adventure 1/Assets/Items/Fruits/Bananas.png using Guid(b1f24b3bc2e2f1d4b858657ad5c115a0) Importer(2089858483,b0f066a214c2f5e87bad3c948f4d605d) (ScriptedImporter) -> (Import Result ID: '907bf1f776872ab492cb07d11b3ceb9e') in 0.056177 seconds [static and dynamic dependencies]. Details - ImportResultOutputID=fc770ee3ac53469893a848693c4709b9 DependenciesID=60c31382df4900e0ad52f6a619eb0b39 StaticDependenciesID=18b47e08e3603aa57a1dae90bf443fc3 
Number of updated asset objects reloaded before import = 0Number of asset objects unloaded after import = 19

========================================================================
Received Import Request.
  Time since last request: 0.000033 seconds.
  path: Assets/Packages/Pixel Adventure 1/Assets/Items/Fruits/Kiwi.png
  importAddress: Guid(5100b75572e484e458e4340e2afe9454) Importer(2089858483,b0f066a214c2f5e87bad3c948f4d605d)
Start importing Assets/Packages/Pixel Adventure 1/Assets/Items/Fruits/Kiwi.png using Guid(5100b75572e484e458e4340e2afe9454) Importer(2089858483,b0f066a214c2f5e87bad3c948f4d605d) (ScriptedImporter) -> (Import Result ID: '41085c1b9a0a7984a61143cb22085736') in 0.050222 seconds [static and dynamic dependencies]. Details - ImportResultOutputID=b4473572f19514e6d7032d67962e4611 DependenciesID=66570ba01742eac61f7f864c5493494c StaticDependenciesID=bb8c7b2806c897bdd5ab7331c9537436 
Number of updated asset objects reloaded before import = 0Number of asset objects unloaded after import = 19

========================================================================
Received Import Request.
  Time since last request: 0.000020 seconds.
  path: Assets/Packages/Pixel Adventure 1/Assets/Items/Fruits/Melon.png
  importAddress: Guid(031678d507e557a41b7a16fc33bf6c39) Importer(2089858483,b0f066a214c2f5e87bad3c948f4d605d)
Start importing Assets/Packages/Pixel Adventure 1/Assets/Items/Fruits/Melon.png using Guid(031678d507e557a41b7a16fc33bf6c39) Importer(2089858483,b0f066a214c2f5e87bad3c948f4d605d) (ScriptedImporter) -> (Import Result ID: 'b1fb87973143ccb3ace98af4f2312081') in 0.0703783 seconds [static and dynamic dependencies]. Details - ImportResultOutputID=0b240f609467f8ebb5521f28bcbd467d DependenciesID=413e56f079bb4196dbf79b08c1ba1ca5 StaticDependenciesID=04e5fdcf1469220e40aea72e8e04bd01 
Number of updated asset objects reloaded before import = 0Number of asset objects unloaded after import = 19

========================================================================
Received Import Request.
  Time since last request: 0.000024 seconds.
  path: Assets/Packages/Pixel Adventure 1/Assets/Items/Fruits/Pineapple.png
  importAddress: Guid(131e485692e27e84c86170dad18cda85) Importer(2089858483,b0f066a214c2f5e87bad3c948f4d605d)
Start importing Assets/Packages/Pixel Adventure 1/Assets/Items/Fruits/Pineapple.png using Guid(131e485692e27e84c86170dad18cda85) Importer(2089858483,b0f066a214c2f5e87bad3c948f4d605d) (ScriptedImporter) -> (Import Result ID: 'e29867de0fbfd7226b94c88073b0acb9') in 0.0835032 seconds [static and dynamic dependencies]. Details - ImportResultOutputID=c32d15bd493408a628688118c0d87060 DependenciesID=c29fefe0a629f8522e010bfbd4c9bac9 StaticDependenciesID=565ea6f4b1279a522d0e4a691b165786 
Number of updated asset objects reloaded before import = 0Number of asset objects unloaded after import = 19

========================================================================
Received Import Request.
  Time since last request: 0.000034 seconds.
  path: Assets/Packages/Pixel Adventure 1/Assets/Items/Fruits/Orange.png
  importAddress: Guid(ffc9f271fad56c243a45f100b9dc6778) Importer(2089858483,b0f066a214c2f5e87bad3c948f4d605d)
Start importing Assets/Packages/Pixel Adventure 1/Assets/Items/Fruits/Orange.png using Guid(ffc9f271fad56c243a45f100b9dc6778) Importer(2089858483,b0f066a214c2f5e87bad3c948f4d605d) (ScriptedImporter) -> (Import Result ID: '125d60183f17920aa7af86f2b237397f') in 0.052718 seconds [static and dynamic dependencies]. Details - ImportResultOutputID=f9958042bb46b483713358628e7be0e0 DependenciesID=b6f08777db3138903906bfc342f39fc8 StaticDependenciesID=7a71599a31a0ae1b9bc3d27e32891a4a 
Number of updated asset objects reloaded before import = 0Number of asset objects unloaded after import = 19

========================================================================
Received Import Request.
  Time since last request: 0.000018 seconds.
  path: Assets/Packages/Pixel Adventure 1/Assets/Main Characters/Ninja Frog/Double Jump (32x32).png
  importAddress: Guid(4099f676255555240b5240f897805dce) Importer(2089858483,b0f066a214c2f5e87bad3c948f4d605d)
Start importing Assets/Packages/Pixel Adventure 1/Assets/Main Characters/Ninja Frog/Double Jump (32x32).png using Guid(4099f676255555240b5240f897805dce) Importer(2089858483,b0f066a214c2f5e87bad3c948f4d605d) (ScriptedImporter) -> (Import Result ID: '1e7a86bb97752d675d8bb0f0ce061fb4') in 0.0465769 seconds [static and dynamic dependencies]. Details - ImportResultOutputID=0f5c8e428c89f88b355e531bdeaf4c73 DependenciesID=fe8c22b39555ab74e786f0dc1bf87f4a StaticDependenciesID=5eaea92852d3e322d7727dab2872eb20 
Number of updated asset objects reloaded before import = 0Number of asset objects unloaded after import = 8

========================================================================
Received Import Request.
  Time since last request: 0.000021 seconds.
  path: Assets/Packages/Pixel Adventure 1/Assets/Main Characters/Ninja Frog/Fall (32x32).png
  importAddress: Guid(b6d14bcb8d9dbb349beb9d3619096732) Importer(2089858483,b0f066a214c2f5e87bad3c948f4d605d)
Start importing Assets/Packages/Pixel Adventure 1/Assets/Main Characters/Ninja Frog/Fall (32x32).png using Guid(b6d14bcb8d9dbb349beb9d3619096732) Importer(2089858483,b0f066a214c2f5e87bad3c948f4d605d) (ScriptedImporter) -> (Import Result ID: '7334c9010d0a2cb5120dc2c97fd81633') in 0.0672861 seconds [static and dynamic dependencies]. Details - ImportResultOutputID=5f6e0576be067e2d00a5ab6385f33119 DependenciesID=f115c5f775e9aadb2e3b0cbaa9ff8d35 StaticDependenciesID=4d95d50dbad28973b7f88fb8730ba30a 
Number of updated asset objects reloaded before import = 0Number of asset objects unloaded after import = 3

========================================================================
Received Import Request.
  Time since last request: 0.000029 seconds.
  path: Assets/Packages/Pixel Adventure 1/Assets/Main Characters/Ninja Frog/Hit (32x32).png
  importAddress: Guid(18a451ae5d817e04bbf3101eaed9466e) Importer(2089858483,b0f066a214c2f5e87bad3c948f4d605d)
Start importing Assets/Packages/Pixel Adventure 1/Assets/Main Characters/Ninja Frog/Hit (32x32).png using Guid(18a451ae5d817e04bbf3101eaed9466e) Importer(2089858483,b0f066a214c2f5e87bad3c948f4d605d) (ScriptedImporter) -> (Import Result ID: '7a7d759d4b79d317fcd0aa01b22c7e55') in 0.1239343 seconds [static and dynamic dependencies]. Details - ImportResultOutputID=8be5a157b13e8fccfdfdaad34f0de863 DependenciesID=99f4d0f8ee1c7c0babf56448cff2c49a StaticDependenciesID=c9c81bfe58cefa95b430897ab1b0a307 
Number of updated asset objects reloaded before import = 0Number of asset objects unloaded after import = 9

========================================================================
Received Import Request.
  Time since last request: 0.000017 seconds.
  path: Assets/Packages/Pixel Adventure 1/Assets/Main Characters/Ninja Frog/Idle (32x32).png
  importAddress: Guid(cd947491a13509945aa1b644f9db3ef2) Importer(2089858483,b0f066a214c2f5e87bad3c948f4d605d)
Start importing Assets/Packages/Pixel Adventure 1/Assets/Main Characters/Ninja Frog/Idle (32x32).png using Guid(cd947491a13509945aa1b644f9db3ef2) Importer(2089858483,b0f066a214c2f5e87bad3c948f4d605d) (ScriptedImporter) -> (Import Result ID: '02861375ac5a03850be675a4f2c426ca') in 0.0808963 seconds [static and dynamic dependencies]. Details - ImportResultOutputID=07717f9a516e6d364f8f3490253c6be9 DependenciesID=bfe78cd10fb9f3895741c93f3698d9ac StaticDependenciesID=e80dfc830caf43e89f9770aa596a5a43 
Number of updated asset objects reloaded before import = 0Number of asset objects unloaded after import = 13

========================================================================
Received Import Request.
  Time since last request: 0.000021 seconds.
  path: Assets/Packages/Pixel Adventure 1/Assets/Main Characters/Ninja Frog/Jump (32x32).png
  importAddress: Guid(4872bd1108769a946a6acb68dc156fcf) Importer(2089858483,b0f066a214c2f5e87bad3c948f4d605d)
Start importing Assets/Packages/Pixel Adventure 1/Assets/Main Characters/Ninja Frog/Jump (32x32).png using Guid(4872bd1108769a946a6acb68dc156fcf) Importer(2089858483,b0f066a214c2f5e87bad3c948f4d605d) (ScriptedImporter) -> (Import Result ID: 'c57c2bd71da09b1cd60e237e4d8ce28b') in 0.0225078 seconds [static and dynamic dependencies]. Details - ImportResultOutputID=c6600ee7c22e81d18deaab4bbcaeabdf DependenciesID=ad3580d8f9454771f1cdd3bbe1a874c4 StaticDependenciesID=78ab67bf6e4318f4543a0f8971fd0113 
Number of updated asset objects reloaded before import = 0Number of asset objects unloaded after import = 3

========================================================================
Received Import Request.
  Time since last request: 0.000029 seconds.
  path: Assets/Packages/Pixel Adventure 1/Assets/Items/Fruits/Strawberry.png
  importAddress: Guid(a2c110585eb710b408972fbc3b96136d) Importer(2089858483,b0f066a214c2f5e87bad3c948f4d605d)
Start importing Assets/Packages/Pixel Adventure 1/Assets/Items/Fruits/Strawberry.png using Guid(a2c110585eb710b408972fbc3b96136d) Importer(2089858483,b0f066a214c2f5e87bad3c948f4d605d) (ScriptedImporter) -> (Import Result ID: '16d8e0a533513712214d1278c50255a3') in 0.1399482 seconds [static and dynamic dependencies]. Details - ImportResultOutputID=394e739df8a4ceae80251e3c4ca3af1d DependenciesID=43535cd66945be4724a93419f0343a68 StaticDependenciesID=1edfbf04adeefde6f6f29dcd863f178e 
Number of updated asset objects reloaded before import = 0Number of asset objects unloaded after import = 19

========================================================================
Received Import Request.
  Time since last request: 0.000024 seconds.
  path: Assets/Packages/Pixel Adventure 1/Assets/Main Characters/Ninja Frog/Run (32x32).png
  importAddress: Guid(e362bc6a7c79fce4db16d145d43a5550) Importer(2089858483,b0f066a214c2f5e87bad3c948f4d605d)
Start importing Assets/Packages/Pixel Adventure 1/Assets/Main Characters/Ninja Frog/Run (32x32).png using Guid(e362bc6a7c79fce4db16d145d43a5550) Importer(2089858483,b0f066a214c2f5e87bad3c948f4d605d) (ScriptedImporter) -> (Import Result ID: '2c0bac77211e6d624bd93c6a74b40642') in 0.0556672 seconds [static and dynamic dependencies]. Details - ImportResultOutputID=36377d8f7ab40ec2214d0e6dad6f05ea DependenciesID=cf1f6a825d87bb96f7504d72791b9a6b StaticDependenciesID=5eaea094c9c07fafc59186b1dc0e68d2 
Number of updated asset objects reloaded before import = 0Number of asset objects unloaded after import = 14

========================================================================
Received Import Request.
  Time since last request: 0.000024 seconds.
  path: Assets/Packages/Pixel Adventure 1/Assets/Main Characters/Pink Man/Fall (32x32).png
  importAddress: Guid(1a6feec238b9a99499082bb755fa32df) Importer(2089858483,b0f066a214c2f5e87bad3c948f4d605d)
Start importing Assets/Packages/Pixel Adventure 1/Assets/Main Characters/Pink Man/Fall (32x32).png using Guid(1a6feec238b9a99499082bb755fa32df) Importer(2089858483,b0f066a214c2f5e87bad3c948f4d605d) (ScriptedImporter) -> (Import Result ID: 'cd2401dae86ae5adbc2f0b2ae76c40b6') in 0.0694852 seconds [static and dynamic dependencies]. Details - ImportResultOutputID=b66a7f730f42f81caf66ba9011cfdd20 DependenciesID=1bec92d46acf09fb822511ede3da8167 StaticDependenciesID=76e2ada282781680902d2f9a46281096 
Number of updated asset objects reloaded before import = 0Number of asset objects unloaded after import = 3

========================================================================
Received Import Request.
  Time since last request: 0.000029 seconds.
  path: Assets/Packages/Pixel Adventure 1/Assets/Main Characters/Pink Man/Double Jump (32x32).png
  importAddress: Guid(5fd9f3ec1e3e0bc4d8e308e10012a36a) Importer(2089858483,b0f066a214c2f5e87bad3c948f4d605d)
Start importing Assets/Packages/Pixel Adventure 1/Assets/Main Characters/Pink Man/Double Jump (32x32).png using Guid(5fd9f3ec1e3e0bc4d8e308e10012a36a) Importer(2089858483,b0f066a214c2f5e87bad3c948f4d605d) (ScriptedImporter) -> (Import Result ID: 'b9d70f88984b0bea4b4c5283ee1a460c') in 0.0322704 seconds [static and dynamic dependencies]. Details - ImportResultOutputID=2624af9033ce2773acc2242d1d3e4aa9 DependenciesID=eb7ed3cc31665a3e7b5d72143379b792 StaticDependenciesID=bb5f98613b1cb19b05804c2e4f9cdc17 
Number of updated asset objects reloaded before import = 0Number of asset objects unloaded after import = 8

========================================================================
Received Import Request.
  Time since last request: 0.000017 seconds.
  path: Assets/Packages/Pixel Adventure 1/Assets/Main Characters/Ninja Frog/Wall Jump (32x32).png
  importAddress: Guid(3b332af1e6c55e94f8e5eb08fb4ab06b) Importer(2089858483,b0f066a214c2f5e87bad3c948f4d605d)
Start importing Assets/Packages/Pixel Adventure 1/Assets/Main Characters/Ninja Frog/Wall Jump (32x32).png using Guid(3b332af1e6c55e94f8e5eb08fb4ab06b) Importer(2089858483,b0f066a214c2f5e87bad3c948f4d605d) (ScriptedImporter) -> (Import Result ID: 'dce26da901268f11016c8a4d224af241') in 0.0506783 seconds [static and dynamic dependencies]. Details - ImportResultOutputID=3fe03431f116905df8e32f8053187fc5 DependenciesID=4f4f9b020c0430b28da41ae409cf62b3 StaticDependenciesID=71d0140b80d66545e5580751416b42b1 
Number of updated asset objects reloaded before import = 0Number of asset objects unloaded after import = 7

========================================================================
Received Import Request.
  Time since last request: 0.000019 seconds.
  path: Assets/Packages/Pixel Adventure 1/Assets/Main Characters/Pink Man/Hit (32x32).png
  importAddress: Guid(9b0499fd3a0892046926ed19c78cfea3) Importer(2089858483,b0f066a214c2f5e87bad3c948f4d605d)
Start importing Assets/Packages/Pixel Adventure 1/Assets/Main Characters/Pink Man/Hit (32x32).png using Guid(9b0499fd3a0892046926ed19c78cfea3) Importer(2089858483,b0f066a214c2f5e87bad3c948f4d605d) (ScriptedImporter) -> (Import Result ID: '40875eea13d570e272b6964a3fa4e601') in 0.0451501 seconds [static and dynamic dependencies]. Details - ImportResultOutputID=1b43c88996276dbb45bdb4afc2b8768e DependenciesID=10e176aa6da32080d0fe241cae528d98 StaticDependenciesID=95c36236b561244f602e740516ba4a8e 
Number of updated asset objects reloaded before import = 0Number of asset objects unloaded after import = 9

========================================================================
Received Import Request.
  Time since last request: 0.000022 seconds.
  path: Assets/Packages/Pixel Adventure 1/Assets/Main Characters/Pink Man/Wall Jump (32x32).png
  importAddress: Guid(603abb83490921841976d0f1b2045f23) Importer(2089858483,b0f066a214c2f5e87bad3c948f4d605d)
Start importing Assets/Packages/Pixel Adventure 1/Assets/Main Characters/Pink Man/Wall Jump (32x32).png using Guid(603abb83490921841976d0f1b2045f23) Importer(2089858483,b0f066a214c2f5e87bad3c948f4d605d) (ScriptedImporter) -> (Import Result ID: '7253357cf9b4c34380baa1d7eb22748e') in 0.0534337 seconds [static and dynamic dependencies]. Details - ImportResultOutputID=f49d9d34a63babbf0c9c649dc020306d DependenciesID=f73e6c1d96eb8e2a4d2003db709b75c6 StaticDependenciesID=ea2429bbc01e31d44ea9a8fdc1474c96 
Number of updated asset objects reloaded before import = 0Number of asset objects unloaded after import = 7

========================================================================
Received Import Request.
  Time since last request: 0.000027 seconds.
  path: Assets/Packages/Pixel Adventure 1/Assets/Main Characters/Pink Man/Jump (32x32).png
  importAddress: Guid(edbf2f282f3feb940b6238d4d339ada4) Importer(2089858483,b0f066a214c2f5e87bad3c948f4d605d)
Start importing Assets/Packages/Pixel Adventure 1/Assets/Main Characters/Pink Man/Jump (32x32).png using Guid(edbf2f282f3feb940b6238d4d339ada4) Importer(2089858483,b0f066a214c2f5e87bad3c948f4d605d) (ScriptedImporter) -> (Import Result ID: 'b7f0d537cd6d707471fd9fbc193448bb') in 0.0385818 seconds [static and dynamic dependencies]. Details - ImportResultOutputID=510eb6af7ff3ba0f43bc493df21e38fd DependenciesID=4bfc15024463661d5f68d9bb640cc5a2 StaticDependenciesID=9fc54dae80ca438a8f34d249f11672ab 
Number of updated asset objects reloaded before import = 0Number of asset objects unloaded after import = 3

========================================================================
Received Import Request.
  Time since last request: 0.000019 seconds.
  path: Assets/Packages/Pixel Adventure 1/Assets/Main Characters/Pink Man/Run (32x32).png
  importAddress: Guid(cdb0cc8ca9aac2a4d84c6aa3c1cbf52b) Importer(2089858483,b0f066a214c2f5e87bad3c948f4d605d)
Start importing Assets/Packages/Pixel Adventure 1/Assets/Main Characters/Pink Man/Run (32x32).png using Guid(cdb0cc8ca9aac2a4d84c6aa3c1cbf52b) Importer(2089858483,b0f066a214c2f5e87bad3c948f4d605d) (ScriptedImporter) -> (Import Result ID: '22eed577e1aed92a3c5e6d9b378dc7ef') in 0.0639991 seconds [static and dynamic dependencies]. Details - ImportResultOutputID=24d955ca23ea090556c2f156dc91f69a DependenciesID=2afc246a500ec64587cc48f909bc81dd StaticDependenciesID=7cbf547c463a1d3dbdbb76675759b985 
Number of updated asset objects reloaded before import = 0Number of asset objects unloaded after import = 14

========================================================================
Received Import Request.
  Time since last request: 0.000020 seconds.
  path: Assets/Packages/JMO Assets/Cartoon FX Remaster/CFXR Assets/Graphics/cfxr proc ring local space partial ab.mat
  importAddress: Guid(d33b4e9cb7fcd474c99d6762456a3d92) Importer(2089858483,b0f066a214c2f5e87bad3c948f4d605d)
Start importing Assets/Packages/JMO Assets/Cartoon FX Remaster/CFXR Assets/Graphics/cfxr proc ring local space partial ab.mat using Guid(d33b4e9cb7fcd474c99d6762456a3d92) Importer(2089858483,b0f066a214c2f5e87bad3c948f4d605d) (ScriptedImporter) -> (Import Result ID: '9165c4ea2caee860d768e219abb74e51') in 0.0153625 seconds [static and dynamic dependencies]. Details - ImportResultOutputID=bed765cfd75b3f0a84f6286d998cc021 DependenciesID=614b209e78432f79472782c5d1064b54 StaticDependenciesID=d41c511a66560dd978566d3329e4fa37 
Number of updated asset objects reloaded before import = 0Number of asset objects unloaded after import = 2

========================================================================
Received Import Request.
  Time since last request: 0.000034 seconds.
  path: Assets/Packages/JMO Assets/Cartoon FX Remaster/CFXR Assets/Meshes/cfxr ring mesh.asset
  importAddress: Guid(a78b06c58d03f5d4fbb74ba21020241e) Importer(2089858483,b0f066a214c2f5e87bad3c948f4d605d)
Start importing Assets/Packages/JMO Assets/Cartoon FX Remaster/CFXR Assets/Meshes/cfxr ring mesh.asset using Guid(a78b06c58d03f5d4fbb74ba21020241e) Importer(2089858483,b0f066a214c2f5e87bad3c948f4d605d) (ScriptedImporter) -> (Import Result ID: '2a262555a7ab64b8646be79fc93fd6bf') in 0.0131017 seconds [static and dynamic dependencies]. Details - ImportResultOutputID=69c2138a847bd64ee2fc4a624568af98 DependenciesID=b374725d5351c87b50fda365755d431d StaticDependenciesID=118cf5c28c3d86364092ca07fe36fe9b 
Number of updated asset objects reloaded before import = 0Number of asset objects unloaded after import = 1

========================================================================
Received Import Request.
  Time since last request: 0.000018 seconds.
  path: Assets/Packages/Pixel Adventure 1/Assets/Main Characters/Virtual Guy/Hit (32x32).png
  importAddress: Guid(0b4768f2ab470f44ca33fa59836a0774) Importer(2089858483,b0f066a214c2f5e87bad3c948f4d605d)
Start importing Assets/Packages/Pixel Adventure 1/Assets/Main Characters/Virtual Guy/Hit (32x32).png using Guid(0b4768f2ab470f44ca33fa59836a0774) Importer(2089858483,b0f066a214c2f5e87bad3c948f4d605d) (ScriptedImporter) -> (Import Result ID: '92e469c454d5b7340c8a6cfeb726a67b') in 0.0396374 seconds [static and dynamic dependencies]. Details - ImportResultOutputID=60463b6bf9e6b6df2762690a9b49208f DependenciesID=a33705ab7417f68d1348b0465dc4fa99 StaticDependenciesID=7e11faa4d65ab8a84fe3074297e69572 
Number of updated asset objects reloaded before import = 0Number of asset objects unloaded after import = 9

========================================================================
Received Import Request.
  Time since last request: 0.000019 seconds.
  path: Assets/Packages/Pixel Adventure 1/Assets/Main Characters/Virtual Guy/Idle (32x32).png
  importAddress: Guid(40de9a8703e2e5a47882b0b86451c741) Importer(2089858483,b0f066a214c2f5e87bad3c948f4d605d)
Start importing Assets/Packages/Pixel Adventure 1/Assets/Main Characters/Virtual Guy/Idle (32x32).png using Guid(40de9a8703e2e5a47882b0b86451c741) Importer(2089858483,b0f066a214c2f5e87bad3c948f4d605d) (ScriptedImporter) -> (Import Result ID: '09e43574aca1a7bad5125eb8c39fc0e5') in 0.0577674 seconds [static and dynamic dependencies]. Details - ImportResultOutputID=0cfc2e79cab23d5e36d5cdb7dff04a70 DependenciesID=aa9928c05e7af9625b5b49b2902564f6 StaticDependenciesID=13af75edb5c38ca44c453763d6a9e7eb 
Number of updated asset objects reloaded before import = 0Number of asset objects unloaded after import = 13

========================================================================
Received Import Request.
  Time since last request: 0.000021 seconds.
  path: Assets/Packages/Pixel Adventure 1/Assets/Main Characters/Virtual Guy/Fall (32x32).png
  importAddress: Guid(5c8b2ada1a819a54e8c051165c738f18) Importer(2089858483,b0f066a214c2f5e87bad3c948f4d605d)
Start importing Assets/Packages/Pixel Adventure 1/Assets/Main Characters/Virtual Guy/Fall (32x32).png using Guid(5c8b2ada1a819a54e8c051165c738f18) Importer(2089858483,b0f066a214c2f5e87bad3c948f4d605d) (ScriptedImporter) -> (Import Result ID: 'f51b9523f754e3e1f8e26ea604d60729') in 0.0742107 seconds [static and dynamic dependencies]. Details - ImportResultOutputID=684cc82bf8432b960d69c20d411f2112 DependenciesID=30845fde95766c76a4a2cf6a56ff6357 StaticDependenciesID=52d8225040737a3a355685fb6f2066a1 
Number of updated asset objects reloaded before import = 0Number of asset objects unloaded after import = 3

========================================================================
Received Import Request.
  Time since last request: 0.000031 seconds.
  path: Assets/Packages/Pixel Adventure 1/Assets/Main Characters/Virtual Guy/Jump (32x32).png
  importAddress: Guid(320f4eb52e227b446830a1f6fd691fca) Importer(2089858483,b0f066a214c2f5e87bad3c948f4d605d)
Start importing Assets/Packages/Pixel Adventure 1/Assets/Main Characters/Virtual Guy/Jump (32x32).png using Guid(320f4eb52e227b446830a1f6fd691fca) Importer(2089858483,b0f066a214c2f5e87bad3c948f4d605d) (ScriptedImporter) -> (Import Result ID: 'f7dc81706222f33699219150e07a9661') in 0.040548 seconds [static and dynamic dependencies]. Details - ImportResultOutputID=1529a60cfe463a67908bd483e4f0c207 DependenciesID=58708bd4a610200a09d20744afbff76c StaticDependenciesID=96162224c889f9b6fe7a63ed738ce8bd 
Number of updated asset objects reloaded before import = 0Number of asset objects unloaded after import = 3

========================================================================
Received Import Request.
  Time since last request: 0.000018 seconds.
  path: Assets/Packages/Pixel Adventure 1/Assets/Main Characters/Virtual Guy/Double Jump (32x32).png
  importAddress: Guid(62a315a8619ac644f899c29e008115c0) Importer(2089858483,b0f066a214c2f5e87bad3c948f4d605d)
Start importing Assets/Packages/Pixel Adventure 1/Assets/Main Characters/Virtual Guy/Double Jump (32x32).png using Guid(62a315a8619ac644f899c29e008115c0) Importer(2089858483,b0f066a214c2f5e87bad3c948f4d605d) (ScriptedImporter) -> (Import Result ID: '73ac9fd53c4e9f70f98f844725a5d989') in 0.0498818 seconds [static and dynamic dependencies]. Details - ImportResultOutputID=1d29b4a4bc2d962bec22f7201f486caf DependenciesID=7a03a8aaf8781102a42331743f6e5f52 StaticDependenciesID=f80d36c25200cdb5affb448a996e1b8c 
Number of updated asset objects reloaded before import = 0Number of asset objects unloaded after import = 8

========================================================================
Received Import Request.
  Time since last request: 0.000024 seconds.
  path: Assets/Packages/Pixel Adventure 1/Assets/Traps/Arrow/Idle (18x18).png
  importAddress: Guid(f42176bbc0b84b54e83c161abc6eb071) Importer(2089858483,b0f066a214c2f5e87bad3c948f4d605d)
Start importing Assets/Packages/Pixel Adventure 1/Assets/Traps/Arrow/Idle (18x18).png using Guid(f42176bbc0b84b54e83c161abc6eb071) Importer(2089858483,b0f066a214c2f5e87bad3c948f4d605d) (ScriptedImporter) -> (Import Result ID: 'ddaaa239c083a22b0d5b7d9eb088db31') in 0.0540388 seconds [static and dynamic dependencies]. Details - ImportResultOutputID=3a86b9b4b03d1fb86650ff9603cfd813 DependenciesID=08b46797bdae47b3288ad1955073cd18 StaticDependenciesID=aa00b00225849d34a92ca854d76db106 
Number of updated asset objects reloaded before import = 0Number of asset objects unloaded after import = 12

========================================================================
Received Import Request.
  Time since last request: 0.000029 seconds.
  path: Assets/Packages/Pixel Adventure 1/Assets/Traps/Arrow/Hit (18x18).png
  importAddress: Guid(fc834c17a763e0141b0fec5d598e279b) Importer(2089858483,b0f066a214c2f5e87bad3c948f4d605d)
Start importing Assets/Packages/Pixel Adventure 1/Assets/Traps/Arrow/Hit (18x18).png using Guid(fc834c17a763e0141b0fec5d598e279b) Importer(2089858483,b0f066a214c2f5e87bad3c948f4d605d) (ScriptedImporter) -> (Import Result ID: '2fa38174bacc3abac78200b0dd0b0a60') in 0.0697747 seconds [static and dynamic dependencies]. Details - ImportResultOutputID=8b1a1ac79c9a910f17118193e7255efa DependenciesID=86112d423efd3fd4d9fb7ed07e8fe61f StaticDependenciesID=b2cb35b225ed2079bc1df8a079590fca 
Number of updated asset objects reloaded before import = 0Number of asset objects unloaded after import = 6

========================================================================
Received Import Request.
  Time since last request: 0.000032 seconds.
  path: Assets/Packages/Pixel Adventure 1/Assets/Traps/Blocks/HitSide (22x22).png
  importAddress: Guid(a93caedcaa299f14e978454757f38077) Importer(2089858483,b0f066a214c2f5e87bad3c948f4d605d)
Start importing Assets/Packages/Pixel Adventure 1/Assets/Traps/Blocks/HitSide (22x22).png using Guid(a93caedcaa299f14e978454757f38077) Importer(2089858483,b0f066a214c2f5e87bad3c948f4d605d) (ScriptedImporter) -> (Import Result ID: '0c450a8c913fd86b921db5a6a6bcb5b0') in 0.0581987 seconds [static and dynamic dependencies]. Details - ImportResultOutputID=32f5b94e60ff997f4e6e1e0092ae90d6 DependenciesID=bb46e2b60f11c4c899d3e4353ba30b3c StaticDependenciesID=03e5ddaf1bc76e279c9d199576006477 
Number of updated asset objects reloaded before import = 0Number of asset objects unloaded after import = 5

========================================================================
Received Import Request.
  Time since last request: 0.000026 seconds.
  path: Assets/Packages/Pixel Adventure 1/Assets/Traps/Blocks/Part 1 (22x22).png
  importAddress: Guid(09f4b8f50dab5b34495ea64fc80b3047) Importer(2089858483,b0f066a214c2f5e87bad3c948f4d605d)
Start importing Assets/Packages/Pixel Adventure 1/Assets/Traps/Blocks/Part 1 (22x22).png using Guid(09f4b8f50dab5b34495ea64fc80b3047) Importer(2089858483,b0f066a214c2f5e87bad3c948f4d605d) (ScriptedImporter) -> (Import Result ID: '20834ceb524db6ab0d95ac79cc66bf1c') in 0.0482037 seconds [static and dynamic dependencies]. Details - ImportResultOutputID=d5747b0987e2a604bd564ffb90d38e47 DependenciesID=e8c7ca3da2797befd2819e6b287ad2e6 StaticDependenciesID=0cf93eb21aa0e37a8befef0c10b53525 
Number of updated asset objects reloaded before import = 0Number of asset objects unloaded after import = 5

========================================================================
Received Import Request.
  Time since last request: 0.000028 seconds.
  path: Assets/Packages/Pixel Adventure 1/Assets/Main Characters/Virtual Guy/Run (32x32).png
  importAddress: Guid(552146dbb8bac6f449493bca4b69540f) Importer(2089858483,b0f066a214c2f5e87bad3c948f4d605d)
Start importing Assets/Packages/Pixel Adventure 1/Assets/Main Characters/Virtual Guy/Run (32x32).png using Guid(552146dbb8bac6f449493bca4b69540f) Importer(2089858483,b0f066a214c2f5e87bad3c948f4d605d) (ScriptedImporter) -> (Import Result ID: 'c55da4b6f0a9ad0dbbcee0fd11e8a9ba') in 0.059272 seconds [static and dynamic dependencies]. Details - ImportResultOutputID=59ecf3e2c710fe6ac6083326308f40ce DependenciesID=cd64f97abb4c0e2927f54007de41d8fc StaticDependenciesID=60f8550adffeb5f85f9539276b0411cb 
Number of updated asset objects reloaded before import = 0Number of asset objects unloaded after import = 14

========================================================================
Received Import Request.
  Time since last request: 0.000018 seconds.
  path: Assets/Packages/Pixel Adventure 1/Assets/Traps/Blocks/Idle.png
  importAddress: Guid(8d9b0e740a31fbf448f91aaf8ea38ff8) Importer(2089858483,b0f066a214c2f5e87bad3c948f4d605d)
Start importing Assets/Packages/Pixel Adventure 1/Assets/Traps/Blocks/Idle.png using Guid(8d9b0e740a31fbf448f91aaf8ea38ff8) Importer(2089858483,b0f066a214c2f5e87bad3c948f4d605d) (ScriptedImporter) -> (Import Result ID: 'cef8f18b399c908709a5ad6c7140aea5') in 0.0581469 seconds [static and dynamic dependencies]. Details - ImportResultOutputID=edbfcb31cf8faee18fb5d7224c37a144 DependenciesID=e98a83a652688a985959ac31dfdb8a36 StaticDependenciesID=2074f8949c392d745e176eef95ec344a 
Number of updated asset objects reloaded before import = 0Number of asset objects unloaded after import = 3

========================================================================
Received Import Request.
  Time since last request: 0.000021 seconds.
  path: Assets/Packages/Pixel Adventure 1/Assets/Main Characters/Virtual Guy/Wall Jump (32x32).png
  importAddress: Guid(5a448cc07b6e09343924bf933b0cb70e) Importer(2089858483,b0f066a214c2f5e87bad3c948f4d605d)
Start importing Assets/Packages/Pixel Adventure 1/Assets/Main Characters/Virtual Guy/Wall Jump (32x32).png using Guid(5a448cc07b6e09343924bf933b0cb70e) Importer(2089858483,b0f066a214c2f5e87bad3c948f4d605d) (ScriptedImporter) -> (Import Result ID: 'c04f72a09c14edf5ba901c1fcccafc46') in 0.0468989 seconds [static and dynamic dependencies]. Details - ImportResultOutputID=3c0ffc37aae93331e3e147da2279d468 DependenciesID=6a0dfafa224c408ee3bccf8a5ad358fa StaticDependenciesID=78f3b6664009a7fceda5732ce642b378 
Number of updated asset objects reloaded before import = 0Number of asset objects unloaded after import = 7

========================================================================
Received Import Request.
  Time since last request: 0.000054 seconds.
  path: Assets/Packages/Pixel Adventure 1/Assets/Traps/Blocks/Part 2 (22x22).png
  importAddress: Guid(445c6df91e50ef74eb2589883bcc07d1) Importer(2089858483,b0f066a214c2f5e87bad3c948f4d605d)
Start importing Assets/Packages/Pixel Adventure 1/Assets/Traps/Blocks/Part 2 (22x22).png using Guid(445c6df91e50ef74eb2589883bcc07d1) Importer(2089858483,b0f066a214c2f5e87bad3c948f4d605d) (ScriptedImporter) -> (Import Result ID: '94d3f5d8be56a642afbf24f3b403dfd3') in 0.0447464 seconds [static and dynamic dependencies]. Details - ImportResultOutputID=81b2ca57855c99155f6f1d59beecb451 DependenciesID=3834cb4d88ee573f913b6c772c7b9117 StaticDependenciesID=c90a08210131e85c4631ec9dcb86f684 
Number of updated asset objects reloaded before import = 0Number of asset objects unloaded after import = 5

========================================================================
Received Import Request.
  Time since last request: 0.000036 seconds.
  path: Assets/Packages/Pixel Adventure 1/Assets/Traps/Falling Platforms/On (32x10).png
  importAddress: Guid(a8be9d80391091641bb9404b3f4dd067) Importer(2089858483,b0f066a214c2f5e87bad3c948f4d605d)
Start importing Assets/Packages/Pixel Adventure 1/Assets/Traps/Falling Platforms/On (32x10).png using Guid(a8be9d80391091641bb9404b3f4dd067) Importer(2089858483,b0f066a214c2f5e87bad3c948f4d605d) (ScriptedImporter) -> (Import Result ID: '789d8d0181a1c8c2f13f81fdbd0776b7') in 0.0420408 seconds [static and dynamic dependencies]. Details - ImportResultOutputID=b06e70ed676d9670a884adb340f4bd96 DependenciesID=60136713bea4b2332b4347e85c9b44a5 StaticDependenciesID=a21d24b01a2ef97b1f64e4feb097e681 
Number of updated asset objects reloaded before import = 0Number of asset objects unloaded after import = 6

========================================================================
Received Import Request.
  Time since last request: 0.000025 seconds.
  path: Assets/Packages/Pixel Adventure 1/Assets/Traps/Fan/Off.png
  importAddress: Guid(1f268b33cadc6104287b8111b824e1e8) Importer(2089858483,b0f066a214c2f5e87bad3c948f4d605d)
Start importing Assets/Packages/Pixel Adventure 1/Assets/Traps/Fan/Off.png using Guid(1f268b33cadc6104287b8111b824e1e8) Importer(2089858483,b0f066a214c2f5e87bad3c948f4d605d) (ScriptedImporter) -> (Import Result ID: '44e81a520ca022fc77a33ec9596fdf54') in 0.0415143 seconds [static and dynamic dependencies]. Details - ImportResultOutputID=6d9273ee3fdcedf60fb232073832f9b1 DependenciesID=95af2bc055f523035cf026fa3d4d0cfe StaticDependenciesID=b31d7f6f0769740a457999408416b6dc 
Number of updated asset objects reloaded before import = 0Number of asset objects unloaded after import = 3

========================================================================
Received Import Request.
  Time since last request: 0.000036 seconds.
  path: Assets/Packages/Pixel Adventure 1/Assets/Traps/Falling Platforms/Off.png
  importAddress: Guid(99329b87c11d1ee4f8d328e269a7073b) Importer(2089858483,b0f066a214c2f5e87bad3c948f4d605d)
Start importing Assets/Packages/Pixel Adventure 1/Assets/Traps/Falling Platforms/Off.png using Guid(99329b87c11d1ee4f8d328e269a7073b) Importer(2089858483,b0f066a214c2f5e87bad3c948f4d605d) (ScriptedImporter) -> (Import Result ID: 'd867bf958598a00fe9fbadacdfb3a8c5') in 0.061483 seconds [static and dynamic dependencies]. Details - ImportResultOutputID=e81cecf6be2cb2a3a91721c43ebbc489 DependenciesID=7d0a81d1010aa4435de3ef27bd67ba91 StaticDependenciesID=a118c59639e9af53b587f600af83f106 
Number of updated asset objects reloaded before import = 0Number of asset objects unloaded after import = 3

========================================================================
Received Import Request.
  Time since last request: 0.000019 seconds.
  path: Assets/Packages/Pixel Adventure 1/Assets/Traps/Fan/On (24x8).png
  importAddress: Guid(7c645aea6faf2564aa5917bd4ca765ea) Importer(2089858483,b0f066a214c2f5e87bad3c948f4d605d)
Start importing Assets/Packages/Pixel Adventure 1/Assets/Traps/Fan/On (24x8).png using Guid(7c645aea6faf2564aa5917bd4ca765ea) Importer(2089858483,b0f066a214c2f5e87bad3c948f4d605d) (ScriptedImporter) -> (Import Result ID: '6c1a7e245ad739c5a8cac7f198514c7c') in 0.0437072 seconds [static and dynamic dependencies]. Details - ImportResultOutputID=11dfd09aec058a8f31c74c5a29d1d0c9 DependenciesID=f28d961ff3ddccbe48012e24ff93f169 StaticDependenciesID=7cebe5c9211a27305d7273b96367e18c 
Number of updated asset objects reloaded before import = 0Number of asset objects unloaded after import = 6

========================================================================
Received Import Request.
  Time since last request: 0.000512 seconds.
  path: Assets/Packages/Pixel Adventure 1/Assets/Traps/Fire/Off.png
  importAddress: Guid(84b0d89aa2c8bfb4c8c1d378fa972fbd) Importer(2089858483,b0f066a214c2f5e87bad3c948f4d605d)
Start importing Assets/Packages/Pixel Adventure 1/Assets/Traps/Fire/Off.png using Guid(84b0d89aa2c8bfb4c8c1d378fa972fbd) Importer(2089858483,b0f066a214c2f5e87bad3c948f4d605d) (ScriptedImporter) -> (Import Result ID: '1bf263b9b57f4a572b46573cf5e6a775') in 0.0705185 seconds [static and dynamic dependencies]. Details - ImportResultOutputID=e9b4f6adc4076e2dc2ab6133d3c5b8b5 DependenciesID=fbde15b1d52ab62866d26e681712998d StaticDependenciesID=0c58b9219c70776c645b55e6baeded02 
Number of updated asset objects reloaded before import = 0Number of asset objects unloaded after import = 3

========================================================================
Received Import Request.
  Time since last request: 0.000029 seconds.
  path: Assets/Packages/Pixel Adventure 1/Assets/Traps/Fire/On (16x32).png
  importAddress: Guid(3c112a44cc7dc7a468f4d132c2e7611c) Importer(2089858483,b0f066a214c2f5e87bad3c948f4d605d)
Start importing Assets/Packages/Pixel Adventure 1/Assets/Traps/Fire/On (16x32).png using Guid(3c112a44cc7dc7a468f4d132c2e7611c) Importer(2089858483,b0f066a214c2f5e87bad3c948f4d605d) (ScriptedImporter) -> (Import Result ID: 'b26b37ee3f0a0282f594c168185ff5b7') in 0.0489136 seconds [static and dynamic dependencies]. Details - ImportResultOutputID=d7c3a2da9e62a893fb40eff8b6fa4660 DependenciesID=6ed359b737b8ac1eb9e1e5f7e1f0feac StaticDependenciesID=18d9742c70ec15dfe5c9b0a3a47a4cfb 
Number of updated asset objects reloaded before import = 0Number of asset objects unloaded after import = 5

========================================================================
Received Import Request.
  Time since last request: 0.000036 seconds.
  path: Assets/Packages/Pixel Adventure 1/Assets/Traps/Fire/Hit (16x32).png
  importAddress: Guid(573c22279c1eb734696548dfba41d021) Importer(2089858483,b0f066a214c2f5e87bad3c948f4d605d)
Start importing Assets/Packages/Pixel Adventure 1/Assets/Traps/Fire/Hit (16x32).png using Guid(573c22279c1eb734696548dfba41d021) Importer(2089858483,b0f066a214c2f5e87bad3c948f4d605d) (ScriptedImporter) -> (Import Result ID: '01bcbfd98f6683b4e3b2f4ac261aaa48') in 0.0902887 seconds [static and dynamic dependencies]. Details - ImportResultOutputID=fe1ed8af3bfacd0941aa1bf4f02ea6a5 DependenciesID=e5e38a09122345038f0470294581eebf StaticDependenciesID=6862abc8065a1e6d508b5b19a87724fe 
Number of updated asset objects reloaded before import = 0Number of asset objects unloaded after import = 6

========================================================================
Received Import Request.
  Time since last request: 0.000020 seconds.
  path: Assets/Packages/Pixel Adventure 1/Assets/Traps/Platforms/Brown Off.png
  importAddress: Guid(2cebb83e3d9b5b247be3eb722143beb7) Importer(2089858483,b0f066a214c2f5e87bad3c948f4d605d)
Start importing Assets/Packages/Pixel Adventure 1/Assets/Traps/Platforms/Brown Off.png using Guid(2cebb83e3d9b5b247be3eb722143beb7) Importer(2089858483,b0f066a214c2f5e87bad3c948f4d605d) (ScriptedImporter) -> (Import Result ID: '61829b326a0ccca185c053dd8134f50e') in 0.0481799 seconds [static and dynamic dependencies]. Details - ImportResultOutputID=d97dbdc280c2c0d1b9786826b5737671 DependenciesID=bed653b0e80d5ded79287cd0ed76b9ed StaticDependenciesID=9590380cd61a4c1a06f797aa3aa71df4 
Number of updated asset objects reloaded before import = 0Number of asset objects unloaded after import = 3

========================================================================
Received Import Request.
  Time since last request: 0.000028 seconds.
  path: Assets/Packages/Pixel Adventure 1/Assets/Traps/Platforms/Grey Off.png
  importAddress: Guid(19602dbd991e72f4c8df688afa341f3d) Importer(2089858483,b0f066a214c2f5e87bad3c948f4d605d)
Start importing Assets/Packages/Pixel Adventure 1/Assets/Traps/Platforms/Grey Off.png using Guid(19602dbd991e72f4c8df688afa341f3d) Importer(2089858483,b0f066a214c2f5e87bad3c948f4d605d) (ScriptedImporter) -> (Import Result ID: '8dabddf5ca0436a76df161253cebcf4d') in 0.0418822 seconds [static and dynamic dependencies]. Details - ImportResultOutputID=ad5353745ae21477879f28d7effa82fa DependenciesID=5ffdaeea4b7ec38d1315710ae3f33c79 StaticDependenciesID=5a2d74a70544d44877b2d95ffb7748f0 
Number of updated asset objects reloaded before import = 0Number of asset objects unloaded after import = 3

========================================================================
Received Import Request.
  Time since last request: 0.000019 seconds.
  path: Assets/Packages/Pixel Adventure 1/Assets/Traps/Platforms/Brown On (32x8).png
  importAddress: Guid(e242b62e7e6caee439fa1d024a8fa5bb) Importer(2089858483,b0f066a214c2f5e87bad3c948f4d605d)
Start importing Assets/Packages/Pixel Adventure 1/Assets/Traps/Platforms/Brown On (32x8).png using Guid(e242b62e7e6caee439fa1d024a8fa5bb) Importer(2089858483,b0f066a214c2f5e87bad3c948f4d605d) (ScriptedImporter) -> (Import Result ID: 'd830d24bc16a06ecfcb9ccfb3d98d90b') in 0.0463885 seconds [static and dynamic dependencies]. Details - ImportResultOutputID=7439c399514a811f12c9dbf0ecb13b5c DependenciesID=24b39c6a348e460e075332c92c32220d StaticDependenciesID=b02bc1982b45c6d6a52dc848cf1bec8c 
Number of updated asset objects reloaded before import = 0Number of asset objects unloaded after import = 10

========================================================================
Received Import Request.
  Time since last request: 0.000019 seconds.
  path: Assets/Packages/Pixel Adventure 1/Assets/Traps/Blocks/HitTop (22x22).png
  importAddress: Guid(cf4eb9361d321834693bc5dcefbb5c4f) Importer(2089858483,b0f066a214c2f5e87bad3c948f4d605d)
Start importing Assets/Packages/Pixel Adventure 1/Assets/Traps/Blocks/HitTop (22x22).png using Guid(cf4eb9361d321834693bc5dcefbb5c4f) Importer(2089858483,b0f066a214c2f5e87bad3c948f4d605d) (ScriptedImporter) -> (Import Result ID: '1d964615afc445fa89ccb70c3324d82e') in 0.0365523 seconds [static and dynamic dependencies]. Details - ImportResultOutputID=9a20dcb3760fcaf4f6fb727a7acb5ed1 DependenciesID=ebf6f384890185a16610dc3c3ae28fb5 StaticDependenciesID=caadcf260b789824dbd58d14d6e8b8cf 
Number of updated asset objects reloaded before import = 0Number of asset objects unloaded after import = 5

========================================================================
Received Import Request.
  Time since last request: 0.000037 seconds.
  path: Assets/Packages/Pixel Adventure 1/Assets/Traps/Rock Head/Idle.png
  importAddress: Guid(282fa6659f7eabb4f88d7cd347ae7723) Importer(2089858483,b0f066a214c2f5e87bad3c948f4d605d)
Start importing Assets/Packages/Pixel Adventure 1/Assets/Traps/Rock Head/Idle.png using Guid(282fa6659f7eabb4f88d7cd347ae7723) Importer(2089858483,b0f066a214c2f5e87bad3c948f4d605d) (ScriptedImporter) -> (Import Result ID: 'de82be4c3607d5d403292eb4fad0b33e') in 0.0317204 seconds [static and dynamic dependencies]. Details - ImportResultOutputID=61dd72e7d73c515afc472d90ee52bf38 DependenciesID=002ee9796e781ca99fd653880a06bc82 StaticDependenciesID=fd378076632c5e81dd8f4e1935209fba 
Number of updated asset objects reloaded before import = 0Number of asset objects unloaded after import = 3

========================================================================
Received Import Request.
  Time since last request: 0.000019 seconds.
  path: Assets/Packages/Pixel Adventure 1/Assets/Traps/Platforms/Grey On (32x8).png
  importAddress: Guid(7e73d0165dccc3745b6d9f293e19161c) Importer(2089858483,b0f066a214c2f5e87bad3c948f4d605d)
Start importing Assets/Packages/Pixel Adventure 1/Assets/Traps/Platforms/Grey On (32x8).png using Guid(7e73d0165dccc3745b6d9f293e19161c) Importer(2089858483,b0f066a214c2f5e87bad3c948f4d605d) (ScriptedImporter) -> (Import Result ID: 'c459fdbcab099cab26f99dc23576718c') in 0.0428382 seconds [static and dynamic dependencies]. Details - ImportResultOutputID=4c61d40d7b7d8bde7295394bc072d4d5 DependenciesID=5204175872e04594d97db8af98141d49 StaticDependenciesID=2d83e6b9813df61a735208e6a1ebdd04 
Number of updated asset objects reloaded before import = 0Number of asset objects unloaded after import = 10

========================================================================
Received Import Request.
  Time since last request: 0.000027 seconds.
  path: Assets/Packages/Pixel Adventure 1/Assets/Traps/Rock Head/Bottom Hit (42x42).png
  importAddress: Guid(90f53065140625242aaa6c9e55fcf2f3) Importer(2089858483,b0f066a214c2f5e87bad3c948f4d605d)
Start importing Assets/Packages/Pixel Adventure 1/Assets/Traps/Rock Head/Bottom Hit (42x42).png using Guid(90f53065140625242aaa6c9e55fcf2f3) Importer(2089858483,b0f066a214c2f5e87bad3c948f4d605d) (ScriptedImporter) -> (Import Result ID: '61155d09743ebb910174037cc14eb880') in 0.0426458 seconds [static and dynamic dependencies]. Details - ImportResultOutputID=5ef057dfe9f6bfb4ef1c3095cc2df51d DependenciesID=7d9cc52096e4c388cc85e4dedd5407bd StaticDependenciesID=14add2912e710bfa0df8acdc3f525453 
Number of updated asset objects reloaded before import = 0Number of asset objects unloaded after import = 6

========================================================================
Received Import Request.
  Time since last request: 0.000029 seconds.
  path: Assets/Packages/Pixel Adventure 1/Assets/Traps/Rock Head/Blink (42x42).png
  importAddress: Guid(e3e6b3d6c57dc7b488e7d1e8be902988) Importer(2089858483,b0f066a214c2f5e87bad3c948f4d605d)
Start importing Assets/Packages/Pixel Adventure 1/Assets/Traps/Rock Head/Blink (42x42).png using Guid(e3e6b3d6c57dc7b488e7d1e8be902988) Importer(2089858483,b0f066a214c2f5e87bad3c948f4d605d) (ScriptedImporter) -> (Import Result ID: '4cbf610678752d08c3e988d77c769417') in 0.0302903 seconds [static and dynamic dependencies]. Details - ImportResultOutputID=3f4d8f73e80dcd1affcde8981379ca7f DependenciesID=15c2a2de2a4970b4caf61467b09fbb5b StaticDependenciesID=2c005ccddf067ef2ffd725586f23177b 
Number of updated asset objects reloaded before import = 0Number of asset objects unloaded after import = 6

========================================================================
Received Import Request.
  Time since last request: 0.000019 seconds.
  path: Assets/Packages/Pixel Adventure 1/Assets/Traps/Sand Mud Ice/Ice Particle.png
  importAddress: Guid(48b959756f0ed25489c149ed932257c2) Importer(2089858483,b0f066a214c2f5e87bad3c948f4d605d)
Start importing Assets/Packages/Pixel Adventure 1/Assets/Traps/Sand Mud Ice/Ice Particle.png using Guid(48b959756f0ed25489c149ed932257c2) Importer(2089858483,b0f066a214c2f5e87bad3c948f4d605d) (ScriptedImporter) -> (Import Result ID: 'c7ae7663cdcac1b476566c7deb7d281f') in 0.0246413 seconds [static and dynamic dependencies]. Details - ImportResultOutputID=481aa68e7a313d23af19df256bdff24f DependenciesID=2ec4b2ad4302619b47fa0511f534b95c StaticDependenciesID=9eef1f54e7818766197dc544cfa21e59 
Number of updated asset objects reloaded before import = 0Number of asset objects unloaded after import = 3

========================================================================
Received Import Request.
  Time since last request: 0.000018 seconds.
  path: Assets/Packages/Pixel Adventure 1/Assets/Traps/Rock Head/Right Hit (42x42).png
  importAddress: Guid(337dc14b4c251b345bc534a6e8df01db) Importer(2089858483,b0f066a214c2f5e87bad3c948f4d605d)
Start importing Assets/Packages/Pixel Adventure 1/Assets/Traps/Rock Head/Right Hit (42x42).png using Guid(337dc14b4c251b345bc534a6e8df01db) Importer(2089858483,b0f066a214c2f5e87bad3c948f4d605d) (ScriptedImporter) -> (Import Result ID: '56a43f06df40b9f04e9ae0f4ca05834b') in 0.0405657 seconds [static and dynamic dependencies]. Details - ImportResultOutputID=47b7d8bcb6371d615bdfc34b3206bdc7 DependenciesID=dd426e5db478f27b92dc6fe2188eb2a9 StaticDependenciesID=dd6bf8ecc4b7473b51ddbdb1b166e425 
Number of updated asset objects reloaded before import = 0Number of asset objects unloaded after import = 6

========================================================================
Received Import Request.
  Time since last request: 0.000022 seconds.
  path: Assets/Packages/Pixel Adventure 1/Assets/Traps/Rock Head/Left Hit (42x42).png
  importAddress: Guid(bb8f35504d0d42343b3cdb04faaa9d15) Importer(2089858483,b0f066a214c2f5e87bad3c948f4d605d)
Start importing Assets/Packages/Pixel Adventure 1/Assets/Traps/Rock Head/Left Hit (42x42).png using Guid(bb8f35504d0d42343b3cdb04faaa9d15) Importer(2089858483,b0f066a214c2f5e87bad3c948f4d605d) (ScriptedImporter) -> (Import Result ID: 'd0980e9d0fbc8a919791dcc79345bfb7') in 0.038243 seconds [static and dynamic dependencies]. Details - ImportResultOutputID=b95519267a7fa5e83b5d787f51adb02f DependenciesID=51efa69651c3bd9bf212d07b6975eef6 StaticDependenciesID=4be6d9f1762e57ba0c823b572b1be8c2 
Number of updated asset objects reloaded before import = 0Number of asset objects unloaded after import = 6

========================================================================
Received Import Request.
  Time since last request: 0.000040 seconds.
  path: Assets/Packages/Pixel Adventure 1/Assets/Traps/Rock Head/Top Hit (42x42).png
  importAddress: Guid(cbc3de93d8c073148bfa4e9b375fe7f7) Importer(2089858483,b0f066a214c2f5e87bad3c948f4d605d)
Start importing Assets/Packages/Pixel Adventure 1/Assets/Traps/Rock Head/Top Hit (42x42).png using Guid(cbc3de93d8c073148bfa4e9b375fe7f7) Importer(2089858483,b0f066a214c2f5e87bad3c948f4d605d) (ScriptedImporter) -> (Import Result ID: '1983e57f54d5a87aad68fce021d6233c') in 0.0293106 seconds [static and dynamic dependencies]. Details - ImportResultOutputID=a272418e5ea8e7f57b75d9361e604bd6 DependenciesID=e14d5b30f9be5f4b841531f6c4db36df StaticDependenciesID=e917f40098e335379a6f87a157ae2aea 
Number of updated asset objects reloaded before import = 0Number of asset objects unloaded after import = 6

========================================================================
Received Import Request.
  Time since last request: 0.000017 seconds.
  path: Assets/Packages/Pixel Adventure 1/Assets/Traps/Platforms/Chain.png
  importAddress: Guid(d9c5a449db91d51488798b761c22fb97) Importer(2089858483,b0f066a214c2f5e87bad3c948f4d605d)
Start importing Assets/Packages/Pixel Adventure 1/Assets/Traps/Platforms/Chain.png using Guid(d9c5a449db91d51488798b761c22fb97) Importer(2089858483,b0f066a214c2f5e87bad3c948f4d605d) (ScriptedImporter) -> (Import Result ID: 'c4ad8ac738970d999e60041d3bbf33c8') in 0.0349347 seconds [static and dynamic dependencies]. Details - ImportResultOutputID=852c6286c50319b202f01b6a5c09ec18 DependenciesID=51214ca443bb78fa8af738dad24f9eca StaticDependenciesID=615b852ca5fee99dca1d8cff94102a4a 
Number of updated asset objects reloaded before import = 0Number of asset objects unloaded after import = 3

========================================================================
Received Import Request.
  Time since last request: 0.000018 seconds.
  path: Assets/Packages/Pixel Adventure 1/Assets/Traps/Saw/Chain.png
  importAddress: Guid(c67ce4f5bcebc8943a10698b6614f86f) Importer(2089858483,b0f066a214c2f5e87bad3c948f4d605d)
Start importing Assets/Packages/Pixel Adventure 1/Assets/Traps/Saw/Chain.png using Guid(c67ce4f5bcebc8943a10698b6614f86f) Importer(2089858483,b0f066a214c2f5e87bad3c948f4d605d) (ScriptedImporter) -> (Import Result ID: 'afec30b66d0cffde51c6d6a417939015') in 0.035527 seconds [static and dynamic dependencies]. Details - ImportResultOutputID=cfcb949bfbdda3cef348d1502f10f0c1 DependenciesID=734cf6ad1728fabd9a92bfeb37011f04 StaticDependenciesID=332c0a68952a296c133b0e3c06d8950a 
Number of updated asset objects reloaded before import = 0Number of asset objects unloaded after import = 3

========================================================================
Received Import Request.
  Time since last request: 0.000024 seconds.
  path: Assets/Packages/Pixel Adventure 1/Assets/Traps/Sand Mud Ice/Sand Mud Ice (16x6) 1.png
  importAddress: Guid(6efdcf6020a7a0d41b45257fc2593b74) Importer(2089858483,b0f066a214c2f5e87bad3c948f4d605d)
Start importing Assets/Packages/Pixel Adventure 1/Assets/Traps/Sand Mud Ice/Sand Mud Ice (16x6) 1.png using Guid(6efdcf6020a7a0d41b45257fc2593b74) Importer(2089858483,b0f066a214c2f5e87bad3c948f4d605d) (ScriptedImporter) -> (Import Result ID: 'fac52040a849423430dc9772a7b44899') in 0.1852444 seconds [static and dynamic dependencies]. Details - ImportResultOutputID=cf9f60b73d95e5693a3066e7086d8442 DependenciesID=ddd934b946e904e5319b8ff4750e61a6 StaticDependenciesID=42ec71e4a5b77b9ab78491b923319076 
Number of updated asset objects reloaded before import = 0Number of asset objects unloaded after import = 3

========================================================================
Received Import Request.
  Time since last request: 0.000029 seconds.
  path: Assets/Packages/Pixel Adventure 1/Assets/Traps/Sand Mud Ice/Sand Mud Ice Sliced (16x6).png
  importAddress: Guid(d436f9306d1867c44b4d0c5c013fcb7e) Importer(2089858483,b0f066a214c2f5e87bad3c948f4d605d)
Start importing Assets/Packages/Pixel Adventure 1/Assets/Traps/Sand Mud Ice/Sand Mud Ice Sliced (16x6).png using Guid(d436f9306d1867c44b4d0c5c013fcb7e) Importer(2089858483,b0f066a214c2f5e87bad3c948f4d605d) (ScriptedImporter) -> (Import Result ID: 'ddf3f66abbf0e2a832f61cf0d5bb449b') in 0.2758219 seconds [static and dynamic dependencies]. Details - ImportResultOutputID=d40180b73a2e2788df788601e930d224 DependenciesID=f2c63f537bce95113422389f8707d27e StaticDependenciesID=8925474ae26e23599059b7967e562a96 
Number of updated asset objects reloaded before import = 0Number of asset objects unloaded after import = 41

========================================================================
Received Import Request.
  Time since last request: 0.000030 seconds.
  path: Assets/Packages/Pixel Adventure 1/Assets/Traps/Saw/Off.png
  importAddress: Guid(ca5ce7f3f3ac3bb499d37119b1867d7e) Importer(2089858483,b0f066a214c2f5e87bad3c948f4d605d)
Start importing Assets/Packages/Pixel Adventure 1/Assets/Traps/Saw/Off.png using Guid(ca5ce7f3f3ac3bb499d37119b1867d7e) Importer(2089858483,b0f066a214c2f5e87bad3c948f4d605d) (ScriptedImporter) -> (Import Result ID: 'd0d67d14fe2d08abf819980342f2580d') in 0.0383524 seconds [static and dynamic dependencies]. Details - ImportResultOutputID=4b89cd0f84697586999c194179fcea88 DependenciesID=a08aad1a9ad3d7f8a942e1f4fff691a1 StaticDependenciesID=848325dd36d17718d853e46ad1b4aea0 
Number of updated asset objects reloaded before import = 0Number of asset objects unloaded after import = 3

========================================================================
Received Import Request.
  Time since last request: 0.000063 seconds.
  path: Assets/Packages/Pixel Adventure 1/Assets/Traps/Saw/On (38x38).png
  importAddress: Guid(c016f0eb0a188a14ab7f86d910097523) Importer(2089858483,b0f066a214c2f5e87bad3c948f4d605d)
Start importing Assets/Packages/Pixel Adventure 1/Assets/Traps/Saw/On (38x38).png using Guid(c016f0eb0a188a14ab7f86d910097523) Importer(2089858483,b0f066a214c2f5e87bad3c948f4d605d) (ScriptedImporter) -> (Import Result ID: 'd5bbcf24d6212ed43194d69d71cd43d8') in 0.0852216 seconds [static and dynamic dependencies]. Details - ImportResultOutputID=37cce1dddfe04cf7bdc5797f34924f92 DependenciesID=181e4b64c1a58177e3ca0800c600cba3 StaticDependenciesID=71c713a0c3536dfb9ea840c74772d3b1 
Number of updated asset objects reloaded before import = 0Number of asset objects unloaded after import = 10

========================================================================
Received Import Request.
  Time since last request: 0.000023 seconds.
  path: Assets/Packages/Pixel Adventure 1/Assets/Traps/Spike Head/Blink (54x52).png
  importAddress: Guid(6ed38972fd0f4024c91aca33394d3cdd) Importer(2089858483,b0f066a214c2f5e87bad3c948f4d605d)
Start importing Assets/Packages/Pixel Adventure 1/Assets/Traps/Spike Head/Blink (54x52).png using Guid(6ed38972fd0f4024c91aca33394d3cdd) Importer(2089858483,b0f066a214c2f5e87bad3c948f4d605d) (ScriptedImporter) -> (Import Result ID: '9d66d0784e1f6b8c92b489b6f96f535c') in 0.0476785 seconds [static and dynamic dependencies]. Details - ImportResultOutputID=cfa07973c85ed69b5dc1d2353bf3bc49 DependenciesID=ce2882ae7a29ee471393e7c69721a584 StaticDependenciesID=6ba657980997de6094e4b2621ec82de8 
Number of updated asset objects reloaded before import = 0Number of asset objects unloaded after import = 6

========================================================================
Received Import Request.
  Time since last request: 0.000023 seconds.
  path: Assets/Packages/Pixel Adventure 1/Assets/Traps/Spike Head/Left Hit (54x52).png
  importAddress: Guid(680c4a3e214ba5b4d984cd56b1d49668) Importer(2089858483,b0f066a214c2f5e87bad3c948f4d605d)
Start importing Assets/Packages/Pixel Adventure 1/Assets/Traps/Spike Head/Left Hit (54x52).png using Guid(680c4a3e214ba5b4d984cd56b1d49668) Importer(2089858483,b0f066a214c2f5e87bad3c948f4d605d) (ScriptedImporter) -> (Import Result ID: '88f93937562dee9d71ff7e57b7e2a751') in 0.0357646 seconds [static and dynamic dependencies]. Details - ImportResultOutputID=cb677717b7c3816831b56be0d572e447 DependenciesID=9cd23b10f1a3fd4f0f2dfabc6ac6dda9 StaticDependenciesID=766887f9e1fed047ac3c8c3e36e342ec 
Number of updated asset objects reloaded before import = 0Number of asset objects unloaded after import = 6

========================================================================
Received Import Request.
  Time since last request: 0.000028 seconds.
  path: Assets/Packages/Pixel Adventure 1/Assets/Traps/Sand Mud Ice/Mud Particle.png
  importAddress: Guid(54d83c3d1e256b340a5d5f928746a5e5) Importer(2089858483,b0f066a214c2f5e87bad3c948f4d605d)
Start importing Assets/Packages/Pixel Adventure 1/Assets/Traps/Sand Mud Ice/Mud Particle.png using Guid(54d83c3d1e256b340a5d5f928746a5e5) Importer(2089858483,b0f066a214c2f5e87bad3c948f4d605d) (ScriptedImporter) -> (Import Result ID: '58425fe59ce8b038687ed36fca259bd0') in 0.0271899 seconds [static and dynamic dependencies]. Details - ImportResultOutputID=608fb43b89912d0316461440b401cb35 DependenciesID=4df81ed0228aaaa6616bca921197dd5e StaticDependenciesID=fb46b866ab6486558f8bf697f2807017 
Number of updated asset objects reloaded before import = 0Number of asset objects unloaded after import = 3

========================================================================
Received Import Request.
  Time since last request: 0.000018 seconds.
  path: Assets/Packages/Pixel Adventure 1/Assets/Traps/Spike Head/Bottom Hit (54x52).png
  importAddress: Guid(d2223d6a7816d474b83187392732daf6) Importer(2089858483,b0f066a214c2f5e87bad3c948f4d605d)
Start importing Assets/Packages/Pixel Adventure 1/Assets/Traps/Spike Head/Bottom Hit (54x52).png using Guid(d2223d6a7816d474b83187392732daf6) Importer(2089858483,b0f066a214c2f5e87bad3c948f4d605d) (ScriptedImporter) -> (Import Result ID: '4b100c0dbaf39df4ad64dc9ade21e5ce') in 0.0443732 seconds [static and dynamic dependencies]. Details - ImportResultOutputID=7002274917d92cc9e6120cc10e238a75 DependenciesID=64f024bdcf7fa148c9874ca16f88eeac StaticDependenciesID=54dbf2e47938f0db941df6205a64ded1 
Number of updated asset objects reloaded before import = 0Number of asset objects unloaded after import = 6

========================================================================
Received Import Request.
  Time since last request: 0.000025 seconds.
  path: Assets/Packages/Pixel Adventure 1/Assets/Traps/Sand Mud Ice/Sand Particle.png
  importAddress: Guid(4f9f5db3daca0a04fba33ee1f463fbed) Importer(2089858483,b0f066a214c2f5e87bad3c948f4d605d)
Start importing Assets/Packages/Pixel Adventure 1/Assets/Traps/Sand Mud Ice/Sand Particle.png using Guid(4f9f5db3daca0a04fba33ee1f463fbed) Importer(2089858483,b0f066a214c2f5e87bad3c948f4d605d) (ScriptedImporter) -> (Import Result ID: 'a393821139f1d49a2fa7497a6349e489') in 0.0399669 seconds [static and dynamic dependencies]. Details - ImportResultOutputID=7ebc212a7f674afe2a703c62940ae097 DependenciesID=5f046843f142a00718c06d3e29b2fe06 StaticDependenciesID=b50d3b977b56b25b70cf940d9b5b2e30 
Number of updated asset objects reloaded before import = 0Number of asset objects unloaded after import = 3

========================================================================
Received Import Request.
  Time since last request: 0.000029 seconds.
  path: Assets/Packages/Pixel Adventure 1/Assets/Traps/Spike Head/Right Hit (54x52).png
  importAddress: Guid(75b1a2f7cb6173c4d826963a35f18512) Importer(2089858483,b0f066a214c2f5e87bad3c948f4d605d)
Start importing Assets/Packages/Pixel Adventure 1/Assets/Traps/Spike Head/Right Hit (54x52).png using Guid(75b1a2f7cb6173c4d826963a35f18512) Importer(2089858483,b0f066a214c2f5e87bad3c948f4d605d) (ScriptedImporter) -> (Import Result ID: '3b647eac80f578e2c062d7c1ff69dd39') in 0.0469499 seconds [static and dynamic dependencies]. Details - ImportResultOutputID=1dfe19589cb23abbbb1524a7b609a3b7 DependenciesID=33711fb1c0f592d2a369ac6d219267e4 StaticDependenciesID=2be7092d4939d2ded37bb5a6a3b1de5e 
Number of updated asset objects reloaded before import = 0Number of asset objects unloaded after import = 6

========================================================================
Received Import Request.
  Time since last request: 0.000018 seconds.
  path: Assets/Packages/Pixel Adventure 1/Assets/Traps/Spike Head/Top Hit (54x52).png
  importAddress: Guid(8123182af98fb8147a7d6e6bf458ba4b) Importer(2089858483,b0f066a214c2f5e87bad3c948f4d605d)
Start importing Assets/Packages/Pixel Adventure 1/Assets/Traps/Spike Head/Top Hit (54x52).png using Guid(8123182af98fb8147a7d6e6bf458ba4b) Importer(2089858483,b0f066a214c2f5e87bad3c948f4d605d) (ScriptedImporter) -> (Import Result ID: 'fa894dd08861904788046f7ce4bd4d60') in 0.0427562 seconds [static and dynamic dependencies]. Details - ImportResultOutputID=58d78aecad071ec653ac2b336e33ba53 DependenciesID=26f20c89c3b320c96822970e4f742d84 StaticDependenciesID=1fc723b47370df44b75ba8bd32561263 
Number of updated asset objects reloaded before import = 0Number of asset objects unloaded after import = 6

========================================================================
Received Import Request.
  Time since last request: 0.000021 seconds.
  path: Assets/Packages/Pixel Adventure 1/Assets/Traps/Spiked Ball/Chain.png
  importAddress: Guid(8baedcc19bcfee347a8aef42935eac87) Importer(2089858483,b0f066a214c2f5e87bad3c948f4d605d)
Start importing Assets/Packages/Pixel Adventure 1/Assets/Traps/Spiked Ball/Chain.png using Guid(8baedcc19bcfee347a8aef42935eac87) Importer(2089858483,b0f066a214c2f5e87bad3c948f4d605d) (ScriptedImporter) -> (Import Result ID: '9bc3027403f42d22c1508ff2a7bcb6f2') in 0.0282239 seconds [static and dynamic dependencies]. Details - ImportResultOutputID=60d1cf7165c36c9743b6c2f98ca3bbaf DependenciesID=936de513401aba0a608f45ffdb5cd40f StaticDependenciesID=55206014948b93145f0b6fee28755425 
Number of updated asset objects reloaded before import = 0Number of asset objects unloaded after import = 3

========================================================================
Received Import Request.
  Time since last request: 0.000029 seconds.
  path: Assets/Packages/Pixel Adventure 1/Assets/Traps/Spiked Ball/Spiked Ball.png
  importAddress: Guid(60e5d93de53da5642a38fce5925c3efa) Importer(2089858483,b0f066a214c2f5e87bad3c948f4d605d)
Start importing Assets/Packages/Pixel Adventure 1/Assets/Traps/Spiked Ball/Spiked Ball.png using Guid(60e5d93de53da5642a38fce5925c3efa) Importer(2089858483,b0f066a214c2f5e87bad3c948f4d605d) (ScriptedImporter) -> (Import Result ID: '19f3005fbdc6553677257521fc389748') in 0.0331914 seconds [static and dynamic dependencies]. Details - ImportResultOutputID=7ad6cb1877fb8a2d3e8d9e87e9738b19 DependenciesID=50f885d6b87cd50912f72a3b6f662741 StaticDependenciesID=7e570c9d7a611d37ffac00080216e8f7 
Number of updated asset objects reloaded before import = 0Number of asset objects unloaded after import = 3

========================================================================
Received Import Request.
  Time since last request: 0.000017 seconds.
  path: Assets/Packages/JMO Assets/Cartoon FX Remaster/CFXR Assets/Graphics/cfxr screen distortion sphere.mat
  importAddress: Guid(a6df8f0b716259a419119383db26d8bf) Importer(2089858483,b0f066a214c2f5e87bad3c948f4d605d)
Start importing Assets/Packages/JMO Assets/Cartoon FX Remaster/CFXR Assets/Graphics/cfxr screen distortion sphere.mat using Guid(a6df8f0b716259a419119383db26d8bf) Importer(2089858483,b0f066a214c2f5e87bad3c948f4d605d) (ScriptedImporter) -> (Import Result ID: 'b671281bfbc57108f4b7f12bcea0b7c9') in 0.0143759 seconds [static and dynamic dependencies]. Details - ImportResultOutputID=c98d08b299caab6243746aaf19a16b7f DependenciesID=a94b2d04756c40d516d9fabe8a79e9b5 StaticDependenciesID=4b6449e4c99e843101776d89b1ac1254 
Number of updated asset objects reloaded before import = 0Number of asset objects unloaded after import = 2

========================================================================
Received Import Request.
  Time since last request: 0.000019 seconds.
  path: Assets/Packages/JMO Assets/Cartoon FX Remaster/CFXR Assets/Graphics/cfxr flamme blur unstable fine hdr ab.mat
  importAddress: Guid(832254a1e17e6d242922c401632ff9cd) Importer(2089858483,b0f066a214c2f5e87bad3c948f4d605d)
Start importing Assets/Packages/JMO Assets/Cartoon FX Remaster/CFXR Assets/Graphics/cfxr flamme blur unstable fine hdr ab.mat using Guid(832254a1e17e6d242922c401632ff9cd) Importer(2089858483,b0f066a214c2f5e87bad3c948f4d605d) (ScriptedImporter) -> (Import Result ID: '507e6cdb080e84cb993d04dad0ef4ac4') in 0.0243741 seconds [static and dynamic dependencies]. Details - ImportResultOutputID=448950650d28fdb0c0e5954c5fae2b59 DependenciesID=31d97c13f938a5260f95289aede0a51e StaticDependenciesID=da8ada91872bbaef61d45b579153b5a9 
Number of updated asset objects reloaded before import = 0Number of asset objects unloaded after import = 3

========================================================================
Received Import Request.
  Time since last request: 0.000021 seconds.
  path: Assets/Packages/JMO Assets/Cartoon FX Remaster/CFXR Prefabs/Sword Trails/Fire/CFXR4 Sword Trail FIRE (360 Thin Spiral).prefab
  importAddress: Guid(b3416c8b2e3c7804b8c061dc4a36fc43) Importer(2089858483,b0f066a214c2f5e87bad3c948f4d605d)
Start importing Assets/Packages/JMO Assets/Cartoon FX Remaster/CFXR Prefabs/Sword Trails/Fire/CFXR4 Sword Trail FIRE (360 Thin Spiral).prefab using Guid(b3416c8b2e3c7804b8c061dc4a36fc43) Importer(2089858483,b0f066a214c2f5e87bad3c948f4d605d) (ScriptedImporter) -> (Import Result ID: '14ef7bb14c8d8f7a66bfe3b316279162') in 0.0542072 seconds [static and dynamic dependencies]. Details - ImportResultOutputID=197c3fa4a21aa197e4a351c80be3a593 DependenciesID=f7f54b2c3049fbbe9341bbf60540955a StaticDependenciesID=8ea034d3966c6131324b8a835949f709 
Number of updated asset objects reloaded before import = 0Number of asset objects unloaded after import = 43

========================================================================
Received Import Request.
  Time since last request: 0.000035 seconds.
  path: Assets/Packages/JMO Assets/Cartoon FX Remaster/CFXR Prefabs/Sword Trails/Fire/CFXR4 Sword Trail FIRE (360 Spiral).prefab
  importAddress: Guid(57a776ff377f3c44e8403e2067a4d41f) Importer(2089858483,b0f066a214c2f5e87bad3c948f4d605d)
Start importing Assets/Packages/JMO Assets/Cartoon FX Remaster/CFXR Prefabs/Sword Trails/Fire/CFXR4 Sword Trail FIRE (360 Spiral).prefab using Guid(57a776ff377f3c44e8403e2067a4d41f) Importer(2089858483,b0f066a214c2f5e87bad3c948f4d605d) (ScriptedImporter) -> (Import Result ID: '6dd3d1eb83da566222dfc6e9be7f1a3c') in 0.0654494 seconds [static and dynamic dependencies]. Details - ImportResultOutputID=ad1d43e1db17928dba3d6c8096c4e076 DependenciesID=6430dbf612b0bb37302b87e5b65d7bb1 StaticDependenciesID=bf20f772327ae6d07857e8cbb90414ba 
Number of updated asset objects reloaded before import = 0Number of asset objects unloaded after import = 25

========================================================================
Received Import Request.
  Time since last request: 0.000020 seconds.
  path: Assets/Packages/Pixel Adventure 1/Assets/Traps/Spikes/Idle.png
  importAddress: Guid(da2176ef0629bfd42958a94b2bf225a4) Importer(2089858483,b0f066a214c2f5e87bad3c948f4d605d)
Start importing Assets/Packages/Pixel Adventure 1/Assets/Traps/Spikes/Idle.png using Guid(da2176ef0629bfd42958a94b2bf225a4) Importer(2089858483,b0f066a214c2f5e87bad3c948f4d605d) (ScriptedImporter) -> (Import Result ID: '332046693cc0afa12571a392a38cf805') in 0.0308794 seconds [static and dynamic dependencies]. Details - ImportResultOutputID=dbf05d493bc0e7a9771e7c4f3b64d9d3 DependenciesID=acfefc7474f1a724748bf00686c26f88 StaticDependenciesID=3e294fce83a23eaf963374e43f1ae09d 
Number of updated asset objects reloaded before import = 0Number of asset objects unloaded after import = 3

========================================================================
Received Import Request.
  Time since last request: 0.000021 seconds.
  path: Assets/Packages/Pixel Adventure 1/Assets/Traps/Trampoline/Jump (28x28).png
  importAddress: Guid(5f67602c85a27a847aed4d15b8e0339e) Importer(2089858483,b0f066a214c2f5e87bad3c948f4d605d)
Start importing Assets/Packages/Pixel Adventure 1/Assets/Traps/Trampoline/Jump (28x28).png using Guid(5f67602c85a27a847aed4d15b8e0339e) Importer(2089858483,b0f066a214c2f5e87bad3c948f4d605d) (ScriptedImporter) -> (Import Result ID: 'b2d608547ad003ee88aa6d03a5e46e54') in 0.0364921 seconds [static and dynamic dependencies]. Details - ImportResultOutputID=a307dcf93c39015c51b13c4446c70697 DependenciesID=08bac73eee6a72e30bb3a7cd57cce3b5 StaticDependenciesID=19ab01fad6b12ad5329dc51e1e34abbd 
Number of updated asset objects reloaded before import = 0Number of asset objects unloaded after import = 10

========================================================================
Received Import Request.
  Time since last request: 0.000037 seconds.
  path: Assets/Packages/JMO Assets/Cartoon FX Remaster/CFXR Prefabs/Sword Trails/Ice/CFXR4 Sword Hit ICE (Cross).prefab
  importAddress: Guid(0c2509361b13505428ce788b7f846686) Importer(2089858483,b0f066a214c2f5e87bad3c948f4d605d)
Start importing Assets/Packages/JMO Assets/Cartoon FX Remaster/CFXR Prefabs/Sword Trails/Ice/CFXR4 Sword Hit ICE (Cross).prefab using Guid(0c2509361b13505428ce788b7f846686) Importer(2089858483,b0f066a214c2f5e87bad3c948f4d605d) (ScriptedImporter) -> (Import Result ID: '0f310f8dcb5089cf572c157310465791') in 0.0594248 seconds [static and dynamic dependencies]. Details - ImportResultOutputID=698e8a154a6632e9888e1598459c764d DependenciesID=da83bcdc7421e5099c9dceac7663f99d StaticDependenciesID=28733ab5014345c9634ac0b5829f1106 
Number of updated asset objects reloaded before import = 0Number of asset objects unloaded after import = 38

========================================================================
Received Import Request.
  Time since last request: 0.000017 seconds.
  path: Assets/Packages/JMO Assets/Cartoon FX Remaster/CFXR Prefabs/Sword Trails/Ice/CFXR4 Sword Trail ICE (360 Spiral).prefab
  importAddress: Guid(69d8f05fda8421849a84b27b8c0d773d) Importer(2089858483,b0f066a214c2f5e87bad3c948f4d605d)
Start importing Assets/Packages/JMO Assets/Cartoon FX Remaster/CFXR Prefabs/Sword Trails/Ice/CFXR4 Sword Trail ICE (360 Spiral).prefab using Guid(69d8f05fda8421849a84b27b8c0d773d) Importer(2089858483,b0f066a214c2f5e87bad3c948f4d605d) (ScriptedImporter) -> (Import Result ID: '344b80306c25656a06e48b5bc01148cc') in 0.0573593 seconds [static and dynamic dependencies]. Details - ImportResultOutputID=e7626ba91fddab62400b76971b0cde6e DependenciesID=b7007dcace6567e2d420cf5e750d34c8 StaticDependenciesID=bf1b6f7f5ff58c9d74ee600d5efa658f 
Number of updated asset objects reloaded before import = 0Number of asset objects unloaded after import = 25

========================================================================
Received Import Request.
  Time since last request: 0.000020 seconds.
  path: Assets/Packages/JMO Assets/Cartoon FX Remaster/CFXR Prefabs/Sword Trails/Ice/CFXR4 Sword Trail ICE (360 Thin Spiral).prefab
  importAddress: Guid(d552e90926df03a4596ccf40851b2dce) Importer(2089858483,b0f066a214c2f5e87bad3c948f4d605d)
Start importing Assets/Packages/JMO Assets/Cartoon FX Remaster/CFXR Prefabs/Sword Trails/Ice/CFXR4 Sword Trail ICE (360 Thin Spiral).prefab using Guid(d552e90926df03a4596ccf40851b2dce) Importer(2089858483,b0f066a214c2f5e87bad3c948f4d605d) (ScriptedImporter) -> (Import Result ID: '18c5dfb09901be3cc8d3209d5e24ef08') in 0.0523732 seconds [static and dynamic dependencies]. Details - ImportResultOutputID=982a6a07e1063ffca4fca5cc4c9481e1 DependenciesID=4982081c6bad4cdc2818592ee8a59899 StaticDependenciesID=a7559ed0e0f37df3f406dac7c2903d9f 
Number of updated asset objects reloaded before import = 0Number of asset objects unloaded after import = 43

========================================================================
Received Import Request.
  Time since last request: 0.000038 seconds.
  path: Assets/Packages/JMO Assets/Cartoon FX Remaster/CFXR Prefabs/Sword Trails/Plain/CFXR4 Sword Hit PLAIN (Cross).prefab
  importAddress: Guid(b85d21f3b8fed714bacf0c4fd50fa512) Importer(2089858483,b0f066a214c2f5e87bad3c948f4d605d)
Start importing Assets/Packages/JMO Assets/Cartoon FX Remaster/CFXR Prefabs/Sword Trails/Plain/CFXR4 Sword Hit PLAIN (Cross).prefab using Guid(b85d21f3b8fed714bacf0c4fd50fa512) Importer(2089858483,b0f066a214c2f5e87bad3c948f4d605d) (ScriptedImporter) -> (Import Result ID: 'b8c82fbe626c378a761ed3ce2e3b90cf') in 0.0512629 seconds [static and dynamic dependencies]. Details - ImportResultOutputID=a8759ad63e23e905f693612c8a8f4924 DependenciesID=ff3d3a53453d7c7132904881af12c15f StaticDependenciesID=a8eb93dfa0da9e52e0597c4b30496794 
Number of updated asset objects reloaded before import = 0Number of asset objects unloaded after import = 16

========================================================================
Received Import Request.
  Time since last request: 0.000028 seconds.
  path: Assets/Packages/JMO Assets/Cartoon FX Remaster/Demo Assets/Kino Bloom/Editor/BloomEditor.cs
  importAddress: Guid(036bc30d96c3349ce86bfc8d95667da7) Importer(2089858483,b0f066a214c2f5e87bad3c948f4d605d)
Start importing Assets/Packages/JMO Assets/Cartoon FX Remaster/Demo Assets/Kino Bloom/Editor/BloomEditor.cs using Guid(036bc30d96c3349ce86bfc8d95667da7) Importer(2089858483,b0f066a214c2f5e87bad3c948f4d605d) (ScriptedImporter) -> (Import Result ID: '76311447403937cac463e5491d46d470') in 0.0120905 seconds [static and dynamic dependencies]. Details - ImportResultOutputID=b748c38c5c46b43f5296725076a28ad8 DependenciesID=cf244a297df7377941efb60d3385b453 StaticDependenciesID=005007949c0accc254c0755020a3b901 
Number of updated asset objects reloaded before import = 0Number of asset objects unloaded after import = 0

========================================================================
Received Import Request.
  Time since last request: 0.000016 seconds.
  path: Assets/Packages/JMO Assets/Cartoon FX Remaster/CFXR Prefabs/Sword Trails/Plain/CFXR4 Sword Trail PLAIN (360 Thin Spiral).prefab
  importAddress: Guid(2b987d41506d172419fa18578f6ac380) Importer(2089858483,b0f066a214c2f5e87bad3c948f4d605d)
Start importing Assets/Packages/JMO Assets/Cartoon FX Remaster/CFXR Prefabs/Sword Trails/Plain/CFXR4 Sword Trail PLAIN (360 Thin Spiral).prefab using Guid(2b987d41506d172419fa18578f6ac380) Importer(2089858483,b0f066a214c2f5e87bad3c948f4d605d) (ScriptedImporter) -> (Import Result ID: '429beed98dbec54d0a2e8d373827eca2') in 0.0482956 seconds [static and dynamic dependencies]. Details - ImportResultOutputID=51e0dd760239e7f017637d8bb73c78f1 DependenciesID=2fbd5b9b4b8ab3bb3e4a77e84e8163bd StaticDependenciesID=350b8c77b4fcb58ccc1c25f324831453 
Number of updated asset objects reloaded before import = 0Number of asset objects unloaded after import = 14

========================================================================
Received Import Request.
  Time since last request: 0.000021 seconds.
  path: Assets/Packages/JMO Assets/Cartoon FX Remaster/CFXR Prefabs/Sword Trails/Fire/CFXR4 Sword Hit FIRE (Cross).prefab
  importAddress: Guid(1fd2749f2a4056446881dce86ed70c39) Importer(2089858483,b0f066a214c2f5e87bad3c948f4d605d)
Start importing Assets/Packages/JMO Assets/Cartoon FX Remaster/CFXR Prefabs/Sword Trails/Fire/CFXR4 Sword Hit FIRE (Cross).prefab using Guid(1fd2749f2a4056446881dce86ed70c39) Importer(2089858483,b0f066a214c2f5e87bad3c948f4d605d) (ScriptedImporter) -> (Import Result ID: 'c4f1950a58a9de4c30441f4c02d96d1e') in 0.0632302 seconds [static and dynamic dependencies]. Details - ImportResultOutputID=659b26a7a342a2e2cb22d921988e2c6e DependenciesID=0564c0ccea96b4e0d72e55ea14bcf3f9 StaticDependenciesID=33059ba611121c512100d274fbf41d43 
Number of updated asset objects reloaded before import = 0Number of asset objects unloaded after import = 38

========================================================================
Received Import Request.
  Time since last request: 0.000036 seconds.
  path: Assets/Packages/JMO Assets/Cartoon FX Remaster/CFXR Prefabs/Sword Trails/Plain/CFXR4 Sword Trail PLAIN (360 Spiral).prefab
  importAddress: Guid(95b8d3d65b5d7f1409c4ed1723887826) Importer(2089858483,b0f066a214c2f5e87bad3c948f4d605d)
Start importing Assets/Packages/JMO Assets/Cartoon FX Remaster/CFXR Prefabs/Sword Trails/Plain/CFXR4 Sword Trail PLAIN (360 Spiral).prefab using Guid(95b8d3d65b5d7f1409c4ed1723887826) Importer(2089858483,b0f066a214c2f5e87bad3c948f4d605d) (ScriptedImporter) -> (Import Result ID: '2894917dc95d29301dd55145e70ef59a') in 0.0527946 seconds [static and dynamic dependencies]. Details - ImportResultOutputID=4067527568f527f4125ccc70ee21cd07 DependenciesID=7c0376d873ede9297198c00df984150d StaticDependenciesID=e21389ef56a576cf1cde251365ab2c76 
Number of updated asset objects reloaded before import = 0Number of asset objects unloaded after import = 7

========================================================================
Received Import Request.
  Time since last request: 0.000019 seconds.
  path: Assets/Packages/JMO Assets/Cartoon FX Remaster/Demo Assets/Kino Bloom/Editor/KinoBloom.Editor.asmdef
  importAddress: Guid(cd0a5c04eb538be45bab7f699da24bec) Importer(2089858483,b0f066a214c2f5e87bad3c948f4d605d)
Start importing Assets/Packages/JMO Assets/Cartoon FX Remaster/Demo Assets/Kino Bloom/Editor/KinoBloom.Editor.asmdef using Guid(cd0a5c04eb538be45bab7f699da24bec) Importer(2089858483,b0f066a214c2f5e87bad3c948f4d605d) (ScriptedImporter) -> (Import Result ID: '74fbe44d0fd3f950321303ac40156c03') in 0.0271405 seconds [static and dynamic dependencies]. Details - ImportResultOutputID=946ce1e6f41def92a933a9c19aee0593 DependenciesID=a71a4012c0ffadd73bd44d9bed882839 StaticDependenciesID=903e096b2de0b0fee686d07dd971f42c 
Number of updated asset objects reloaded before import = 0Number of asset objects unloaded after import = 1

========================================================================
Received Import Request.
  Time since last request: 0.000022 seconds.
  path: Assets/Packages/JMO Assets/Cartoon FX Remaster/Demo Assets/Kino Bloom/Shader/Bloom.cginc
  importAddress: Guid(1b8325918052c4c5492831d116e3ed27) Importer(2089858483,b0f066a214c2f5e87bad3c948f4d605d)
Start importing Assets/Packages/JMO Assets/Cartoon FX Remaster/Demo Assets/Kino Bloom/Shader/Bloom.cginc using Guid(1b8325918052c4c5492831d116e3ed27) Importer(2089858483,b0f066a214c2f5e87bad3c948f4d605d) (ScriptedImporter) -> (Import Result ID: 'c236158faf7b9bf0e76d34c5bee7ea29') in 0.0125334 seconds [static and dynamic dependencies]. Details - ImportResultOutputID=5fdc6653ef1eaee8a2fa1df793850d10 DependenciesID=baddd2237b08769c36a147fe49f30919 StaticDependenciesID=ae15d87cb8dfc74820e5a6aefac5e31c 
Number of updated asset objects reloaded before import = 0Number of asset objects unloaded after import = 1

========================================================================
Received Import Request.
  Time since last request: 0.000029 seconds.
  path: Assets/Packages/Pixel Adventure 1/Assets/Items/Boxes/Box1/Break (28x24).png
  importAddress: Guid(79022f0c1a1c5ce42bcba2ca880ef7fe) Importer(2089858483,b0f066a214c2f5e87bad3c948f4d605d)
Start importing Assets/Packages/Pixel Adventure 1/Assets/Items/Boxes/Box1/Break (28x24).png using Guid(79022f0c1a1c5ce42bcba2ca880ef7fe) Importer(2089858483,b0f066a214c2f5e87bad3c948f4d605d) (ScriptedImporter) -> (Import Result ID: '57126a4ed66451406b32aa3b2fd4e4fe') in 0.0455887 seconds [static and dynamic dependencies]. Details - ImportResultOutputID=db7608aad5e58a1838aa2b3ec7ec136c DependenciesID=27c87a1fc6529704c9c550730505de80 StaticDependenciesID=245f8d73ca61684f3ac36f11ad278fb9 
Number of updated asset objects reloaded before import = 0Number of asset objects unloaded after import = 6

========================================================================
Received Import Request.
  Time since last request: 0.000016 seconds.
  path: Assets/Packages/JMO Assets/Cartoon FX Remaster/CFXR Assets/Graphics/cfxr stretch ray blur hdr ab.mat
  importAddress: Guid(935ab430b9a17de4caf00054e74116f4) Importer(2089858483,b0f066a214c2f5e87bad3c948f4d605d)
Start importing Assets/Packages/JMO Assets/Cartoon FX Remaster/CFXR Assets/Graphics/cfxr stretch ray blur hdr ab.mat using Guid(935ab430b9a17de4caf00054e74116f4) Importer(2089858483,b0f066a214c2f5e87bad3c948f4d605d) (ScriptedImporter) -> (Import Result ID: '1fb4990c8d94fe00c3ffd07356d437a4') in 0.0173594 seconds [static and dynamic dependencies]. Details - ImportResultOutputID=6e8126138537a291af67b44bc188ea63 DependenciesID=186107190a6254f3ce1a8dffad6558d2 StaticDependenciesID=965020f9a1fc1ab949a74bc489b9a681 
Number of updated asset objects reloaded before import = 0Number of asset objects unloaded after import = 2

========================================================================
Received Import Request.
  Time since last request: 0.000016 seconds.
  path: Assets/Packages/JMO Assets/Cartoon FX Remaster/CFXR Assets/Graphics/cfxr stretch sipkes dissolve smooth x2.png
  importAddress: Guid(e8b834b74904e894bb4ecee603370bec) Importer(2089858483,b0f066a214c2f5e87bad3c948f4d605d)
Start importing Assets/Packages/JMO Assets/Cartoon FX Remaster/CFXR Assets/Graphics/cfxr stretch sipkes dissolve smooth x2.png using Guid(e8b834b74904e894bb4ecee603370bec) Importer(2089858483,b0f066a214c2f5e87bad3c948f4d605d) (ScriptedImporter) -> (Import Result ID: '625e58f7f2d111f56ca876614581b7a5') in 0.0204311 seconds [static and dynamic dependencies]. Details - ImportResultOutputID=05a4f992e01b93cb1a65f331d3f3ffc7 DependenciesID=408a8f31064468052321edc69a9c5775 StaticDependenciesID=c4478a4a97f87e16e38baaae2f599617 
Number of updated asset objects reloaded before import = 0Number of asset objects unloaded after import = 1

========================================================================
Received Import Request.
  Time since last request: 0.000021 seconds.
  path: Assets/Packages/JMO Assets/Cartoon FX Remaster/CFXR Assets/Graphics/cfxr stretch triangle fade ab.mat
  importAddress: Guid(fa101072e5a628f439ecf55c03dfe940) Importer(2089858483,b0f066a214c2f5e87bad3c948f4d605d)
Start importing Assets/Packages/JMO Assets/Cartoon FX Remaster/CFXR Assets/Graphics/cfxr stretch triangle fade ab.mat using Guid(fa101072e5a628f439ecf55c03dfe940) Importer(2089858483,b0f066a214c2f5e87bad3c948f4d605d) (ScriptedImporter) -> (Import Result ID: 'b5118cff85dfc7ed6b07ec108ccbd3d9') in 0.0184093 seconds [static and dynamic dependencies]. Details - ImportResultOutputID=dd8336ffaa05fbc21a6c78486ce16eff DependenciesID=6c836c194ebf0c361d2daf124294c427 StaticDependenciesID=bf32dae45e039fd0e337833595c9bf03 
Number of updated asset objects reloaded before import = 0Number of asset objects unloaded after import = 2

========================================================================
Received Import Request.
  Time since last request: 0.000029 seconds.
  path: Assets/Packages/Pixel Adventure 1/Assets/Items/Boxes/Box1/Idle.png
  importAddress: Guid(48fd9917466ade44fa9bfd8326fab049) Importer(2089858483,b0f066a214c2f5e87bad3c948f4d605d)
Start importing Assets/Packages/Pixel Adventure 1/Assets/Items/Boxes/Box1/Idle.png using Guid(48fd9917466ade44fa9bfd8326fab049) Importer(2089858483,b0f066a214c2f5e87bad3c948f4d605d) (ScriptedImporter) -> (Import Result ID: '53fb84b3a63aa1e4866e5d1541718824') in 0.1383798 seconds [static and dynamic dependencies]. Details - ImportResultOutputID=fcca3b24bdf41b85f8b68d0574c40aaa DependenciesID=5855bdfa0ce5bd7e4485d665de439c1c StaticDependenciesID=102dc08c090c55b06a203427d81fa50f 
Number of updated asset objects reloaded before import = 0Number of asset objects unloaded after import = 3

========================================================================
Received Import Request.
  Time since last request: 0.000020 seconds.
  path: Assets/Packages/Pixel Adventure 1/Assets/Items/Boxes/Box1/Hit (28x24).png
  importAddress: Guid(e3ec232265f6ad147aa2aa71472516d9) Importer(2089858483,b0f066a214c2f5e87bad3c948f4d605d)
Start importing Assets/Packages/Pixel Adventure 1/Assets/Items/Boxes/Box1/Hit (28x24).png using Guid(e3ec232265f6ad147aa2aa71472516d9) Importer(2089858483,b0f066a214c2f5e87bad3c948f4d605d) (ScriptedImporter) -> (Import Result ID: '08aa5f5e91d7c586ab9c7c4dd23c9714') in 0.2136299 seconds [static and dynamic dependencies]. Details - ImportResultOutputID=a13087e258f8354c562ee8dd931fa07d DependenciesID=3548f273736c0b0a17740d42002042e2 StaticDependenciesID=502771399a6dcabee9caacdda48fb36e 
Number of updated asset objects reloaded before import = 0Number of asset objects unloaded after import = 5

========================================================================
Received Import Request.
  Time since last request: 0.000028 seconds.
  path: Assets/Packages/Pixel Adventure 1/Assets/Items/Boxes/Box3/Break (28x24).png
  importAddress: Guid(32cc0ed12a4ceea46a9c541b632a008f) Importer(2089858483,b0f066a214c2f5e87bad3c948f4d605d)
Start importing Assets/Packages/Pixel Adventure 1/Assets/Items/Boxes/Box3/Break (28x24).png using Guid(32cc0ed12a4ceea46a9c541b632a008f) Importer(2089858483,b0f066a214c2f5e87bad3c948f4d605d) (ScriptedImporter) -> (Import Result ID: '71bf647686099fe70845dd9acd22bcde') in 0.0620447 seconds [static and dynamic dependencies]. Details - ImportResultOutputID=41a4ac804c18a09059dacd782b353e69 DependenciesID=b9ba17f47745b186209d6b0fe67ff1aa StaticDependenciesID=3a1325fa0ce16c5002b0a71b12dfe244 
Number of updated asset objects reloaded before import = 0Number of asset objects unloaded after import = 6

========================================================================
Received Import Request.
  Time since last request: 0.000020 seconds.
  path: Assets/Packages/Pixel Adventure 1/Assets/Items/Boxes/Box2/Idle.png
  importAddress: Guid(f7472d29deaa7414abffd38318319096) Importer(2089858483,b0f066a214c2f5e87bad3c948f4d605d)
Start importing Assets/Packages/Pixel Adventure 1/Assets/Items/Boxes/Box2/Idle.png using Guid(f7472d29deaa7414abffd38318319096) Importer(2089858483,b0f066a214c2f5e87bad3c948f4d605d) (ScriptedImporter) -> (Import Result ID: '15be0ed3c826ee3842e6b0319a55c4dc') in 0.0798508 seconds [static and dynamic dependencies]. Details - ImportResultOutputID=01e11dabae07eb9639349d1a44bb65dd DependenciesID=cf21c4586a4246923a588c68bf4b68e3 StaticDependenciesID=3ab54be20443d078b315d901cf943b3c 
Number of updated asset objects reloaded before import = 0Number of asset objects unloaded after import = 3

========================================================================
Received Import Request.
  Time since last request: 0.000022 seconds.
  path: Assets/Packages/Pixel Adventure 1/Assets/Items/Boxes/Box3/Hit (28x24).png
  importAddress: Guid(c515460e432a71b45bd7784aebe881d7) Importer(2089858483,b0f066a214c2f5e87bad3c948f4d605d)
Start importing Assets/Packages/Pixel Adventure 1/Assets/Items/Boxes/Box3/Hit (28x24).png using Guid(c515460e432a71b45bd7784aebe881d7) Importer(2089858483,b0f066a214c2f5e87bad3c948f4d605d) (ScriptedImporter) -> (Import Result ID: '3bc17b0ffd783df0901b17c2e5a174f3') in 0.0290654 seconds [static and dynamic dependencies]. Details - ImportResultOutputID=99f2d4ffa3901ff5d7588d734b175a72 DependenciesID=bc53709d6e9e617462feafdc71efcd8a StaticDependenciesID=6fce630910d5dc6296018d71b7d8cf4f 
Number of updated asset objects reloaded before import = 0Number of asset objects unloaded after import = 4

========================================================================
Received Import Request.
  Time since last request: 0.000028 seconds.
  path: Assets/Packages/Pixel Adventure 1/Assets/Items/Boxes/Box2/Break (28x24).png
  importAddress: Guid(a766483fddea6b64f827838e089d1970) Importer(2089858483,b0f066a214c2f5e87bad3c948f4d605d)
Start importing Assets/Packages/Pixel Adventure 1/Assets/Items/Boxes/Box2/Break (28x24).png using Guid(a766483fddea6b64f827838e089d1970) Importer(2089858483,b0f066a214c2f5e87bad3c948f4d605d) (ScriptedImporter) -> (Import Result ID: 'cdedf92fba73cdf3130eee8c40ae3680') in 0.0451962 seconds [static and dynamic dependencies]. Details - ImportResultOutputID=0bd2be9e1864009601879d7bb0b7ccb9 DependenciesID=fa24a5d4d5397c786ff378471d7a5c31 StaticDependenciesID=a5d87139337dbc91f079de2ddee6e9d8 
Number of updated asset objects reloaded before import = 0Number of asset objects unloaded after import = 6

========================================================================
Received Import Request.
  Time since last request: 0.000016 seconds.
  path: Assets/Packages/Pixel Adventure 1/Assets/Items/Checkpoints/Checkpoint/Checkpoint (No Flag).png
  importAddress: Guid(68f54e5fc0fa326458d3e18bdccce704) Importer(2089858483,b0f066a214c2f5e87bad3c948f4d605d)
Start importing Assets/Packages/Pixel Adventure 1/Assets/Items/Checkpoints/Checkpoint/Checkpoint (No Flag).png using Guid(68f54e5fc0fa326458d3e18bdccce704) Importer(2089858483,b0f066a214c2f5e87bad3c948f4d605d) (ScriptedImporter) -> (Import Result ID: 'f1820072fbc5213fd48e25f36c36e2aa') in 0.0250189 seconds [static and dynamic dependencies]. Details - ImportResultOutputID=cf624d0692451fca05ebf3b1a0bb0b97 DependenciesID=2fa4160a5d8661b3f7631eade5416a43 StaticDependenciesID=161078dfec8eb5ce3bcd08eba626cebd 
Number of updated asset objects reloaded before import = 0Number of asset objects unloaded after import = 3

========================================================================
Received Import Request.
  Time since last request: 0.000020 seconds.
  path: Assets/Packages/Pixel Adventure 1/Assets/Items/Checkpoints/End/End (Idle).png
  importAddress: Guid(4668f08864533f24b9b5980d5cc57089) Importer(2089858483,b0f066a214c2f5e87bad3c948f4d605d)
Start importing Assets/Packages/Pixel Adventure 1/Assets/Items/Checkpoints/End/End (Idle).png using Guid(4668f08864533f24b9b5980d5cc57089) Importer(2089858483,b0f066a214c2f5e87bad3c948f4d605d) (ScriptedImporter) -> (Import Result ID: 'fa33229e9d8e5583634b78108a18284e') in 0.0297939 seconds [static and dynamic dependencies]. Details - ImportResultOutputID=b9edf08bd6f06556b75fef648b882726 DependenciesID=1f5ff526060f3bc4ca9d5b815e84e0f3 StaticDependenciesID=6e15750bc7dd7b60ccb0b0242564db2f 
Number of updated asset objects reloaded before import = 0Number of asset objects unloaded after import = 3

========================================================================
Received Import Request.
  Time since last request: 0.000033 seconds.
  path: Assets/Packages/Pixel Adventure 1/Assets/Items/Boxes/Box2/Hit (28x24).png
  importAddress: Guid(666cdca5ea5798c4c83a4ef4b87d64c4) Importer(2089858483,b0f066a214c2f5e87bad3c948f4d605d)
Start importing Assets/Packages/Pixel Adventure 1/Assets/Items/Boxes/Box2/Hit (28x24).png using Guid(666cdca5ea5798c4c83a4ef4b87d64c4) Importer(2089858483,b0f066a214c2f5e87bad3c948f4d605d) (ScriptedImporter) -> (Import Result ID: 'aaab822f61a799f590543f50afe269f0') in 0.0423755 seconds [static and dynamic dependencies]. Details - ImportResultOutputID=32900e80aece6b89e53c412be11c7d13 DependenciesID=627e47637932f0ae3556e029374b6203 StaticDependenciesID=cd2bee18acc23c2dad8b860bf161e2a5 
Number of updated asset objects reloaded before import = 0Number of asset objects unloaded after import = 6

========================================================================
Received Import Request.
  Time since last request: 0.000017 seconds.
  path: Assets/Packages/Pixel Adventure 1/Assets/Items/Checkpoints/Checkpoint/Checkpoint (Flag Idle)(64x64).png
  importAddress: Guid(27a107940057e8743a507269b18a691a) Importer(2089858483,b0f066a214c2f5e87bad3c948f4d605d)
Start importing Assets/Packages/Pixel Adventure 1/Assets/Items/Checkpoints/Checkpoint/Checkpoint (Flag Idle)(64x64).png using Guid(27a107940057e8743a507269b18a691a) Importer(2089858483,b0f066a214c2f5e87bad3c948f4d605d) (ScriptedImporter) -> (Import Result ID: '7907283099290579f1d6ac7201792ae7') in 0.0540029 seconds [static and dynamic dependencies]. Details - ImportResultOutputID=88a39a483cfd39cdf7eee2f3fd0fdb06 DependenciesID=c41053ad6307e4a516854e2381796b67 StaticDependenciesID=7721f549484585dd18b5a6e0e7531d89 
Number of updated asset objects reloaded before import = 0Number of asset objects unloaded after import = 12

========================================================================
Received Import Request.
  Time since last request: 0.000025 seconds.
  path: Assets/Packages/Pixel Adventure 1/Assets/Items/Checkpoints/Checkpoint/Checkpoint (Flag Out) (64x64).png
  importAddress: Guid(32726eef68207514bbede9c6509379b5) Importer(2089858483,b0f066a214c2f5e87bad3c948f4d605d)
Start importing Assets/Packages/Pixel Adventure 1/Assets/Items/Checkpoints/Checkpoint/Checkpoint (Flag Out) (64x64).png using Guid(32726eef68207514bbede9c6509379b5) Importer(2089858483,b0f066a214c2f5e87bad3c948f4d605d) (ScriptedImporter) -> (Import Result ID: 'e09976ad0962d7834fd63f5f99eb52c3') in 0.0821293 seconds [static and dynamic dependencies]. Details - ImportResultOutputID=215303e9a807644489e2c5f152d06cea DependenciesID=2a767ddd7b62930e48c466d55e673261 StaticDependenciesID=c78d502f7900d1dd2d3e2a17a4e1020c 
Number of updated asset objects reloaded before import = 0Number of asset objects unloaded after import = 28

========================================================================
Received Import Request.
  Time since last request: 0.000040 seconds.
  path: Assets/Packages/Pixel Adventure 1/Assets/Items/Checkpoints/Start/Start (Idle).png
  importAddress: Guid(3016a57ecc98e9e46b7a110ddd486ee9) Importer(2089858483,b0f066a214c2f5e87bad3c948f4d605d)
Start importing Assets/Packages/Pixel Adventure 1/Assets/Items/Checkpoints/Start/Start (Idle).png using Guid(3016a57ecc98e9e46b7a110ddd486ee9) Importer(2089858483,b0f066a214c2f5e87bad3c948f4d605d) (ScriptedImporter) -> (Import Result ID: '85b6d213fe7ca9cb183f4a82ff4b66d2') in 0.0448978 seconds [static and dynamic dependencies]. Details - ImportResultOutputID=514057d4cbcdd27e0e69658ee06581a7 DependenciesID=ea56b287e0f44c692f4b28d859fbe2c8 StaticDependenciesID=973df86a6a4520508dcd7fe01f154cbc 
Number of updated asset objects reloaded before import = 0Number of asset objects unloaded after import = 3

========================================================================
Received Import Request.
  Time since last request: 0.000019 seconds.
  path: Assets/Packages/Pixel Adventure 1/Assets/Items/Checkpoints/End/End (Pressed) (64x64).png
  importAddress: Guid(e2b42ecdf887de146ada435603f4c95b) Importer(2089858483,b0f066a214c2f5e87bad3c948f4d605d)
Start importing Assets/Packages/Pixel Adventure 1/Assets/Items/Checkpoints/End/End (Pressed) (64x64).png using Guid(e2b42ecdf887de146ada435603f4c95b) Importer(2089858483,b0f066a214c2f5e87bad3c948f4d605d) (ScriptedImporter) -> (Import Result ID: 'c212f3e844bbcd03f7baa1fea921f2cf') in 0.0632903 seconds [static and dynamic dependencies]. Details - ImportResultOutputID=8a72639144144a941d932334684025c6 DependenciesID=ac8a0df746fd8753cb596fa44a0048d5 StaticDependenciesID=02f0f9c91c0176e8b18ab1515dc3eedf 
Number of updated asset objects reloaded before import = 0Number of asset objects unloaded after import = 10

========================================================================
Received Import Request.
  Time since last request: 0.000028 seconds.
  path: Assets/Packages/Pixel Adventure 1/Assets/Items/Checkpoints/Start/Start (Moving) (64x64).png
  importAddress: Guid(953d2013647e1fb479bf559fccb58994) Importer(2089858483,b0f066a214c2f5e87bad3c948f4d605d)
Start importing Assets/Packages/Pixel Adventure 1/Assets/Items/Checkpoints/Start/Start (Moving) (64x64).png using Guid(953d2013647e1fb479bf559fccb58994) Importer(2089858483,b0f066a214c2f5e87bad3c948f4d605d) (ScriptedImporter) -> (Import Result ID: 'fac542ab9237a474671a7342693792b6') in 0.0529865 seconds [static and dynamic dependencies]. Details - ImportResultOutputID=7cd702199b413e01d2a22e88e1c26fbe DependenciesID=e815308ff9c6f8c2c514d0b81f404293 StaticDependenciesID=9aaf3cefcc08c37ac7a46b0809f1a57b 
Number of updated asset objects reloaded before import = 0Number of asset objects unloaded after import = 19

========================================================================
Received Import Request.
  Time since last request: 0.000035 seconds.
  path: Assets/Packages/JMO Assets/Cartoon FX Remaster/CFXR Assets/Graphics/cfxr stretch spike fade add.mat
  importAddress: Guid(b9815bbe84bbafb469825c25a64c229a) Importer(2089858483,b0f066a214c2f5e87bad3c948f4d605d)
Start importing Assets/Packages/JMO Assets/Cartoon FX Remaster/CFXR Assets/Graphics/cfxr stretch spike fade add.mat using Guid(b9815bbe84bbafb469825c25a64c229a) Importer(2089858483,b0f066a214c2f5e87bad3c948f4d605d) (ScriptedImporter) -> (Import Result ID: '650ae8aa90ced8c3410602617c349568') in 0.0159635 seconds [static and dynamic dependencies]. Details - ImportResultOutputID=626f82107ad1649f6286e3ffe12a2036 DependenciesID=f0a522edd7d738bdfed124d427a25c11 StaticDependenciesID=19950f7119c11b885e9c9aa40381fbb9 
Number of updated asset objects reloaded before import = 0Number of asset objects unloaded after import = 2

========================================================================
Received Import Request.
  Time since last request: 0.000020 seconds.
  path: Assets/Packages/JMO Assets/Cartoon FX Remaster/CFXR Prefabs/Liquids/CFXR2 Blood Shape Splash.prefab
  importAddress: Guid(15483e51212e3d74886ea57291f4639a) Importer(2089858483,b0f066a214c2f5e87bad3c948f4d605d)
Start importing Assets/Packages/JMO Assets/Cartoon FX Remaster/CFXR Prefabs/Liquids/CFXR2 Blood Shape Splash.prefab using Guid(15483e51212e3d74886ea57291f4639a) Importer(2089858483,b0f066a214c2f5e87bad3c948f4d605d) (ScriptedImporter) -> (Import Result ID: '85db37a55e7b27f992df0b2fef6a2f2f') in 0.0942178 seconds [static and dynamic dependencies]. Details - ImportResultOutputID=575ea9edddcd7325dfed2c10dfa4bd27 DependenciesID=3e8d527464f2eeb66f57341fdc4f5f2b StaticDependenciesID=22aee9273034bd25d8039d828bc14110 
Number of updated asset objects reloaded before import = 0Number of asset objects unloaded after import = 16

========================================================================
Received Import Request.
  Time since last request: 0.000029 seconds.
  path: Assets/Packages/JMO Assets/Cartoon FX Remaster/CFXR Assets/Graphics/cfxr stretch triangle to diamond ab.mat
  importAddress: Guid(f4319f9a8af0f204884e3fd4c73fb4fa) Importer(2089858483,b0f066a214c2f5e87bad3c948f4d605d)
Start importing Assets/Packages/JMO Assets/Cartoon FX Remaster/CFXR Assets/Graphics/cfxr stretch triangle to diamond ab.mat using Guid(f4319f9a8af0f204884e3fd4c73fb4fa) Importer(2089858483,b0f066a214c2f5e87bad3c948f4d605d) (ScriptedImporter) -> (Import Result ID: '78d946972fb0c60eca10666573e1f2e9') in 0.0203361 seconds [static and dynamic dependencies]. Details - ImportResultOutputID=f6502e19b3d692e64b491fdee95f0d0e DependenciesID=98b46c8bd3d824e8b0200a3f5cb4684a StaticDependenciesID=c4371708ebbc26146271f8b28b1ff5f2 
Number of updated asset objects reloaded before import = 0Number of asset objects unloaded after import = 3

========================================================================
Received Import Request.
  Time since last request: 0.000033 seconds.
  path: Assets/Packages/JMO Assets/Cartoon FX Remaster/CFXR Prefabs/Misc/CFXR2 Poison Cloud.prefab
  importAddress: Guid(bbeeb0ddc21369746aaaae5c5c1c09cf) Importer(2089858483,b0f066a214c2f5e87bad3c948f4d605d)
Start importing Assets/Packages/JMO Assets/Cartoon FX Remaster/CFXR Prefabs/Misc/CFXR2 Poison Cloud.prefab using Guid(bbeeb0ddc21369746aaaae5c5c1c09cf) Importer(2089858483,b0f066a214c2f5e87bad3c948f4d605d) (ScriptedImporter) -> (Import Result ID: 'd0a2dfdda8b48a713ddc871e96568216') in 0.0563577 seconds [static and dynamic dependencies]. Details - ImportResultOutputID=c35aeaf6541c0751b956f668cd27a8e4 DependenciesID=d61714861080b1d1bb3e25bb87c899d0 StaticDependenciesID=4eaed7f28a97c81e750568cb83d8ef7e 
Number of updated asset objects reloaded before import = 0Number of asset objects unloaded after import = 11

========================================================================
Received Import Request.
  Time since last request: 0.000017 seconds.
  path: Assets/Packages/JMO Assets/Cartoon FX Remaster/CFXR Assets/Graphics/cfxr ring ice.png
  importAddress: Guid(a19154c5a84e906469922890c029a7f8) Importer(2089858483,b0f066a214c2f5e87bad3c948f4d605d)
Start importing Assets/Packages/JMO Assets/Cartoon FX Remaster/CFXR Assets/Graphics/cfxr ring ice.png using Guid(a19154c5a84e906469922890c029a7f8) Importer(2089858483,b0f066a214c2f5e87bad3c948f4d605d) (ScriptedImporter) -> (Import Result ID: '1d52f1fe78010cb9f4c7749e25f6bf5a') in 0.0200357 seconds [static and dynamic dependencies]. Details - ImportResultOutputID=786a641747c4a0c0322d43f3da09d292 DependenciesID=6e4c7feeef730dd57635f8e84196a9f3 StaticDependenciesID=d80eb2fdb1be6d228ebe011e8f57a93a 
Number of updated asset objects reloaded before import = 0Number of asset objects unloaded after import = 1

========================================================================
Received Import Request.
  Time since last request: 0.000022 seconds.
  path: Assets/Packages/JMO Assets/Cartoon FX Remaster/CFXR Assets/Graphics/cfxr star blurred add.mat
  importAddress: Guid(a4b2919529f88e345804ef0e7e13b9bf) Importer(2089858483,b0f066a214c2f5e87bad3c948f4d605d)
Start importing Assets/Packages/JMO Assets/Cartoon FX Remaster/CFXR Assets/Graphics/cfxr star blurred add.mat using Guid(a4b2919529f88e345804ef0e7e13b9bf) Importer(2089858483,b0f066a214c2f5e87bad3c948f4d605d) (ScriptedImporter) -> (Import Result ID: '282a7258479d63c14a41e5d02a39e89b') in 0.0168022 seconds [static and dynamic dependencies]. Details - ImportResultOutputID=b5cb3fcc9f0258c043eebd6801c0865c DependenciesID=bfa36e6cf33576d48e910d0c919ae1da StaticDependenciesID=bfe418ad290d1316ae49a0ad637bf538 
Number of updated asset objects reloaded before import = 0Number of asset objects unloaded after import = 2

========================================================================
Received Import Request.
  Time since last request: 0.000030 seconds.
  path: Assets/Packages/JMO Assets/Cartoon FX Remaster/CFXR Assets/Graphics/cfxr line loop electric.png
  importAddress: Guid(24be193b88e84e042a08eab09c47f3c0) Importer(2089858483,b0f066a214c2f5e87bad3c948f4d605d)
Start importing Assets/Packages/JMO Assets/Cartoon FX Remaster/CFXR Assets/Graphics/cfxr line loop electric.png using Guid(24be193b88e84e042a08eab09c47f3c0) Importer(2089858483,b0f066a214c2f5e87bad3c948f4d605d) (ScriptedImporter) -> (Import Result ID: '5df4af439ab50ce03d8148368b748be8') in 0.0227437 seconds [static and dynamic dependencies]. Details - ImportResultOutputID=3a610935617b6e4cf966f6a30d07892f DependenciesID=050c66d5e222b26e3d76df97d2a3f80a StaticDependenciesID=522188e17a1c400201b86181752ebd04 
Number of updated asset objects reloaded before import = 0Number of asset objects unloaded after import = 1

========================================================================
Received Import Request.
  Time since last request: 0.000017 seconds.
  path: Assets/Packages/JMO Assets/Cartoon FX Remaster/CFXR Prefabs/Misc/CFXR3 Hit Misc F Smoke.prefab
  importAddress: Guid(9fe8f8b3288e45a44af36ff8aa04486e) Importer(2089858483,b0f066a214c2f5e87bad3c948f4d605d)
Start importing Assets/Packages/JMO Assets/Cartoon FX Remaster/CFXR Prefabs/Misc/CFXR3 Hit Misc F Smoke.prefab using Guid(9fe8f8b3288e45a44af36ff8aa04486e) Importer(2089858483,b0f066a214c2f5e87bad3c948f4d605d) (ScriptedImporter) -> (Import Result ID: 'c28f565f5c2167ad54808f9a664155bf') in 0.0503412 seconds [static and dynamic dependencies]. Details - ImportResultOutputID=e2bfc2b2fef248c87727922f71c60d39 DependenciesID=873a520c590e37ad8badb74ac8973ac6 StaticDependenciesID=3fb52dcc1531f47ec066214c882639f1 
Number of updated asset objects reloaded before import = 0Number of asset objects unloaded after import = 12

========================================================================
Received Import Request.
  Time since last request: 0.000019 seconds.
  path: Assets/Packages/JMO Assets/Cartoon FX Remaster/Demo Assets/Kino Bloom/Editor/BloomGraphDrawer.cs
  importAddress: Guid(4afcb2949e7fb42679b587b8848b7e02) Importer(2089858483,b0f066a214c2f5e87bad3c948f4d605d)
Start importing Assets/Packages/JMO Assets/Cartoon FX Remaster/Demo Assets/Kino Bloom/Editor/BloomGraphDrawer.cs using Guid(4afcb2949e7fb42679b587b8848b7e02) Importer(2089858483,b0f066a214c2f5e87bad3c948f4d605d) (ScriptedImporter) -> (Import Result ID: '40b15b3a442282fffa1522fda7d8e648') in 0.0116836 seconds [static and dynamic dependencies]. Details - ImportResultOutputID=b93bdfd11a33125f0e5f663564a82c3a DependenciesID=e739b48f6d397567a8d5466587316bd5 StaticDependenciesID=83d3a602d5dd220fd2c397ad57ef8e28 
Number of updated asset objects reloaded before import = 0Number of asset objects unloaded after import = 0

========================================================================
Received Import Request.
  Time since last request: 0.000027 seconds.
  path: Assets/Packages/JMO Assets/Cartoon FX Remaster/CFXR Prefabs/Nature/CFXR3 Shield Leaves A (Lit).prefab
  importAddress: Guid(e1385af346f4e624eb313ec1ea4fcd7e) Importer(2089858483,b0f066a214c2f5e87bad3c948f4d605d)
Start importing Assets/Packages/JMO Assets/Cartoon FX Remaster/CFXR Prefabs/Nature/CFXR3 Shield Leaves A (Lit).prefab using Guid(e1385af346f4e624eb313ec1ea4fcd7e) Importer(2089858483,b0f066a214c2f5e87bad3c948f4d605d) (ScriptedImporter) -> (Import Result ID: 'fcca9c7a5ce224a8d35381e4a259a71c') in 0.0540795 seconds [static and dynamic dependencies]. Details - ImportResultOutputID=65e7cf2bb4dfd0aa1234a4ec6b6aa91a DependenciesID=2b41fb58ad727094d3dbd8fa85ea5606 StaticDependenciesID=727acdfbccf60f69af8d737d3368c5b1 
Number of updated asset objects reloaded before import = 0Number of asset objects unloaded after import = 12

========================================================================
Received Import Request.
  Time since last request: 0.000017 seconds.
  path: Assets/Packages/JMO Assets/Cartoon FX Remaster/CFXR Prefabs/Eerie/CFXR2 WW Enemy Explosion.prefab
  importAddress: Guid(7ec363c8df426644ea85f8d6d570561c) Importer(2089858483,b0f066a214c2f5e87bad3c948f4d605d)
Start importing Assets/Packages/JMO Assets/Cartoon FX Remaster/CFXR Prefabs/Eerie/CFXR2 WW Enemy Explosion.prefab using Guid(7ec363c8df426644ea85f8d6d570561c) Importer(2089858483,b0f066a214c2f5e87bad3c948f4d605d) (ScriptedImporter) -> (Import Result ID: 'da37f2b36761a1d858358a0db13f6570') in 0.0590413 seconds [static and dynamic dependencies]. Details - ImportResultOutputID=82ea922bada1001bec43c067ab8c0b00 DependenciesID=34e046893b4c86d0163a9a2470be95f7 StaticDependenciesID=ba8ffcfae3baf43d8973e97d87c59b9e 
Number of updated asset objects reloaded before import = 0Number of asset objects unloaded after import = 34

========================================================================
Received Import Request.
  Time since last request: 0.000020 seconds.
  path: Assets/Packages/JMO Assets/Cartoon FX Remaster/CFXR Assets/Graphics/cfxr stretch triangle add.mat
  importAddress: Guid(ef871ae36c32a564cbe3c39713e711f5) Importer(2089858483,b0f066a214c2f5e87bad3c948f4d605d)
Start importing Assets/Packages/JMO Assets/Cartoon FX Remaster/CFXR Assets/Graphics/cfxr stretch triangle add.mat using Guid(ef871ae36c32a564cbe3c39713e711f5) Importer(2089858483,b0f066a214c2f5e87bad3c948f4d605d) (ScriptedImporter) -> (Import Result ID: 'd881f041de5635124463707c2f203761') in 0.0166642 seconds [static and dynamic dependencies]. Details - ImportResultOutputID=6e1d0e53985c92ba2f8300bcfb615cf9 DependenciesID=6af5f7690046db8d99269832d28e25ae StaticDependenciesID=2cd68d55c2e72f241ec85859e316e8e8 
Number of updated asset objects reloaded before import = 0Number of asset objects unloaded after import = 3

========================================================================
Received Import Request.
  Time since last request: 0.000029 seconds.
  path: Assets/Packages/JMO Assets/Cartoon FX Remaster/CFXR Assets/Graphics/cfxr proc glow soft invert hdr ab.mat
  importAddress: Guid(fb6da5b571861ca488a6dc05de02c74e) Importer(2089858483,b0f066a214c2f5e87bad3c948f4d605d)
Start importing Assets/Packages/JMO Assets/Cartoon FX Remaster/CFXR Assets/Graphics/cfxr proc glow soft invert hdr ab.mat using Guid(fb6da5b571861ca488a6dc05de02c74e) Importer(2089858483,b0f066a214c2f5e87bad3c948f4d605d) (ScriptedImporter) -> (Import Result ID: '9165b3299aa68a4464d2abfa9c32b7d6') in 0.0138917 seconds [static and dynamic dependencies]. Details - ImportResultOutputID=f5bda7ae36ab310a22fdfb4762ceadef DependenciesID=5b40dfd205d22e3a71669ff87167676e StaticDependenciesID=ae304b6d42580fa24aec5967baee65e1 
Number of updated asset objects reloaded before import = 0Number of asset objects unloaded after import = 1

========================================================================
Received Import Request.
  Time since last request: 0.000017 seconds.
  path: Assets/Packages/JMO Assets/Cartoon FX Remaster/CFXR Assets/Graphics/cfxr spikes half impact hdr ab.mat
  importAddress: Guid(82c96ba0983dc1a40b9a0e835c34e75f) Importer(2089858483,b0f066a214c2f5e87bad3c948f4d605d)
Start importing Assets/Packages/JMO Assets/Cartoon FX Remaster/CFXR Assets/Graphics/cfxr spikes half impact hdr ab.mat using Guid(82c96ba0983dc1a40b9a0e835c34e75f) Importer(2089858483,b0f066a214c2f5e87bad3c948f4d605d) (ScriptedImporter) -> (Import Result ID: 'a2d17d4d14e05c19ea7c31a64fd55ca9') in 0.0158467 seconds [static and dynamic dependencies]. Details - ImportResultOutputID=3db909c8ea709d433428da5d30dcccc1 DependenciesID=c3a724b985420d59576691296035c52c StaticDependenciesID=87945c8d1535633c50b7ffa7c3dea84c 
Number of updated asset objects reloaded before import = 0Number of asset objects unloaded after import = 2

========================================================================
Received Import Request.
  Time since last request: 0.000023 seconds.
  path: Assets/Packages/JMO Assets/Cartoon FX Remaster/CFXR Assets/Graphics/cfxr stretch inv spike fade ab.mat
  importAddress: Guid(546ab889d8c044b49b7fc3dc12ea2a58) Importer(2089858483,b0f066a214c2f5e87bad3c948f4d605d)
Start importing Assets/Packages/JMO Assets/Cartoon FX Remaster/CFXR Assets/Graphics/cfxr stretch inv spike fade ab.mat using Guid(546ab889d8c044b49b7fc3dc12ea2a58) Importer(2089858483,b0f066a214c2f5e87bad3c948f4d605d) (ScriptedImporter) -> (Import Result ID: 'd8629b9cef6b140f27990a2a72c2c828') in 0.0303878 seconds [static and dynamic dependencies]. Details - ImportResultOutputID=0a08dcedc47c30c211aafde2cec1593d DependenciesID=adb0106a659ae1ffbf1646a2abee7604 StaticDependenciesID=acd4b4621028f34c257633ce62d2b116 
Number of updated asset objects reloaded before import = 0Number of asset objects unloaded after import = 2

========================================================================
Received Import Request.
  Time since last request: 0.000020 seconds.
  path: Assets/Packages/JMO Assets/Cartoon FX Remaster/CFXR Assets/Graphics/cfxr sword trail noise tech.png
  importAddress: Guid(7bdef6750b9903840adfc6846382f0d1) Importer(2089858483,b0f066a214c2f5e87bad3c948f4d605d)
Start importing Assets/Packages/JMO Assets/Cartoon FX Remaster/CFXR Assets/Graphics/cfxr sword trail noise tech.png using Guid(7bdef6750b9903840adfc6846382f0d1) Importer(2089858483,b0f066a214c2f5e87bad3c948f4d605d) (ScriptedImporter) -> (Import Result ID: 'bc2c78b90a12240183712307ecce9346') in 0.0216015 seconds [static and dynamic dependencies]. Details - ImportResultOutputID=c6b0958ee3d8e0b33648a12349fae9db DependenciesID=298286fd042e7b9ed1c63687efb29c5b StaticDependenciesID=ba834ff0023f05610c4db01b6fbd0202 
Number of updated asset objects reloaded before import = 0Number of asset objects unloaded after import = 1

========================================================================
Received Import Request.
  Time since last request: 0.000028 seconds.
  path: Assets/Packages/Pixel Adventure 1/Assets/Traps/Trampoline/Idle.png
  importAddress: Guid(82025043983216e4dbc6a6805bc1d02e) Importer(2089858483,b0f066a214c2f5e87bad3c948f4d605d)
Start importing Assets/Packages/Pixel Adventure 1/Assets/Traps/Trampoline/Idle.png using Guid(82025043983216e4dbc6a6805bc1d02e) Importer(2089858483,b0f066a214c2f5e87bad3c948f4d605d) (ScriptedImporter) -> (Import Result ID: '06e6fda0983e26cf5f45b01433647153') in 0.0505837 seconds [static and dynamic dependencies]. Details - ImportResultOutputID=b44c6d7805c07c4a5cdf8c82f7d5c277 DependenciesID=1640eea0a73a876f2bd941c9e91d1b93 StaticDependenciesID=9d009e275f274eed61c6b79451c35d26 
Number of updated asset objects reloaded before import = 0Number of asset objects unloaded after import = 3

========================================================================
Received Import Request.
  Time since last request: 0.000017 seconds.
  path: Assets/Packages/JMO Assets/Cartoon FX Remaster/CFXR Prefabs/Impacts/CFXR2 Ground Hit.prefab
  importAddress: Guid(87ee7299dd44ed747af24dbb91bcd33b) Importer(2089858483,b0f066a214c2f5e87bad3c948f4d605d)
Start importing Assets/Packages/JMO Assets/Cartoon FX Remaster/CFXR Prefabs/Impacts/CFXR2 Ground Hit.prefab using Guid(87ee7299dd44ed747af24dbb91bcd33b) Importer(2089858483,b0f066a214c2f5e87bad3c948f4d605d) (ScriptedImporter) -> (Import Result ID: '413bd688e84ab1911a2471619b4d722e') in 0.0553719 seconds [static and dynamic dependencies]. Details - ImportResultOutputID=e2c94db00c52b6b6e75cd7db384490bf DependenciesID=83b7e30197496f6d3bf8b027d06017c0 StaticDependenciesID=552f4e1e85e8eb7331cf367a54bc4738 
Number of updated asset objects reloaded before import = 0Number of asset objects unloaded after import = 12

========================================================================
Received Import Request.
  Time since last request: 0.000019 seconds.
  path: Assets/Packages/JMO Assets/Cartoon FX Remaster/CFXR Assets/Graphics/cfxr spikes impact dissolve invert ab.mat
  importAddress: Guid(8c6442f9b7d64f94a8a76402e777f706) Importer(2089858483,b0f066a214c2f5e87bad3c948f4d605d)
Start importing Assets/Packages/JMO Assets/Cartoon FX Remaster/CFXR Assets/Graphics/cfxr spikes impact dissolve invert ab.mat using Guid(8c6442f9b7d64f94a8a76402e777f706) Importer(2089858483,b0f066a214c2f5e87bad3c948f4d605d) (ScriptedImporter) -> (Import Result ID: '70656f4ba67cd5b09dd6c24cf29ca738') in 0.0191777 seconds [static and dynamic dependencies]. Details - ImportResultOutputID=ce446175f83047546b3ca7cf73737ef9 DependenciesID=0b3c430b3c72fba2c056698b9e941a00 StaticDependenciesID=34f6951208a6bfca14809589b209a801 
Number of updated asset objects reloaded before import = 0Number of asset objects unloaded after import = 3

========================================================================
Received Import Request.
  Time since last request: 0.000050 seconds.
  path: Assets/Packages/Pixel Adventure 1/Assets/Traps/Spike Head/Idle.png
  importAddress: Guid(1508ab85aab80754fb0213cd79267961) Importer(2089858483,b0f066a214c2f5e87bad3c948f4d605d)
Start importing Assets/Packages/Pixel Adventure 1/Assets/Traps/Spike Head/Idle.png using Guid(1508ab85aab80754fb0213cd79267961) Importer(2089858483,b0f066a214c2f5e87bad3c948f4d605d) (ScriptedImporter) -> (Import Result ID: '6154a134290aa767d1fe4ccf9440bea3') in 0.0706388 seconds [static and dynamic dependencies]. Details - ImportResultOutputID=e5b3c13da2a006e35c581f02a31a47e6 DependenciesID=74387a4647b84b1f57d9f0695af9a151 StaticDependenciesID=f3f93287e5e5bdeddf26517908737c55 
Number of updated asset objects reloaded before import = 0Number of asset objects unloaded after import = 3

========================================================================
Received Import Request.
  Time since last request: 0.000021 seconds.
  path: Assets/Packages/JMO Assets/Cartoon FX Remaster/CFXR Assets/Graphics/cfxr flamme crisp.png
  importAddress: Guid(315b3593c4d9c5248858d9154173c6f6) Importer(2089858483,b0f066a214c2f5e87bad3c948f4d605d)
Start importing Assets/Packages/JMO Assets/Cartoon FX Remaster/CFXR Assets/Graphics/cfxr flamme crisp.png using Guid(315b3593c4d9c5248858d9154173c6f6) Importer(2089858483,b0f066a214c2f5e87bad3c948f4d605d) (ScriptedImporter) -> (Import Result ID: '06e09e36561061fd379399bef5efc21f') in 0.0380389 seconds [static and dynamic dependencies]. Details - ImportResultOutputID=00d95648175f64fbc33fd0f59892a361 DependenciesID=7c96eed594b3ebd1e6f507a07a991c98 StaticDependenciesID=8d2a880157c38bce9f0fa588b17402b2 
Number of updated asset objects reloaded before import = 0Number of asset objects unloaded after import = 1

========================================================================
Received Import Request.
  Time since last request: 0.000030 seconds.
  path: Assets/Packages/JMO Assets/Cartoon FX Remaster/CFXR Assets/Graphics/cfxr flamme plain mid hdr ab.mat
  importAddress: Guid(79806570957f1ae44a69055e0fad62f0) Importer(2089858483,b0f066a214c2f5e87bad3c948f4d605d)
Start importing Assets/Packages/JMO Assets/Cartoon FX Remaster/CFXR Assets/Graphics/cfxr flamme plain mid hdr ab.mat using Guid(79806570957f1ae44a69055e0fad62f0) Importer(2089858483,b0f066a214c2f5e87bad3c948f4d605d) (ScriptedImporter) -> (Import Result ID: '1214a3c9e28b302ddebb1addfd0d1f73') in 0.0193196 seconds [static and dynamic dependencies]. Details - ImportResultOutputID=2bf835a32fae3a2f457f81c1a414ca96 DependenciesID=af0fd2ccdf2844a7c81a29b4d30df498 StaticDependenciesID=3ada4b269800772173b4ca55ed25404c 
Number of updated asset objects reloaded before import = 0Number of asset objects unloaded after import = 3

========================================================================
Received Import Request.
  Time since last request: 0.000034 seconds.
  path: Assets/Packages/JMO Assets/Cartoon FX Remaster/CFXR Assets/Graphics/cfxr spikes impact hdr ab.mat
  importAddress: Guid(3a85f072ce29bad4f98e0984616fc152) Importer(2089858483,b0f066a214c2f5e87bad3c948f4d605d)
Start importing Assets/Packages/JMO Assets/Cartoon FX Remaster/CFXR Assets/Graphics/cfxr spikes impact hdr ab.mat using Guid(3a85f072ce29bad4f98e0984616fc152) Importer(2089858483,b0f066a214c2f5e87bad3c948f4d605d) (ScriptedImporter) -> (Import Result ID: '4da3dbb5c26fdeb384df419fcf760047') in 0.0270212 seconds [static and dynamic dependencies]. Details - ImportResultOutputID=d4b5cf4cb346bc4f4b1f3059a8bea8d2 DependenciesID=6f47a087708e1339893c7070e0d4a22c StaticDependenciesID=08923b755ecbfe95ab82be178a3e1244 
Number of updated asset objects reloaded before import = 0Number of asset objects unloaded after import = 2

========================================================================
Received Import Request.
  Time since last request: 0.000019 seconds.
  path: Assets/Packages/JMO Assets/Cartoon FX Remaster/CFXR Assets/Graphics/cfxr leave a.png
  importAddress: Guid(a6e796ea2be38514d8620ce99d61c74f) Importer(2089858483,b0f066a214c2f5e87bad3c948f4d605d)
Start importing Assets/Packages/JMO Assets/Cartoon FX Remaster/CFXR Assets/Graphics/cfxr leave a.png using Guid(a6e796ea2be38514d8620ce99d61c74f) Importer(2089858483,b0f066a214c2f5e87bad3c948f4d605d) (ScriptedImporter) -> (Import Result ID: '1c2985c9f50140e1c03cd7635c1a4764') in 0.0265799 seconds [static and dynamic dependencies]. Details - ImportResultOutputID=a2aac83589c4f4dd87f8934c35a3073f DependenciesID=4868d52c34c4d2f0efe7b57b159eb292 StaticDependenciesID=412fb5d048d7912cff476abcce4121ce 
Number of updated asset objects reloaded before import = 0Number of asset objects unloaded after import = 1

========================================================================
Received Import Request.
  Time since last request: 0.000033 seconds.
  path: Assets/Packages/JMO Assets/Cartoon FX Remaster/Demo Assets/UI/CFXR Demo Btn Ground.png
  importAddress: Guid(32b639b461ed6424eaacb0b92b1e8dc1) Importer(2089858483,b0f066a214c2f5e87bad3c948f4d605d)
Start importing Assets/Packages/JMO Assets/Cartoon FX Remaster/Demo Assets/UI/CFXR Demo Btn Ground.png using Guid(32b639b461ed6424eaacb0b92b1e8dc1) Importer(2089858483,b0f066a214c2f5e87bad3c948f4d605d) (ScriptedImporter) -> (Import Result ID: 'a4554803add80dc0bb7ef3e3490db155') in 0.1435631 seconds [static and dynamic dependencies]. Details - ImportResultOutputID=618d868d8229538d52f8d7bad5e3f047 DependenciesID=78cfe38bf84fc8835064154d97e408aa StaticDependenciesID=d690397ea31c9d7f971b44331c9bfb31 
Number of updated asset objects reloaded before import = 0Number of asset objects unloaded after import = 3

========================================================================
Received Import Request.
  Time since last request: 0.000028 seconds.
  path: Assets/Packages/JMO Assets/Cartoon FX Remaster/CFXR Assets/Graphics/cfxr stretch fire crisp fade hdr ab.mat
  importAddress: Guid(2e32f93f5ce765e47b0cabd37ce2b73d) Importer(2089858483,b0f066a214c2f5e87bad3c948f4d605d)
Start importing Assets/Packages/JMO Assets/Cartoon FX Remaster/CFXR Assets/Graphics/cfxr stretch fire crisp fade hdr ab.mat using Guid(2e32f93f5ce765e47b0cabd37ce2b73d) Importer(2089858483,b0f066a214c2f5e87bad3c948f4d605d) (ScriptedImporter) -> (Import Result ID: 'c665ff8ed7b4f605303904c4ab9bfea3') in 0.0446823 seconds [static and dynamic dependencies]. Details - ImportResultOutputID=048752693a075b09eda781cc6970d9d3 DependenciesID=2717c29fd9c6cb4bcb44fcc2c6513d6b StaticDependenciesID=4edb0c42f17c58557e560260ada10730 
Number of updated asset objects reloaded before import = 0Number of asset objects unloaded after import = 4

========================================================================
Received Import Request.
  Time since last request: 0.000018 seconds.
  path: Assets/Packages/JMO Assets/Cartoon FX Remaster/CFXR Prefabs/Texts/CFXR _BOING_.prefab
  importAddress: Guid(cf378989e15716e40a61692dcd97e628) Importer(2089858483,b0f066a214c2f5e87bad3c948f4d605d)
Start importing Assets/Packages/JMO Assets/Cartoon FX Remaster/CFXR Prefabs/Texts/CFXR _BOING_.prefab using Guid(cf378989e15716e40a61692dcd97e628) Importer(2089858483,b0f066a214c2f5e87bad3c948f4d605d) (ScriptedImporter) -> (Import Result ID: 'ed1cb6fca56035af6eec7f46307147be') in 0.0753947 seconds [static and dynamic dependencies]. Details - ImportResultOutputID=2f0f88c99bbe6352032310a3ff078f0a DependenciesID=4e3e520070b17bc7d203090977cef483 StaticDependenciesID=975fcc4123714e593965898248bb71ea 
Number of updated asset objects reloaded before import = 0Number of asset objects unloaded after import = 96

========================================================================
Received Import Request.
  Time since last request: 0.000023 seconds.
  path: Assets/Packages/JMO Assets/Welcome Screen/CFXR_WelcomeScreen.uss
  importAddress: Guid(f8b971f10a610844f968f582415df874) Importer(2089858483,b0f066a214c2f5e87bad3c948f4d605d)
Start importing Assets/Packages/JMO Assets/Welcome Screen/CFXR_WelcomeScreen.uss using Guid(f8b971f10a610844f968f582415df874) Importer(2089858483,b0f066a214c2f5e87bad3c948f4d605d) (ScriptedImporter) -> (Import Result ID: 'ad60433cd5e35fcfb5c92dcdfc510f37') in 0.0342702 seconds [static and dynamic dependencies]. Details - ImportResultOutputID=5a4b6c5162ec1a7dfb89e251faf66943 DependenciesID=1a77b5f3e864e9c58797407c69dc08aa StaticDependenciesID=ff7924a3ac2f1f1850a2193c9a6cb8be 
Number of updated asset objects reloaded before import = 0Number of asset objects unloaded after import = 1

========================================================================
Received Import Request.
  Time since last request: 0.000033 seconds.
  path: Assets/Packages/JMO Assets/Cartoon FX Remaster/CFXR Assets/Graphics/cfxr fire circle drawn hdr ab.mat
  importAddress: Guid(fd90ae0fa3165884da778202eace3071) Importer(2089858483,b0f066a214c2f5e87bad3c948f4d605d)
Start importing Assets/Packages/JMO Assets/Cartoon FX Remaster/CFXR Assets/Graphics/cfxr fire circle drawn hdr ab.mat using Guid(fd90ae0fa3165884da778202eace3071) Importer(2089858483,b0f066a214c2f5e87bad3c948f4d605d) (ScriptedImporter) -> (Import Result ID: 'd0d0d9c6235eb84793373542e464ea3f') in 0.0279758 seconds [static and dynamic dependencies]. Details - ImportResultOutputID=5176d46b8d1d6904756da874c72393b1 DependenciesID=3f18543b3a2939c09b542217ed8f034a StaticDependenciesID=000352f06aec16ad94f9980e8509d111 
Number of updated asset objects reloaded before import = 0Number of asset objects unloaded after import = 2

========================================================================
Received Import Request.
  Time since last request: 0.000023 seconds.
  path: Assets/Packages/JMO Assets/Cartoon FX Remaster/CFXR Assets/Graphics/cfxr heart break dissolve ab.mat
  importAddress: Guid(301dce4846efde14394aa2a2b88960b1) Importer(2089858483,b0f066a214c2f5e87bad3c948f4d605d)
Start importing Assets/Packages/JMO Assets/Cartoon FX Remaster/CFXR Assets/Graphics/cfxr heart break dissolve ab.mat using Guid(301dce4846efde14394aa2a2b88960b1) Importer(2089858483,b0f066a214c2f5e87bad3c948f4d605d) (ScriptedImporter) -> (Import Result ID: 'ba0a34f845fd1cb47251ec209420cc01') in 0.0171334 seconds [static and dynamic dependencies]. Details - ImportResultOutputID=68380fafc4e10b18a1f2153738dc7f69 DependenciesID=5dc0ad27bd4907ba2fc1c96146a6b89d StaticDependenciesID=b716aae299f980741a43e8f319479709 
Number of updated asset objects reloaded before import = 0Number of asset objects unloaded after import = 3

========================================================================
Received Import Request.
  Time since last request: 0.000017 seconds.
  path: Assets/Packages/Pixel Adventure 1/Assets/Items/Boxes/Box3/Idle.png
  importAddress: Guid(bcb85d05bbdb8a2468fe865da75a2795) Importer(2089858483,b0f066a214c2f5e87bad3c948f4d605d)
Start importing Assets/Packages/Pixel Adventure 1/Assets/Items/Boxes/Box3/Idle.png using Guid(bcb85d05bbdb8a2468fe865da75a2795) Importer(2089858483,b0f066a214c2f5e87bad3c948f4d605d) (ScriptedImporter) -> (Import Result ID: '958e5a06a340e90a4628e4435284e1f1') in 0.0328775 seconds [static and dynamic dependencies]. Details - ImportResultOutputID=0790f927b7b1c27559083e916eccd8cb DependenciesID=423dc8841a22ec5733e969fa58f65267 StaticDependenciesID=158357a273965bf11e0fdaa8fa3b0667 
Number of updated asset objects reloaded before import = 0Number of asset objects unloaded after import = 3

========================================================================
Received Import Request.
  Time since last request: 0.000024 seconds.
  path: Assets/Packages/JMO Assets/Cartoon FX Remaster/CFXR Assets/Graphics/cfxr smiley smile.png
  importAddress: Guid(e0920f0cd8cdcc54dae4bf8edd8797b2) Importer(2089858483,b0f066a214c2f5e87bad3c948f4d605d)
Start importing Assets/Packages/JMO Assets/Cartoon FX Remaster/CFXR Assets/Graphics/cfxr smiley smile.png using Guid(e0920f0cd8cdcc54dae4bf8edd8797b2) Importer(2089858483,b0f066a214c2f5e87bad3c948f4d605d) (ScriptedImporter) -> (Import Result ID: '6954b17d65933fc953b0e3ee6dabd743') in 0.0217212 seconds [static and dynamic dependencies]. Details - ImportResultOutputID=fd20080693a6cc9c7e45747855a9cbee DependenciesID=b24338abd5b03db0c00f7526be8ad468 StaticDependenciesID=83b405b4c0008b3d8375e5a3f1945869 
Number of updated asset objects reloaded before import = 0Number of asset objects unloaded after import = 1

========================================================================
Received Import Request.
  Time since last request: 0.000028 seconds.
  path: Assets/Packages/JMO Assets/Cartoon FX Remaster/Demo Assets/Kino Bloom/Shader/Bloom.shader
  importAddress: Guid(5a711a01011934ebcb58ef5ad52159d6) Importer(2089858483,b0f066a214c2f5e87bad3c948f4d605d)
Start importing Assets/Packages/JMO Assets/Cartoon FX Remaster/Demo Assets/Kino Bloom/Shader/Bloom.shader using Guid(5a711a01011934ebcb58ef5ad52159d6) Importer(2089858483,b0f066a214c2f5e87bad3c948f4d605d) (ScriptedImporter) -> (Import Result ID: '92358ac7590bb3620db0dbec91a6a95d') in 0.0168217 seconds [static and dynamic dependencies]. Details - ImportResultOutputID=d5f6e648f56ee64dc60830674cb87aa1 DependenciesID=964fd6251bf0d9baf0c39e54648b4064 StaticDependenciesID=33b85b739766d05bce4aba46366ee934 
Number of updated asset objects reloaded before import = 0Number of asset objects unloaded after import = 1

========================================================================
Received Import Request.
  Time since last request: 0.000017 seconds.
  path: Assets/Prefabs/GameSystem.prefab
  importAddress: Guid(b0ac440b3c2e4bc4ba45599579f63974) Importer(2089858483,b0f066a214c2f5e87bad3c948f4d605d)
Start importing Assets/Prefabs/GameSystem.prefab using Guid(b0ac440b3c2e4bc4ba45599579f63974) Importer(2089858483,b0f066a214c2f5e87bad3c948f4d605d) (ScriptedImporter) -> (Import Result ID: 'ffa1d3fb66984678c55462c5141a68cd') in 0.2929448 seconds [static and dynamic dependencies]. Details - ImportResultOutputID=685351c51f2c664bc09c5900715529c4 DependenciesID=b3683e25859e8e888b3f4572144871cb StaticDependenciesID=623c51b3005c03d0c0c606665a316ccf 
Number of updated asset objects reloaded before import = 0Number of asset objects unloaded after import = 8

========================================================================
Received Import Request.
  Time since last request: 0.000029 seconds.
  path: Assets/Packages/JMO Assets/Cartoon FX Remaster/CFXR Assets/Graphics/cfxr fire edge hdr ab.mat
  importAddress: Guid(d9c5aa6680f32ab48a1e81e4c58c4851) Importer(2089858483,b0f066a214c2f5e87bad3c948f4d605d)
Start importing Assets/Packages/JMO Assets/Cartoon FX Remaster/CFXR Assets/Graphics/cfxr fire edge hdr ab.mat using Guid(d9c5aa6680f32ab48a1e81e4c58c4851) Importer(2089858483,b0f066a214c2f5e87bad3c948f4d605d) (ScriptedImporter) -> (Import Result ID: '4ac8f2b8237b997c87f93dcf3ab15b1b') in 0.0990726 seconds [static and dynamic dependencies]. Details - ImportResultOutputID=2ae5b3c0128f1f5c575b8eca0d93dd87 DependenciesID=c5658848474da987f86dd9f0c0470413 StaticDependenciesID=1d48a86a34f31a1c2b005f54b05f5989 
Number of updated asset objects reloaded before import = 0Number of asset objects unloaded after import = 3

========================================================================
Received Import Request.
  Time since last request: 0.000032 seconds.
  path: Assets/Packages/JMO Assets/Cartoon FX Remaster/CFXR Assets/Graphics/cfxr fly anim x4.png
  importAddress: Guid(d580173d07130794fbd69bdb9a1d3793) Importer(2089858483,b0f066a214c2f5e87bad3c948f4d605d)
Start importing Assets/Packages/JMO Assets/Cartoon FX Remaster/CFXR Assets/Graphics/cfxr fly anim x4.png using Guid(d580173d07130794fbd69bdb9a1d3793) Importer(2089858483,b0f066a214c2f5e87bad3c948f4d605d) (ScriptedImporter) -> (Import Result ID: 'e828be4efcdbdf2f2efd47f03832d34d') in 0.0231118 seconds [static and dynamic dependencies]. Details - ImportResultOutputID=9838d7dae6e6cca54908c7d1b53b4cf4 DependenciesID=6e8bff67402c0f38e43faeed9e1f16f5 StaticDependenciesID=cd16eadecdb77093010251269484840b 
Number of updated asset objects reloaded before import = 0Number of asset objects unloaded after import = 1

========================================================================
Received Import Request.
  Time since last request: 0.000017 seconds.
  path: Assets/Packages/JMO Assets/Cartoon FX Remaster/CFXR Assets/Meshes/cfxr ring mesh local space.asset
  importAddress: Guid(b0456bb37d6ff3b4e956cba074fb9253) Importer(2089858483,b0f066a214c2f5e87bad3c948f4d605d)
Start importing Assets/Packages/JMO Assets/Cartoon FX Remaster/CFXR Assets/Meshes/cfxr ring mesh local space.asset using Guid(b0456bb37d6ff3b4e956cba074fb9253) Importer(2089858483,b0f066a214c2f5e87bad3c948f4d605d) (ScriptedImporter) -> (Import Result ID: '7a4be91f91070c915d14a132641bbbf4') in 0.0180249 seconds [static and dynamic dependencies]. Details - ImportResultOutputID=dd61e3e91bfe34186762b5b7ee71c171 DependenciesID=ae66aae6ea8a4b2c6d85cb1cf461935b StaticDependenciesID=a400ac1ed62d21eb983bdd5183bf1ddb 
Number of updated asset objects reloaded before import = 0Number of asset objects unloaded after import = 1

========================================================================
Received Import Request.
  Time since last request: 0.000028 seconds.
  path: Assets/Packages/JMO Assets/Cartoon FX Remaster/CFXR Assets/Graphics/cfxr ww smoke bright hdr ab.mat
  importAddress: Guid(94e7635f3a92a7245abb4b56e5834fa2) Importer(2089858483,b0f066a214c2f5e87bad3c948f4d605d)
Start importing Assets/Packages/JMO Assets/Cartoon FX Remaster/CFXR Assets/Graphics/cfxr ww smoke bright hdr ab.mat using Guid(94e7635f3a92a7245abb4b56e5834fa2) Importer(2089858483,b0f066a214c2f5e87bad3c948f4d605d) (ScriptedImporter) -> (Import Result ID: 'ccb0576dc30fcd481906c27694129e9a') in 0.0205885 seconds [static and dynamic dependencies]. Details - ImportResultOutputID=ae544e1dabc7012785509e8de27c631f DependenciesID=bcd801aacb74aba4da65f82b44ae567c StaticDependenciesID=d009099a4f4ce3559a7c0c44796586d2 
Number of updated asset objects reloaded before import = 0Number of asset objects unloaded after import = 2

========================================================================
Received Import Request.
  Time since last request: 0.000029 seconds.
  path: Assets/Packages/JMO Assets/Cartoon FX Remaster/CFXR Prefabs/Explosions/CFXR Explosion Smoke 2 Solo (HDR).prefab
  importAddress: Guid(4bda94453d2ca7444a0fff05b2d425f5) Importer(2089858483,b0f066a214c2f5e87bad3c948f4d605d)
Start importing Assets/Packages/JMO Assets/Cartoon FX Remaster/CFXR Prefabs/Explosions/CFXR Explosion Smoke 2 Solo (HDR).prefab using Guid(4bda94453d2ca7444a0fff05b2d425f5) Importer(2089858483,b0f066a214c2f5e87bad3c948f4d605d) (ScriptedImporter) -> (Import Result ID: '885370ba90eaf11e0716e29724d7ca13') in 0.0700684 seconds [static and dynamic dependencies]. Details - ImportResultOutputID=2808ac6031fb0bfb7220e2f90542eb7b DependenciesID=1893c1adc8cc35423259217fcc0f5373 StaticDependenciesID=f3cb62bd7251072a17b0afc91b71c962 
Number of updated asset objects reloaded before import = 0Number of asset objects unloaded after import = 22

========================================================================
Received Import Request.
  Time since last request: 0.000023 seconds.
  path: Assets/Packages/JMO Assets/Cartoon FX Remaster/CFXR Assets/Graphics/cfxr ring ripple dissolve.png
  importAddress: Guid(e58503026c7eb45498f82668dbd6294c) Importer(2089858483,b0f066a214c2f5e87bad3c948f4d605d)
Start importing Assets/Packages/JMO Assets/Cartoon FX Remaster/CFXR Assets/Graphics/cfxr ring ripple dissolve.png using Guid(e58503026c7eb45498f82668dbd6294c) Importer(2089858483,b0f066a214c2f5e87bad3c948f4d605d) (ScriptedImporter) -> (Import Result ID: '46795ef8c10a8dd177f7d39f4c99ad7a') in 0.0323774 seconds [static and dynamic dependencies]. Details - ImportResultOutputID=a69ac088469c1032005d9df9d0388118 DependenciesID=ffda7d3f11593e2ffd0ddb95f6ce9fba StaticDependenciesID=6f879288c3e2813ec38f028d351ec064 
Number of updated asset objects reloaded before import = 0Number of asset objects unloaded after import = 1

========================================================================
Received Import Request.
  Time since last request: 0.000021 seconds.
  path: Assets/Packages/JMO Assets/Cartoon FX Remaster/CFXR Assets/Graphics/cfxr water small splash stretch nosp ab.mat
  importAddress: Guid(e9a9e8bac511e0f40935dbea31a91a3d) Importer(2089858483,b0f066a214c2f5e87bad3c948f4d605d)
Start importing Assets/Packages/JMO Assets/Cartoon FX Remaster/CFXR Assets/Graphics/cfxr water small splash stretch nosp ab.mat using Guid(e9a9e8bac511e0f40935dbea31a91a3d) Importer(2089858483,b0f066a214c2f5e87bad3c948f4d605d) (ScriptedImporter) -> (Import Result ID: '7c4244386ba72bfedb808f2d1676754c') in 0.0192095 seconds [static and dynamic dependencies]. Details - ImportResultOutputID=fb38cf1325ce1bed8047d62a849951f6 DependenciesID=b9ce83800d52379ab3d7dbfdab5cea2a StaticDependenciesID=dcde27ae4df94f58de10944e07411cda 
Number of updated asset objects reloaded before import = 0Number of asset objects unloaded after import = 2

========================================================================
Received Import Request.
  Time since last request: 0.000069 seconds.
  path: Assets/Packages/JMO Assets/Cartoon FX Remaster/CFXR Assets/Graphics/cfxr sword trail tech hit.mat
  importAddress: Guid(8c29917daa5f6504394824921193ace0) Importer(2089858483,b0f066a214c2f5e87bad3c948f4d605d)
Start importing Assets/Packages/JMO Assets/Cartoon FX Remaster/CFXR Assets/Graphics/cfxr sword trail tech hit.mat using Guid(8c29917daa5f6504394824921193ace0) Importer(2089858483,b0f066a214c2f5e87bad3c948f4d605d) (ScriptedImporter) -> (Import Result ID: 'bd3b29c5e88d5b59f7c5f3f46e04e7e0') in 0.0222868 seconds [static and dynamic dependencies]. Details - ImportResultOutputID=dd1a885423e1dd350f3341bddcfea7dd DependenciesID=23a785e01c31620ab83f9f5f1d11915d StaticDependenciesID=80bdd54df95e7131bb21106ea0420130 
Number of updated asset objects reloaded before import = 0Number of asset objects unloaded after import = 4

========================================================================
Received Import Request.
  Time since last request: 0.000023 seconds.
  path: Assets/Packages/JMO Assets/Cartoon FX Remaster/CFXR Assets/Graphics/cfxr stretch rain blur ab nosp.mat
  importAddress: Guid(1907056c31c502d498df765288c92228) Importer(2089858483,b0f066a214c2f5e87bad3c948f4d605d)
Start importing Assets/Packages/JMO Assets/Cartoon FX Remaster/CFXR Assets/Graphics/cfxr stretch rain blur ab nosp.mat using Guid(1907056c31c502d498df765288c92228) Importer(2089858483,b0f066a214c2f5e87bad3c948f4d605d) (ScriptedImporter) -> (Import Result ID: 'badccc16ed112db0497c6691f1030248') in 0.0855968 seconds [static and dynamic dependencies]. Details - ImportResultOutputID=b52395437f27b27cd1a9c84096073075 DependenciesID=0a3d8d0a7a3387a6fe88b2712b38685a StaticDependenciesID=859c2258db9720d1282e57c86ddc9448 
Number of updated asset objects reloaded before import = 0Number of asset objects unloaded after import = 2

========================================================================
Received Import Request.
  Time since last request: 0.000024 seconds.
  path: Assets/Settings/Scenes/URP2DSceneTemplate.unity
  importAddress: Guid(2cda990e2423bbf4892e6590ba056729) Importer(2089858483,b0f066a214c2f5e87bad3c948f4d605d)
Start importing Assets/Settings/Scenes/URP2DSceneTemplate.unity using Guid(2cda990e2423bbf4892e6590ba056729) Importer(2089858483,b0f066a214c2f5e87bad3c948f4d605d) (ScriptedImporter) -> (Import Result ID: '90ed310157c798c571f82e2122b1e605') in 0.0324328 seconds [static and dynamic dependencies]. Details - ImportResultOutputID=3ef652cf77b76fb01ac9861d81c2d2fe DependenciesID=b383f95498550c1a85235f204e193303 StaticDependenciesID=42be838363dc3e52291f962dbeb3a9fa 
Number of updated asset objects reloaded before import = 0Number of asset objects unloaded after import = 1

========================================================================
Received Import Request.
  Time since last request: 0.000030 seconds.
  path: Assets/Packages/JMO Assets/Cartoon FX Remaster/CFXR Assets/Graphics/cfxr flamme blur stable fine hdr ab.mat
  importAddress: Guid(7a1909e1ac5325d4584311708230d0ca) Importer(2089858483,b0f066a214c2f5e87bad3c948f4d605d)
Start importing Assets/Packages/JMO Assets/Cartoon FX Remaster/CFXR Assets/Graphics/cfxr flamme blur stable fine hdr ab.mat using Guid(7a1909e1ac5325d4584311708230d0ca) Importer(2089858483,b0f066a214c2f5e87bad3c948f4d605d) (ScriptedImporter) -> (Import Result ID: 'a14201fdf1e5f494ec2eb3733d397339') in 0.0175002 seconds [static and dynamic dependencies]. Details - ImportResultOutputID=aab2b9586c65a6bc72d2a81e14c96cf9 DependenciesID=455f7554766186844e7369cef80ead59 StaticDependenciesID=c7343eced018da81922754d6b286ec22 
Number of updated asset objects reloaded before import = 0Number of asset objects unloaded after import = 3

========================================================================
Received Import Request.
  Time since last request: 0.000017 seconds.
  path: Assets/Packages/JMO Assets/Cartoon FX Remaster/CFXR Assets/Shaders/CFXR_URP.cginc
  importAddress: Guid(3eab241579cd5514388d88f452714385) Importer(2089858483,b0f066a214c2f5e87bad3c948f4d605d)
Start importing Assets/Packages/JMO Assets/Cartoon FX Remaster/CFXR Assets/Shaders/CFXR_URP.cginc using Guid(3eab241579cd5514388d88f452714385) Importer(2089858483,b0f066a214c2f5e87bad3c948f4d605d) (ScriptedImporter) -> (Import Result ID: 'a3dcfd6c15543bd1692ca5b55d2dfdbe') in 0.0113498 seconds [static and dynamic dependencies]. Details - ImportResultOutputID=9c95a0658a9c92323a3527b3642f223d DependenciesID=873aabd9e24fbab08c17b48f75b4bf61 StaticDependenciesID=d50b71b2767c3680fdb5fdcf86f96528 
Number of updated asset objects reloaded before import = 0Number of asset objects unloaded after import = 1

========================================================================
Received Import Request.
  Time since last request: 0.000018 seconds.
  path: Assets/Packages/Pixel Adventure 1/Assets/Other/Dust Particle.png
  importAddress: Guid(e7980a08b8e9f3c4bbe56762604cba98) Importer(2089858483,b0f066a214c2f5e87bad3c948f4d605d)
Start importing Assets/Packages/Pixel Adventure 1/Assets/Other/Dust Particle.png using Guid(e7980a08b8e9f3c4bbe56762604cba98) Importer(2089858483,b0f066a214c2f5e87bad3c948f4d605d) (ScriptedImporter) -> (Import Result ID: '3b47ad4509c67d0e8264b8aad12357b9') in 0.0512886 seconds [static and dynamic dependencies]. Details - ImportResultOutputID=3fbe9a9ae4df42cb3d32066cb4f8ea49 DependenciesID=e064dcb7293a0ea7560a58f20b856495 StaticDependenciesID=7dc51506d5a8901c32fbe6320809cfbc 
Number of updated asset objects reloaded before import = 0Number of asset objects unloaded after import = 3

========================================================================
Received Import Request.
  Time since last request: 0.000020 seconds.
  path: Assets/Packages/JMO Assets/Cartoon FX Remaster/CFXR Assets/Graphics/cfxr leave b ab lit normal.mat
  importAddress: Guid(003c1ad2de9b7564795d3236f6794b7c) Importer(2089858483,b0f066a214c2f5e87bad3c948f4d605d)
Start importing Assets/Packages/JMO Assets/Cartoon FX Remaster/CFXR Assets/Graphics/cfxr leave b ab lit normal.mat using Guid(003c1ad2de9b7564795d3236f6794b7c) Importer(2089858483,b0f066a214c2f5e87bad3c948f4d605d) (ScriptedImporter) -> (Import Result ID: '015710790e5de819a08f1a99eadb6f94') in 0.0162029 seconds [static and dynamic dependencies]. Details - ImportResultOutputID=364333ad5c40bf423c0e9197dc14ac6b DependenciesID=ae31723a7e279d17a3bf2f73971ae294 StaticDependenciesID=82d57500d01a6b52bd9c4dc63b3a8328 
Number of updated asset objects reloaded before import = 0Number of asset objects unloaded after import = 3

========================================================================
Received Import Request.
  Time since last request: 0.000028 seconds.
  path: Assets/Packages/JMO Assets/Cartoon FX Remaster/CFXR Assets/Graphics/cfxr puddle dissolve soft ab.mat
  importAddress: Guid(8bbcb67e3b86fe64f9cf425aad7e9404) Importer(2089858483,b0f066a214c2f5e87bad3c948f4d605d)
Start importing Assets/Packages/JMO Assets/Cartoon FX Remaster/CFXR Assets/Graphics/cfxr puddle dissolve soft ab.mat using Guid(8bbcb67e3b86fe64f9cf425aad7e9404) Importer(2089858483,b0f066a214c2f5e87bad3c948f4d605d) (ScriptedImporter) -> (Import Result ID: '2716c10af5f201ce1fed01f5ba4c784e') in 0.0167063 seconds [static and dynamic dependencies]. Details - ImportResultOutputID=a48ef434213e47155bf78b0dc182af5c DependenciesID=867273eb04142e3a3089657685a6e302 StaticDependenciesID=582f7a7855646f301d3dbaa9a541407c 
Number of updated asset objects reloaded before import = 0Number of asset objects unloaded after import = 3

========================================================================
Received Import Request.
  Time since last request: 0.000018 seconds.
  path: Assets/Packages/JMO Assets/Cartoon FX Remaster/CFXR Assets/Graphics/cfxr bubble hdr ab.mat
  importAddress: Guid(92f3f05a0e6f8e840b8e4367b2c7713b) Importer(2089858483,b0f066a214c2f5e87bad3c948f4d605d)
Start importing Assets/Packages/JMO Assets/Cartoon FX Remaster/CFXR Assets/Graphics/cfxr bubble hdr ab.mat using Guid(92f3f05a0e6f8e840b8e4367b2c7713b) Importer(2089858483,b0f066a214c2f5e87bad3c948f4d605d) (ScriptedImporter) -> (Import Result ID: '5a218b025efc49aca57497448a1d7de3') in 0.0172891 seconds [static and dynamic dependencies]. Details - ImportResultOutputID=6b8d1836383e9727498c5f539584703e DependenciesID=d035b4ff91afa492c058013c427c55cb StaticDependenciesID=71baf23a357e7ea638b00b24d2facf3c 
Number of updated asset objects reloaded before import = 0Number of asset objects unloaded after import = 2

========================================================================
Received Import Request.
  Time since last request: 0.000024 seconds.
  path: Assets/Animation/PlayerAnimations/PlayerBasicAttack2.anim
  importAddress: Guid(4720d02e22c1be447b9ef616e90d87ba) Importer(2089858483,b0f066a214c2f5e87bad3c948f4d605d)
Start importing Assets/Animation/PlayerAnimations/PlayerBasicAttack2.anim using Guid(4720d02e22c1be447b9ef616e90d87ba) Importer(2089858483,b0f066a214c2f5e87bad3c948f4d605d) (ScriptedImporter) -> (Import Result ID: 'd4cf12e5ef3ba1282784ed47fc834560') in 0.044629 seconds [static and dynamic dependencies]. Details - ImportResultOutputID=a84a093dee9a0948bec47863c8d91308 DependenciesID=3e93afdc6a783142933afc483c6f8cfb StaticDependenciesID=d2e1ec9f1d4ae45952225268cd395310 
Number of updated asset objects reloaded before import = 0Number of asset objects unloaded after import = 1

========================================================================
Received Import Request.
  Time since last request: 0.000025 seconds.
  path: Assets/Packages/JMO Assets/Cartoon FX Remaster/CFXR Assets/Graphics/cfxr smoke cloud x4 ab lit normal.mat
  importAddress: Guid(84d4cc499ffaa5940975f7aba4fcbb24) Importer(2089858483,b0f066a214c2f5e87bad3c948f4d605d)
Start importing Assets/Packages/JMO Assets/Cartoon FX Remaster/CFXR Assets/Graphics/cfxr smoke cloud x4 ab lit normal.mat using Guid(84d4cc499ffaa5940975f7aba4fcbb24) Importer(2089858483,b0f066a214c2f5e87bad3c948f4d605d) (ScriptedImporter) -> (Import Result ID: '23b81d153cf77fe90d513659996b5af0') in 0.0720651 seconds [static and dynamic dependencies]. Details - ImportResultOutputID=34c16b7612ae04c104a09da41c0539e0 DependenciesID=dc6902132f5fac846d1cddb15c808f49 StaticDependenciesID=c51f4d638593eeb76a90969ecbd92035 
Number of updated asset objects reloaded before import = 0Number of asset objects unloaded after import = 4

========================================================================
Received Import Request.
  Time since last request: 0.000064 seconds.
  path: Assets/Packages/Pixel Adventure 1/Assets/Main Characters/Pink Man/Idle (32x32).png
  importAddress: Guid(d348dff3819df794186a80cb95777629) Importer(2089858483,b0f066a214c2f5e87bad3c948f4d605d)
Start importing Assets/Packages/Pixel Adventure 1/Assets/Main Characters/Pink Man/Idle (32x32).png using Guid(d348dff3819df794186a80cb95777629) Importer(2089858483,b0f066a214c2f5e87bad3c948f4d605d) (ScriptedImporter) -> (Import Result ID: '415864456d3393a67fb5e2b3b971e327') in 0.0629836 seconds [static and dynamic dependencies]. Details - ImportResultOutputID=b060326247755dc32b3ed421f196b9f3 DependenciesID=7baba85b6f41820b8840e0013ea40673 StaticDependenciesID=71236d7bf863e4b5cc807db718e467cc 
Number of updated asset objects reloaded before import = 0Number of asset objects unloaded after import = 13

========================================================================
Received Import Request.
  Time since last request: 0.000023 seconds.
  path: Assets/Packages/JMO Assets/Cartoon FX Remaster/CFXR Assets/Graphics/cfxr stretch trait.png
  importAddress: Guid(851bab4bc28a67d47b301a47a0b7ba7f) Importer(2089858483,b0f066a214c2f5e87bad3c948f4d605d)
Start importing Assets/Packages/JMO Assets/Cartoon FX Remaster/CFXR Assets/Graphics/cfxr stretch trait.png using Guid(851bab4bc28a67d47b301a47a0b7ba7f) Importer(2089858483,b0f066a214c2f5e87bad3c948f4d605d) (ScriptedImporter) -> (Import Result ID: '7ebf7eb1ca54a9b803be6b048eeac43b') in 0.023417 seconds [static and dynamic dependencies]. Details - ImportResultOutputID=117b12e5f46ea1fae2bf696f61d9f55c DependenciesID=1abfe23e9752f41e921dd62e5067f480 StaticDependenciesID=456862dc4485b6dca62b4b76906921a8 
Number of updated asset objects reloaded before import = 0Number of asset objects unloaded after import = 1

========================================================================
Received Import Request.
  Time since last request: 0.000021 seconds.
  path: Assets/Packages/JMO Assets/Cartoon FX Remaster/CFXR Prefabs/Electric/CFXR2 Sparks Rain.prefab
  importAddress: Guid(798157bad7358b04499c9d71cd3c0d9b) Importer(2089858483,b0f066a214c2f5e87bad3c948f4d605d)
Start importing Assets/Packages/JMO Assets/Cartoon FX Remaster/CFXR Prefabs/Electric/CFXR2 Sparks Rain.prefab using Guid(798157bad7358b04499c9d71cd3c0d9b) Importer(2089858483,b0f066a214c2f5e87bad3c948f4d605d) (ScriptedImporter) -> (Import Result ID: '0896979d1a0699e90cadcfa361f0feb0') in 0.0496092 seconds [static and dynamic dependencies]. Details - ImportResultOutputID=aa32eb25a58806d810fd041c26e8a75d DependenciesID=fe29788d2f06f30848e866f4881b08d1 StaticDependenciesID=d797291d1583046689bb34e9b4bb39ab 
Number of updated asset objects reloaded before import = 0Number of asset objects unloaded after import = 7

========================================================================
Received Import Request.
  Time since last request: 0.000031 seconds.
  path: Assets/Packages/JMO Assets/Cartoon FX Remaster/CFXR Assets/Graphics/cfxr spikes impact dissolve hdr ab.mat
  importAddress: Guid(0762aad6c86c7184482fd5c0cdea3b0e) Importer(2089858483,b0f066a214c2f5e87bad3c948f4d605d)
Start importing Assets/Packages/JMO Assets/Cartoon FX Remaster/CFXR Assets/Graphics/cfxr spikes impact dissolve hdr ab.mat using Guid(0762aad6c86c7184482fd5c0cdea3b0e) Importer(2089858483,b0f066a214c2f5e87bad3c948f4d605d) (ScriptedImporter) -> (Import Result ID: 'a149d34889970105df789a239631bf2b') in 0.0250427 seconds [static and dynamic dependencies]. Details - ImportResultOutputID=c1b9845e53f98932661ad579f00bd4bc DependenciesID=152144480841c85614b66ac0c0f8b8ea StaticDependenciesID=3f0928bbeaa680dcbdf417c9c79965f8 
Number of updated asset objects reloaded before import = 0Number of asset objects unloaded after import = 3

========================================================================
Received Import Request.
  Time since last request: 0.000021 seconds.
  path: Assets/Packages/JMO Assets/Cartoon FX Remaster/CFXR Assets/Graphics/cfxr magic star.png
  importAddress: Guid(081073d8f2209c949819e1e5872845b3) Importer(2089858483,b0f066a214c2f5e87bad3c948f4d605d)
Start importing Assets/Packages/JMO Assets/Cartoon FX Remaster/CFXR Assets/Graphics/cfxr magic star.png using Guid(081073d8f2209c949819e1e5872845b3) Importer(2089858483,b0f066a214c2f5e87bad3c948f4d605d) (ScriptedImporter) -> (Import Result ID: '2650faa88cd69de609d871c98e88e529') in 0.0231595 seconds [static and dynamic dependencies]. Details - ImportResultOutputID=711838a1472e1d38bc7e871461eacb48 DependenciesID=ceb5864d38a75cdc3694071d01ebae98 StaticDependenciesID=080677c5673f78374a6414b28f41be08 
Number of updated asset objects reloaded before import = 0Number of asset objects unloaded after import = 1

========================================================================
Received Import Request.
  Time since last request: 0.000021 seconds.
  path: Assets/Packages/JMO Assets/Cartoon FX Remaster/CFXR Assets/Graphics/cfxr petal pink x4 ab lit normal.mat
  importAddress: Guid(b8466bb13bf17094d8bf1afdc8e05072) Importer(2089858483,b0f066a214c2f5e87bad3c948f4d605d)
Start importing Assets/Packages/JMO Assets/Cartoon FX Remaster/CFXR Assets/Graphics/cfxr petal pink x4 ab lit normal.mat using Guid(b8466bb13bf17094d8bf1afdc8e05072) Importer(2089858483,b0f066a214c2f5e87bad3c948f4d605d) (ScriptedImporter) -> (Import Result ID: 'ae010229fc28e29d41cf049b8af1448f') in 0.0251731 seconds [static and dynamic dependencies]. Details - ImportResultOutputID=7679d839093ce19c2facb4d16743a506 DependenciesID=656a69b765ced3ca9517c26b4c9e12dd StaticDependenciesID=d10d90dbbc196b0b43c32c668a880619 
Number of updated asset objects reloaded before import = 0Number of asset objects unloaded after import = 3

========================================================================
Received Import Request.
  Time since last request: 0.000031 seconds.
  path: Assets/Packages/JMO Assets/Cartoon FX Remaster/CFXR Assets/Graphics/cfxr hit triangle.png
  importAddress: Guid(c08b3b0c3f6cf7c4f97be55c047834fd) Importer(2089858483,b0f066a214c2f5e87bad3c948f4d605d)
Start importing Assets/Packages/JMO Assets/Cartoon FX Remaster/CFXR Assets/Graphics/cfxr hit triangle.png using Guid(c08b3b0c3f6cf7c4f97be55c047834fd) Importer(2089858483,b0f066a214c2f5e87bad3c948f4d605d) (ScriptedImporter) -> (Import Result ID: '10efefc4232a0f6685c4ca080a27749d') in 0.022176 seconds [static and dynamic dependencies]. Details - ImportResultOutputID=ffc1c6e8ebdfc45bbe0ef99428d3f43e DependenciesID=cb7215aab1252120721f4114bd223a3a StaticDependenciesID=72e94f7c8faf8c8e4ee553d16d6d520a 
Number of updated asset objects reloaded before import = 0Number of asset objects unloaded after import = 1

========================================================================
Received Import Request.
  Time since last request: 0.000018 seconds.
  path: Assets/Packages/JMO Assets/Cartoon FX Remaster/CFXR Assets/Graphics/cfxr hit triangle 2.png
  importAddress: Guid(dcb00a55dda387f438bff3349756e787) Importer(2089858483,b0f066a214c2f5e87bad3c948f4d605d)
Start importing Assets/Packages/JMO Assets/Cartoon FX Remaster/CFXR Assets/Graphics/cfxr hit triangle 2.png using Guid(dcb00a55dda387f438bff3349756e787) Importer(2089858483,b0f066a214c2f5e87bad3c948f4d605d) (ScriptedImporter) -> (Import Result ID: '9278c1bdd4faf051a0821c34d2ba69ab') in 0.0195613 seconds [static and dynamic dependencies]. Details - ImportResultOutputID=1b85d16c104d6053bab9ffba31434a41 DependenciesID=ab3f96cbbce70a76510199efd0d6edbe StaticDependenciesID=66309644e4a5b06c76e0b33f074230d1 
Number of updated asset objects reloaded before import = 0Number of asset objects unloaded after import = 1

========================================================================
Received Import Request.
  Time since last request: 0.000017 seconds.
  path: Assets/Packages/JMO Assets/Cartoon FX Remaster/CFXR Assets/Graphics/cfxr debris flat unlit 3x3 ab hdr.mat
  importAddress: Guid(a6b83a8798dc3f748822ba3b239a8728) Importer(2089858483,b0f066a214c2f5e87bad3c948f4d605d)
Start importing Assets/Packages/JMO Assets/Cartoon FX Remaster/CFXR Assets/Graphics/cfxr debris flat unlit 3x3 ab hdr.mat using Guid(a6b83a8798dc3f748822ba3b239a8728) Importer(2089858483,b0f066a214c2f5e87bad3c948f4d605d) (ScriptedImporter) -> (Import Result ID: '72e98c79327eeeef0c3f136cd0b79022') in 0.0156296 seconds [static and dynamic dependencies]. Details - ImportResultOutputID=2de97ff059200d2c6578251a5fc0df72 DependenciesID=abcacea804290e8c2fca507d93f04235 StaticDependenciesID=8bc04c29d8928efc121a393b92f17845 
Number of updated asset objects reloaded before import = 0Number of asset objects unloaded after import = 2

========================================================================
Received Import Request.
  Time since last request: 0.000020 seconds.
  path: Assets/Animation/TestDummy/TestDummyAnimator.controller
  importAddress: Guid(5f9bd73c3e5d24546bcdbe0f4ae6a1e7) Importer(2089858483,b0f066a214c2f5e87bad3c948f4d605d)
Start importing Assets/Animation/TestDummy/TestDummyAnimator.controller using Guid(5f9bd73c3e5d24546bcdbe0f4ae6a1e7) Importer(2089858483,b0f066a214c2f5e87bad3c948f4d605d) (ScriptedImporter) -> (Import Result ID: '13a216a476673a4025cdf80e8591aa27') in 0.0127165 seconds [static and dynamic dependencies]. Details - ImportResultOutputID=4bb56f0cf9850fbdfa83297889d19b98 DependenciesID=0abd5a5361ceff9eda02211635f98330 StaticDependenciesID=b1dd8de0cb468a742c1665faf92fca87 
Number of updated asset objects reloaded before import = 0Number of asset objects unloaded after import = 4

========================================================================
Received Import Request.
  Time since last request: 0.000073 seconds.
  path: Assets/Packages/Pixel Adventure 1/Assets/Other/Shadow.png
  importAddress: Guid(38ea9af89efd60b4ab324ed5b168cb13) Importer(2089858483,b0f066a214c2f5e87bad3c948f4d605d)
Start importing Assets/Packages/Pixel Adventure 1/Assets/Other/Shadow.png using Guid(38ea9af89efd60b4ab324ed5b168cb13) Importer(2089858483,b0f066a214c2f5e87bad3c948f4d605d) (ScriptedImporter) -> (Import Result ID: '1cc4bc282a124c9074da282f1931eb00') in 0.0352106 seconds [static and dynamic dependencies]. Details - ImportResultOutputID=2bf19e459290ff320085781377bbf2a6 DependenciesID=18ab3df6dd4ef81412ab1ab4fa4cc6e5 StaticDependenciesID=fa88a67dcbb9da4b8b2a56d12ebd640f 
Number of updated asset objects reloaded before import = 0Number of asset objects unloaded after import = 3

========================================================================
Received Import Request.
  Time since last request: 0.000020 seconds.
  path: Assets/Packages/JMO Assets/Cartoon FX Remaster/CFXR Assets/Graphics/cfxr sword trail light.mat
  importAddress: Guid(ecda7c5e4daf18347bb18f7b90e02fd1) Importer(2089858483,b0f066a214c2f5e87bad3c948f4d605d)
Start importing Assets/Packages/JMO Assets/Cartoon FX Remaster/CFXR Assets/Graphics/cfxr sword trail light.mat using Guid(ecda7c5e4daf18347bb18f7b90e02fd1) Importer(2089858483,b0f066a214c2f5e87bad3c948f4d605d) (ScriptedImporter) -> (Import Result ID: '0db0724766f8f6b3901150312dca806c') in 0.0167414 seconds [static and dynamic dependencies]. Details - ImportResultOutputID=c84d84958f7512bb3cb56b236b726f55 DependenciesID=965a9620d9bd567c424d68b7118ff5c1 StaticDependenciesID=29364bc81d5c5f8d0abd605750505791 
Number of updated asset objects reloaded before import = 0Number of asset objects unloaded after import = 3

========================================================================
Received Import Request.
  Time since last request: 0.000016 seconds.
  path: Assets/Packages/JMO Assets/Cartoon FX Remaster/CFXR Assets/Graphics/cfxr debris 3x3 ab lit emission.mat
  importAddress: Guid(f7ffbf43e28f7014d968ef0d50836718) Importer(2089858483,b0f066a214c2f5e87bad3c948f4d605d)
Start importing Assets/Packages/JMO Assets/Cartoon FX Remaster/CFXR Assets/Graphics/cfxr debris 3x3 ab lit emission.mat using Guid(f7ffbf43e28f7014d968ef0d50836718) Importer(2089858483,b0f066a214c2f5e87bad3c948f4d605d) (ScriptedImporter) -> (Import Result ID: '38700ddbad033c0c5e2f853c7c8523a0') in 0.0170498 seconds [static and dynamic dependencies]. Details - ImportResultOutputID=b8bed8a69c5035e35f7b957cdbd3253a DependenciesID=989805384a9f5358587d75e5013acd50 StaticDependenciesID=7d77cd6c5a1a12a73dbc00489dcc46fb 
Number of updated asset objects reloaded before import = 0Number of asset objects unloaded after import = 3

========================================================================
Received Import Request.
  Time since last request: 0.000024 seconds.
  path: Assets/Packages/JMO Assets/Cartoon FX Remaster/CFXR Assets/Graphics/cfxr electric arcs fade x4.png
  importAddress: Guid(90641168f18ed794b9d271029cb78069) Importer(2089858483,b0f066a214c2f5e87bad3c948f4d605d)
Start importing Assets/Packages/JMO Assets/Cartoon FX Remaster/CFXR Assets/Graphics/cfxr electric arcs fade x4.png using Guid(90641168f18ed794b9d271029cb78069) Importer(2089858483,b0f066a214c2f5e87bad3c948f4d605d) (ScriptedImporter) -> (Import Result ID: 'd23abb82a5f5e3164f54d6e99be2845c') in 0.0229323 seconds [static and dynamic dependencies]. Details - ImportResultOutputID=9679a13875b6bd591dd139aef3d4d68e DependenciesID=38cb412f1d8976892f0b5941b36640c6 StaticDependenciesID=3a3608ac1954ab9759371816be411e1b 
Number of updated asset objects reloaded before import = 0Number of asset objects unloaded after import = 1

========================================================================
Received Import Request.
  Time since last request: 0.000050 seconds.
  path: Assets/Animation/PlayerAnimations/PlayerFlinch.anim
  importAddress: Guid(d0ef3050d57a5604ebd54796450e1170) Importer(2089858483,b0f066a214c2f5e87bad3c948f4d605d)
Start importing Assets/Animation/PlayerAnimations/PlayerFlinch.anim using Guid(d0ef3050d57a5604ebd54796450e1170) Importer(2089858483,b0f066a214c2f5e87bad3c948f4d605d) (ScriptedImporter) -> (Import Result ID: '1fdf20a9a2d5b2f8f04ff1a7796ac914') in 0.0176642 seconds [static and dynamic dependencies]. Details - ImportResultOutputID=53680b3a4f4605b1315c5577ca87aa61 DependenciesID=008a7c849863b2493ae1593a6f618482 StaticDependenciesID=e2f754b27541498364302de9044c7489 
Number of updated asset objects reloaded before import = 0Number of asset objects unloaded after import = 1

========================================================================
Received Import Request.
  Time since last request: 0.000019 seconds.
  path: Assets/Packages/JMO Assets/Cartoon FX Remaster/CFXR Assets/Graphics/cfxr debris ice 2x2 normal.png
  importAddress: Guid(19748a8ba2114654bbdc0e540f47baba) Importer(2089858483,b0f066a214c2f5e87bad3c948f4d605d)
Start importing Assets/Packages/JMO Assets/Cartoon FX Remaster/CFXR Assets/Graphics/cfxr debris ice 2x2 normal.png using Guid(19748a8ba2114654bbdc0e540f47baba) Importer(2089858483,b0f066a214c2f5e87bad3c948f4d605d) (ScriptedImporter) -> (Import Result ID: '86ae12665a9adcd81a09249d571fe213') in 0.0230781 seconds [static and dynamic dependencies]. Details - ImportResultOutputID=5f1c1e6e4dff1081a3e0dcd1b572e136 DependenciesID=551a7355d9a122d0e7278e25f28ba94a StaticDependenciesID=abc2cf25015cdddb459711f73eba5156 
Number of updated asset objects reloaded before import = 0Number of asset objects unloaded after import = 1

========================================================================
Received Import Request.
  Time since last request: 0.000020 seconds.
  path: Assets/Packages/JMO Assets/Cartoon FX Remaster/Demo Assets/CFXR Demo.asmdef
  importAddress: Guid(b16f2517c64fb4c43848850704aba72e) Importer(2089858483,b0f066a214c2f5e87bad3c948f4d605d)
Start importing Assets/Packages/JMO Assets/Cartoon FX Remaster/Demo Assets/CFXR Demo.asmdef using Guid(b16f2517c64fb4c43848850704aba72e) Importer(2089858483,b0f066a214c2f5e87bad3c948f4d605d) (ScriptedImporter) -> (Import Result ID: 'd033c902c68b156025ca9c21d1b53f09') in 0.0273315 seconds [static and dynamic dependencies]. Details - ImportResultOutputID=89f8123bd633940c8a948dfa6779b463 DependenciesID=aa62b1314f2c11518f35322d179f9231 StaticDependenciesID=4aaa1a4e556cdd1407aa71b27e3e7ca5 
Number of updated asset objects reloaded before import = 0Number of asset objects unloaded after import = 1

========================================================================
Received Import Request.
  Time since last request: 0.000022 seconds.
  path: Assets/Packages/JMO Assets/Cartoon FX Remaster/CFXR Assets/Graphics/cfxr proc ring electric hdr ab.mat
  importAddress: Guid(63106879cfd3c96478c2feec3fcb4c4a) Importer(2089858483,b0f066a214c2f5e87bad3c948f4d605d)
Start importing Assets/Packages/JMO Assets/Cartoon FX Remaster/CFXR Assets/Graphics/cfxr proc ring electric hdr ab.mat using Guid(63106879cfd3c96478c2feec3fcb4c4a) Importer(2089858483,b0f066a214c2f5e87bad3c948f4d605d) (ScriptedImporter) -> (Import Result ID: '28a370445d80effd0d6db59b8dbde372') in 0.0355669 seconds [static and dynamic dependencies]. Details - ImportResultOutputID=33b96cfdb974ecbf54558aad8c4d1d09 DependenciesID=fd021b072be139e7475458891ec5e98e StaticDependenciesID=8f898797bd7eda853e7f51727a8e69ed 
Number of updated asset objects reloaded before import = 0Number of asset objects unloaded after import = 2

========================================================================
Received Import Request.
  Time since last request: 0.000095 seconds.
  path: Assets/Packages/JMO Assets/Cartoon FX Remaster/CFXR Assets/Graphics/cfxr fire circle blur hdr ab.mat
  importAddress: Guid(92f497a3f1c7b5d49ad1b2854dd5d2bd) Importer(2089858483,b0f066a214c2f5e87bad3c948f4d605d)
Start importing Assets/Packages/JMO Assets/Cartoon FX Remaster/CFXR Assets/Graphics/cfxr fire circle blur hdr ab.mat using Guid(92f497a3f1c7b5d49ad1b2854dd5d2bd) Importer(2089858483,b0f066a214c2f5e87bad3c948f4d605d) (ScriptedImporter) -> (Import Result ID: 'ea4587c909286fa6b628437b72a2fb69') in 0.0273003 seconds [static and dynamic dependencies]. Details - ImportResultOutputID=cb7e5c3e1145a916183b9f1eb8e840ad DependenciesID=a58ec5bb09f463efd394b6ea79a9122f StaticDependenciesID=730ccdb6dbd8498a5e1a96f927aefba4 
Number of updated asset objects reloaded before import = 0Number of asset objects unloaded after import = 3

========================================================================
Received Import Request.
  Time since last request: 0.000427 seconds.
  path: Assets/Packages/JMO Assets/Cartoon FX Remaster/Demo Assets/CFXR Demo Ground.png
  importAddress: Guid(cacfcc09b4fbf7e4baebb23fbaaff36b) Importer(2089858483,b0f066a214c2f5e87bad3c948f4d605d)
Start importing Assets/Packages/JMO Assets/Cartoon FX Remaster/Demo Assets/CFXR Demo Ground.png using Guid(cacfcc09b4fbf7e4baebb23fbaaff36b) Importer(2089858483,b0f066a214c2f5e87bad3c948f4d605d) (ScriptedImporter) -> (Import Result ID: '4e48961308de96c07f860d5ee2196629') in 0.0243056 seconds [static and dynamic dependencies]. Details - ImportResultOutputID=692bdd4ae8bf9f3643beb01e67d85d00 DependenciesID=98a1a74360d9be45943e361569adff83 StaticDependenciesID=49ffbe732a7f978911bde251bdc8acf7 
Number of updated asset objects reloaded before import = 0Number of asset objects unloaded after import = 1

========================================================================
Received Import Request.
  Time since last request: 0.000020 seconds.
  path: Assets/Packages/JMO Assets/Cartoon FX Remaster/CFXR Assets/Graphics/cfxr proc glow soft p8 add.mat
  importAddress: Guid(f516e595f99d2c54f882cf46f2255cd4) Importer(2089858483,b0f066a214c2f5e87bad3c948f4d605d)
Start importing Assets/Packages/JMO Assets/Cartoon FX Remaster/CFXR Assets/Graphics/cfxr proc glow soft p8 add.mat using Guid(f516e595f99d2c54f882cf46f2255cd4) Importer(2089858483,b0f066a214c2f5e87bad3c948f4d605d) (ScriptedImporter) -> (Import Result ID: '76dc21f30cc057330435cba64c40147e') in 0.0521291 seconds [static and dynamic dependencies]. Details - ImportResultOutputID=aff747b4faabf50265cda0dd91631b1d DependenciesID=58b6c540c20aaff2f64e859efe244344 StaticDependenciesID=5a793fb0cb338b5c38ebeff833b69bb7 
Number of updated asset objects reloaded before import = 0Number of asset objects unloaded after import = 1

========================================================================
Received Import Request.
  Time since last request: 0.000021 seconds.
  path: Assets/Packages/JMO Assets/Cartoon FX Remaster/CFXR Assets/Graphics/cfxr blood splash dissolve ab.mat
  importAddress: Guid(ccfff22ed954c6f41ade040a8a7c8f22) Importer(2089858483,b0f066a214c2f5e87bad3c948f4d605d)
Start importing Assets/Packages/JMO Assets/Cartoon FX Remaster/CFXR Assets/Graphics/cfxr blood splash dissolve ab.mat using Guid(ccfff22ed954c6f41ade040a8a7c8f22) Importer(2089858483,b0f066a214c2f5e87bad3c948f4d605d) (ScriptedImporter) -> (Import Result ID: 'abadc4e46fb5637093cd8242095df434') in 0.0322752 seconds [static and dynamic dependencies]. Details - ImportResultOutputID=85ff02fb994309262bf70db77ebbaa77 DependenciesID=cda34fd2255f5d131b9ef6d847e582c8 StaticDependenciesID=635ba4c0561bd1c9691cb2972f71d289 
Number of updated asset objects reloaded before import = 0Number of asset objects unloaded after import = 3

========================================================================
Received Import Request.
  Time since last request: 0.000030 seconds.
  path: Assets/Packages/JMO Assets/Cartoon FX Remaster/CFXR Assets/Graphics/cfxr fire plain fade hdr ab.mat
  importAddress: Guid(c3b36b67920c18a4a8df7edba245e809) Importer(2089858483,b0f066a214c2f5e87bad3c948f4d605d)
Start importing Assets/Packages/JMO Assets/Cartoon FX Remaster/CFXR Assets/Graphics/cfxr fire plain fade hdr ab.mat using Guid(c3b36b67920c18a4a8df7edba245e809) Importer(2089858483,b0f066a214c2f5e87bad3c948f4d605d) (ScriptedImporter) -> (Import Result ID: '7ba53ed2b9d57ff4e03c91eb1caadc64') in 0.0167537 seconds [static and dynamic dependencies]. Details - ImportResultOutputID=df40497b3b8126a989c9fd2e263f7ee1 DependenciesID=5f31a208b8c219edfbdac4436c27e547 StaticDependenciesID=62fa4e9eefae4b232c65db7f08ead119 
Number of updated asset objects reloaded before import = 0Number of asset objects unloaded after import = 3

========================================================================
Received Import Request.
  Time since last request: 0.000020 seconds.
  path: Assets/Packages/JMO Assets/Cartoon FX Remaster/CFXR Assets/Graphics/cfxr flamme plain stable hdr ab.mat
  importAddress: Guid(3971f198822757548a4891ef95ae7a80) Importer(2089858483,b0f066a214c2f5e87bad3c948f4d605d)
Start importing Assets/Packages/JMO Assets/Cartoon FX Remaster/CFXR Assets/Graphics/cfxr flamme plain stable hdr ab.mat using Guid(3971f198822757548a4891ef95ae7a80) Importer(2089858483,b0f066a214c2f5e87bad3c948f4d605d) (ScriptedImporter) -> (Import Result ID: '973df206c0cb10a89af06434f597c056') in 0.0171837 seconds [static and dynamic dependencies]. Details - ImportResultOutputID=e3ea9e922ba2c2eb07edb91672309087 DependenciesID=779c3cad09b3bd0319df7593e850426a StaticDependenciesID=de3e4dba9864c78537506e4735d52748 
Number of updated asset objects reloaded before import = 0Number of asset objects unloaded after import = 3

========================================================================
Received Import Request.
  Time since last request: 0.000019 seconds.
  path: Assets/Sprites/TV-Guy 8-Bit Parts/TVGuy-RFoot.png
  importAddress: Guid(b7806cce64934da43ab4382d57e3ae50) Importer(2089858483,b0f066a214c2f5e87bad3c948f4d605d)
Start importing Assets/Sprites/TV-Guy 8-Bit Parts/TVGuy-RFoot.png using Guid(b7806cce64934da43ab4382d57e3ae50) Importer(2089858483,b0f066a214c2f5e87bad3c948f4d605d) (ScriptedImporter) -> (Import Result ID: 'aa52b0d8685e88293ffaf552118228f8') in 0.0677372 seconds [static and dynamic dependencies]. Details - ImportResultOutputID=079bd51f327eedbc73e1bd0e0255bd89 DependenciesID=0b6136d205265414c2b06a0711392568 StaticDependenciesID=7ceb6c29fa594c22af7ab178ed0e0aca 
Number of updated asset objects reloaded before import = 0Number of asset objects unloaded after import = 3

========================================================================
Received Import Request.
  Time since last request: 0.000026 seconds.
  path: Assets/Packages/JMO Assets/Cartoon FX Remaster/CFXR Assets/Editor/CFXR_Styles.cs
  importAddress: Guid(26306333afc273640814fd7a7b3968e0) Importer(2089858483,b0f066a214c2f5e87bad3c948f4d605d)
Start importing Assets/Packages/JMO Assets/Cartoon FX Remaster/CFXR Assets/Editor/CFXR_Styles.cs using Guid(26306333afc273640814fd7a7b3968e0) Importer(2089858483,b0f066a214c2f5e87bad3c948f4d605d) (ScriptedImporter) -> (Import Result ID: 'f0a43bf0a9b6d351b755dc97df503692') in 0.0129928 seconds [static and dynamic dependencies]. Details - ImportResultOutputID=8af8c3547678ed3c35a0a82b9b69847f DependenciesID=e1710a274b7f859650c2a691df867e63 StaticDependenciesID=d8d30291783aa8d0f5f9f3d97460776b 
Number of updated asset objects reloaded before import = 0Number of asset objects unloaded after import = 0

========================================================================
Received Import Request.
  Time since last request: 0.000031 seconds.
  path: Assets/Sprites/TV-Guy 8-Bit Parts/TVGuy-LArm.png
  importAddress: Guid(d3c185f721c64354eab3c9c5d6f798b0) Importer(2089858483,b0f066a214c2f5e87bad3c948f4d605d)
Start importing Assets/Sprites/TV-Guy 8-Bit Parts/TVGuy-LArm.png using Guid(d3c185f721c64354eab3c9c5d6f798b0) Importer(2089858483,b0f066a214c2f5e87bad3c948f4d605d) (ScriptedImporter) -> (Import Result ID: '78ce82983cd47aea7d2bd3dfb8783cf8') in 0.0438712 seconds [static and dynamic dependencies]. Details - ImportResultOutputID=e5e5a4eedc99435f22d26b7b19cae754 DependenciesID=a9bd3a7240fe410da3ae5518a8dc19d8 StaticDependenciesID=1977da993366d8b9a070746801684c03 
Number of updated asset objects reloaded before import = 0Number of asset objects unloaded after import = 3

========================================================================
Received Import Request.
  Time since last request: 0.000020 seconds.
  path: Assets/Packages/JMO Assets/Cartoon FX Remaster/CFXR Assets/Graphics/cfxr fire small anim.png
  importAddress: Guid(fef5bd719a2b6cf4ab443c0b29bc50c8) Importer(2089858483,b0f066a214c2f5e87bad3c948f4d605d)
Start importing Assets/Packages/JMO Assets/Cartoon FX Remaster/CFXR Assets/Graphics/cfxr fire small anim.png using Guid(fef5bd719a2b6cf4ab443c0b29bc50c8) Importer(2089858483,b0f066a214c2f5e87bad3c948f4d605d) (ScriptedImporter) -> (Import Result ID: '6aaf28c7bf07d334aacd2b1941f016e4') in 0.0189437 seconds [static and dynamic dependencies]. Details - ImportResultOutputID=7cbc41f10d42db3c52bafd6e219cc67c DependenciesID=eae50a369eafa0416c0292e425fb7d79 StaticDependenciesID=37d7def14d199a11e34d006f0f84a6ab 
Number of updated asset objects reloaded before import = 0Number of asset objects unloaded after import = 1

========================================================================
Received Import Request.
  Time since last request: 0.000020 seconds.
  path: Assets/Packages/JMO Assets/Cartoon FX Remaster/CFXR Assets/Graphics/cfxr electric small anim2 7x2 mesh.asset
  importAddress: Guid(0df52a77851b6214792776cda02da918) Importer(2089858483,b0f066a214c2f5e87bad3c948f4d605d)
Start importing Assets/Packages/JMO Assets/Cartoon FX Remaster/CFXR Assets/Graphics/cfxr electric small anim2 7x2 mesh.asset using Guid(0df52a77851b6214792776cda02da918) Importer(2089858483,b0f066a214c2f5e87bad3c948f4d605d) (ScriptedImporter) -> (Import Result ID: '2d5fa22ed54c7db5dac498e8e67d4726') in 0.0129691 seconds [static and dynamic dependencies]. Details - ImportResultOutputID=855e5cb7d8b7ad3039581a080a207a50 DependenciesID=e18d8d3b9678068330346fe649329d84 StaticDependenciesID=67ac66fd285841e3a9d5c2a8564310aa 
Number of updated asset objects reloaded before import = 0Number of asset objects unloaded after import = 1

========================================================================
Received Import Request.
  Time since last request: 0.000021 seconds.
  path: Assets/Packages/JMO Assets/Cartoon FX Remaster/CFXR Assets/Graphics/cfxr blood splash.png
  importAddress: Guid(b00dc0b0f4174b14aa9e3caa8d9b0859) Importer(2089858483,b0f066a214c2f5e87bad3c948f4d605d)
Start importing Assets/Packages/JMO Assets/Cartoon FX Remaster/CFXR Assets/Graphics/cfxr blood splash.png using Guid(b00dc0b0f4174b14aa9e3caa8d9b0859) Importer(2089858483,b0f066a214c2f5e87bad3c948f4d605d) (ScriptedImporter) -> (Import Result ID: '16870f79b3e9ac3978414f439aeaf5c8') in 0.021067 seconds [static and dynamic dependencies]. Details - ImportResultOutputID=7c83b409921f119fa4b28aa99411c64e DependenciesID=9eece76857c7b8a9671a90a9879c02fe StaticDependenciesID=15f0a41171d51025fbecf57fbca3ff58 
Number of updated asset objects reloaded before import = 0Number of asset objects unloaded after import = 1

========================================================================
Received Import Request.
  Time since last request: 0.000029 seconds.
  path: Assets/Packages/JMO Assets/Cartoon FX Remaster/CFXR Assets/Graphics/cfxr card heart.png
  importAddress: Guid(38af1cf4cdd0bb047a178879cbb9bf1f) Importer(2089858483,b0f066a214c2f5e87bad3c948f4d605d)
Start importing Assets/Packages/JMO Assets/Cartoon FX Remaster/CFXR Assets/Graphics/cfxr card heart.png using Guid(38af1cf4cdd0bb047a178879cbb9bf1f) Importer(2089858483,b0f066a214c2f5e87bad3c948f4d605d) (ScriptedImporter) -> (Import Result ID: '4fc9f80d4ccd39bd453bfaefdf2ec761') in 0.0224047 seconds [static and dynamic dependencies]. Details - ImportResultOutputID=6f8a249f041f1fddeb56f9f21d79d411 DependenciesID=25796f7842abfba28a180a85154021bb StaticDependenciesID=2d3fbe208418318d8f7037a0efd8d0dc 
Number of updated asset objects reloaded before import = 0Number of asset objects unloaded after import = 1

========================================================================
Received Import Request.
  Time since last request: 0.000018 seconds.
  path: Assets/Packages/JMO Assets/Welcome Screen/CFXR.WelcomeScreen.asmdef
  importAddress: Guid(224eabc8f2d7cc54a8648d26f1a1b5f2) Importer(2089858483,b0f066a214c2f5e87bad3c948f4d605d)
Start importing Assets/Packages/JMO Assets/Welcome Screen/CFXR.WelcomeScreen.asmdef using Guid(224eabc8f2d7cc54a8648d26f1a1b5f2) Importer(2089858483,b0f066a214c2f5e87bad3c948f4d605d) (ScriptedImporter) -> (Import Result ID: 'a953e24e740049afeb847583b337adae') in 0.0273142 seconds [static and dynamic dependencies]. Details - ImportResultOutputID=1a7b62e1a528c51418e9390ced883fdf DependenciesID=4a3264385bbdaeba5002038738dd5aea StaticDependenciesID=949a30dfbd79b019d2376d3d89f98f4d 
Number of updated asset objects reloaded before import = 0Number of asset objects unloaded after import = 1

========================================================================
Received Import Request.
  Time since last request: 0.000018 seconds.
  path: Assets/Animation/PlayerAnimations/SpriteTest/TestPlayerRun.anim
  importAddress: Guid(2d147655cd56e4d4a9d5d66e6367976d) Importer(2089858483,b0f066a214c2f5e87bad3c948f4d605d)
Start importing Assets/Animation/PlayerAnimations/SpriteTest/TestPlayerRun.anim using Guid(2d147655cd56e4d4a9d5d66e6367976d) Importer(2089858483,b0f066a214c2f5e87bad3c948f4d605d) (ScriptedImporter) -> (Import Result ID: 'd0925235066184b23946fe5c86dbca48') in 0.013897 seconds [static and dynamic dependencies]. Details - ImportResultOutputID=6c3b41067a87c6281fee24476d523ab2 DependenciesID=aa6f9ea7ccec7334d2dd0f8a310bde0a StaticDependenciesID=645e66be0b4b94cca63689279269909b 
Number of updated asset objects reloaded before import = 0Number of asset objects unloaded after import = 1

========================================================================
Received Import Request.
  Time since last request: 0.000020 seconds.
  path: Assets/Packages/JMO Assets/Cartoon FX Remaster/CFXR Assets/Graphics/cfxr blood splash mesh.asset
  importAddress: Guid(03b90fa8ed1d4104abc8b7431ab290e6) Importer(2089858483,b0f066a214c2f5e87bad3c948f4d605d)
Start importing Assets/Packages/JMO Assets/Cartoon FX Remaster/CFXR Assets/Graphics/cfxr blood splash mesh.asset using Guid(03b90fa8ed1d4104abc8b7431ab290e6) Importer(2089858483,b0f066a214c2f5e87bad3c948f4d605d) (ScriptedImporter) -> (Import Result ID: '164170de8751d4d9eafd8a2782b16392') in 0.0139636 seconds [static and dynamic dependencies]. Details - ImportResultOutputID=93bad5c917b44e289e4e265310c0420b DependenciesID=2fdf0f9acc35a859f4037112e4a9c3c3 StaticDependenciesID=518614c4da9c985078d8e7d206c0e9c3 
Number of updated asset objects reloaded before import = 0Number of asset objects unloaded after import = 1

========================================================================
Received Import Request.
  Time since last request: 0.000030 seconds.
  path: Assets/Packages/JMO Assets/Cartoon FX Remaster/CFXR Assets/Graphics/cfxr proc glow soft hdr ab.mat
  importAddress: Guid(f6516bbddb2a0474cad423886d0f904c) Importer(2089858483,b0f066a214c2f5e87bad3c948f4d605d)
Start importing Assets/Packages/JMO Assets/Cartoon FX Remaster/CFXR Assets/Graphics/cfxr proc glow soft hdr ab.mat using Guid(f6516bbddb2a0474cad423886d0f904c) Importer(2089858483,b0f066a214c2f5e87bad3c948f4d605d) (ScriptedImporter) -> (Import Result ID: '86c16deb5cd080b4302887ef02c326ed') in 0.0146856 seconds [static and dynamic dependencies]. Details - ImportResultOutputID=96368a05e75cf5c41f812d1d17a23f5c DependenciesID=fa3da31d2e3b049ed91d7e7281f70219 StaticDependenciesID=210c23a6d568ab09cc616fe0633108db 
Number of updated asset objects reloaded before import = 0Number of asset objects unloaded after import = 1

========================================================================
Received Import Request.
  Time since last request: 0.000017 seconds.
  path: Assets/Packages/JMO Assets/Cartoon FX Remaster/CFXR Assets/Graphics/cfxr noise clouds big.png
  importAddress: Guid(bb4e37cc365b8ff48b62687d56f76b97) Importer(2089858483,b0f066a214c2f5e87bad3c948f4d605d)
Start importing Assets/Packages/JMO Assets/Cartoon FX Remaster/CFXR Assets/Graphics/cfxr noise clouds big.png using Guid(bb4e37cc365b8ff48b62687d56f76b97) Importer(2089858483,b0f066a214c2f5e87bad3c948f4d605d) (ScriptedImporter) -> (Import Result ID: 'a7b0713b1b275fbce09719102c2f6528') in 0.019649 seconds [static and dynamic dependencies]. Details - ImportResultOutputID=9650c26d4b405d80fc744de4d312ceb9 DependenciesID=031d13073b1895e7aa7bebfc3ad6bc94 StaticDependenciesID=6974d3c08a137a4c64f317047de62452 
Number of updated asset objects reloaded before import = 0Number of asset objects unloaded after import = 1

========================================================================
Received Import Request.
  Time since last request: 0.000018 seconds.
  path: Assets/Packages/JMO Assets/Cartoon FX Remaster/CFXR Assets/Graphics/cfxr card spade ab.mat
  importAddress: Guid(fdebe8f9090761f44a629442b2b5cf57) Importer(2089858483,b0f066a214c2f5e87bad3c948f4d605d)
Start importing Assets/Packages/JMO Assets/Cartoon FX Remaster/CFXR Assets/Graphics/cfxr card spade ab.mat using Guid(fdebe8f9090761f44a629442b2b5cf57) Importer(2089858483,b0f066a214c2f5e87bad3c948f4d605d) (ScriptedImporter) -> (Import Result ID: '22d0d2c0ca0d9c4d43b2448e36c1b6fc') in 0.0155226 seconds [static and dynamic dependencies]. Details - ImportResultOutputID=7831b25edb06e07c7f8266a72e8b649c DependenciesID=87f59d76325753d6943dc0c2821be5d2 StaticDependenciesID=fe38a4888563f1961edaccf1e77c89f4 
Number of updated asset objects reloaded before import = 0Number of asset objects unloaded after import = 2

========================================================================
Received Import Request.
  Time since last request: 0.000022 seconds.
  path: Assets/Packages/JMO Assets/Cartoon FX Remaster/Demo Assets/CFXR Demo Ground.mat
  importAddress: Guid(1b0a70d23ec355549b20971e4759e119) Importer(2089858483,b0f066a214c2f5e87bad3c948f4d605d)
Start importing Assets/Packages/JMO Assets/Cartoon FX Remaster/Demo Assets/CFXR Demo Ground.mat using Guid(1b0a70d23ec355549b20971e4759e119) Importer(2089858483,b0f066a214c2f5e87bad3c948f4d605d) (ScriptedImporter) -> (Import Result ID: 'a311c7ca6037d855fcd6b32df06f7d4a') in 0.0312708 seconds [static and dynamic dependencies]. Details - ImportResultOutputID=5beb36b6f8d74f459002e25fb0c99402 DependenciesID=12c35744a0418f05860e5b204a56f9b2 StaticDependenciesID=febee3d106a38310548b45408aed63f5 
Number of updated asset objects reloaded before import = 0Number of asset objects unloaded after import = 2

========================================================================
Received Import Request.
  Time since last request: 0.000034 seconds.
  path: Assets/Packages/JMO Assets/Cartoon FX Remaster/CFXR Assets/Graphics/cfxr proc ring ice hdr ab.mat
  importAddress: Guid(6645e3e6774e3ea468774208c1569b29) Importer(2089858483,b0f066a214c2f5e87bad3c948f4d605d)
Start importing Assets/Packages/JMO Assets/Cartoon FX Remaster/CFXR Assets/Graphics/cfxr proc ring ice hdr ab.mat using Guid(6645e3e6774e3ea468774208c1569b29) Importer(2089858483,b0f066a214c2f5e87bad3c948f4d605d) (ScriptedImporter) -> (Import Result ID: 'ec861ca333d74383e3db8e6efc00c692') in 0.0597556 seconds [static and dynamic dependencies]. Details - ImportResultOutputID=b0aaabd1118de82737265b5556ec2c3c DependenciesID=2edf0525bf6d8b7c8dda24194f485bc3 StaticDependenciesID=34845adeb75376853256599d7f1d783c 
Number of updated asset objects reloaded before import = 0Number of asset objects unloaded after import = 2

========================================================================
Received Import Request.
  Time since last request: 0.000020 seconds.
  path: Assets/Packages/JMO Assets/Cartoon FX Remaster/CFXR Assets/Graphics/cfxr card diamond.png
  importAddress: Guid(d8c4f60c4d65b1d40a18db39349c9439) Importer(2089858483,b0f066a214c2f5e87bad3c948f4d605d)
Start importing Assets/Packages/JMO Assets/Cartoon FX Remaster/CFXR Assets/Graphics/cfxr card diamond.png using Guid(d8c4f60c4d65b1d40a18db39349c9439) Importer(2089858483,b0f066a214c2f5e87bad3c948f4d605d) (ScriptedImporter) -> (Import Result ID: '783aa4885b5aa29e3f1a34fafd249541') in 0.0204439 seconds [static and dynamic dependencies]. Details - ImportResultOutputID=6908172246e2b6a3b6bccf4caa498a98 DependenciesID=9b91f145a5521fc8fa4a18f5a08ce91e StaticDependenciesID=225567775d5b35b242b80333f729378e 
Number of updated asset objects reloaded before import = 0Number of asset objects unloaded after import = 1

========================================================================
Received Import Request.
  Time since last request: 0.000018 seconds.
  path: Assets/Packages/JMO Assets/Cartoon FX Remaster/CFXR Assets/Graphics/cfxr flamme blur unstable hdr ab.mat
  importAddress: Guid(173b6b1a6db432f44b3636e0ca19e4db) Importer(2089858483,b0f066a214c2f5e87bad3c948f4d605d)
Start importing Assets/Packages/JMO Assets/Cartoon FX Remaster/CFXR Assets/Graphics/cfxr flamme blur unstable hdr ab.mat using Guid(173b6b1a6db432f44b3636e0ca19e4db) Importer(2089858483,b0f066a214c2f5e87bad3c948f4d605d) (ScriptedImporter) -> (Import Result ID: '09ca7679435cf1108472f3474abe512f') in 0.0169197 seconds [static and dynamic dependencies]. Details - ImportResultOutputID=d240be0ad14d3e95506f1d1d2a6d67c6 DependenciesID=8cca3835d389acd0988ebe81e1cff905 StaticDependenciesID=ea454d512fa48ae647a94376372fddcc 
Number of updated asset objects reloaded before import = 0Number of asset objects unloaded after import = 3

========================================================================
Received Import Request.
  Time since last request: 0.000021 seconds.
  path: Assets/Packages/JMO Assets/Cartoon FX Remaster/CFXR Assets/Graphics/cfxr puddle.png
  importAddress: Guid(baaf2418f9f5617428e011679bbc62ea) Importer(2089858483,b0f066a214c2f5e87bad3c948f4d605d)
Start importing Assets/Packages/JMO Assets/Cartoon FX Remaster/CFXR Assets/Graphics/cfxr puddle.png using Guid(baaf2418f9f5617428e011679bbc62ea) Importer(2089858483,b0f066a214c2f5e87bad3c948f4d605d) (ScriptedImporter) -> (Import Result ID: '02f1f3407709c92f344bc83a96136a9b') in 0.0200403 seconds [static and dynamic dependencies]. Details - ImportResultOutputID=82597403efaa7fe574f352e647d1c7c5 DependenciesID=f25ad082794745dcd4615d63d072c240 StaticDependenciesID=4511e1108edba8dd3ca290dfcc2f1f5e 
Number of updated asset objects reloaded before import = 0Number of asset objects unloaded after import = 1

========================================================================
Received Import Request.
  Time since last request: 0.000029 seconds.
  path: Assets/Packages/JMO Assets/Cartoon FX Remaster/CFXR Assets/Graphics/cfxr fire circle crisp hdr ab.mat
  importAddress: Guid(3dacf7558eb39c44990dc773a3c06cc6) Importer(2089858483,b0f066a214c2f5e87bad3c948f4d605d)
Start importing Assets/Packages/JMO Assets/Cartoon FX Remaster/CFXR Assets/Graphics/cfxr fire circle crisp hdr ab.mat using Guid(3dacf7558eb39c44990dc773a3c06cc6) Importer(2089858483,b0f066a214c2f5e87bad3c948f4d605d) (ScriptedImporter) -> (Import Result ID: '78beddbbdb5523c95b34fc2373eafd62') in 0.0186188 seconds [static and dynamic dependencies]. Details - ImportResultOutputID=8cd59866deb33f32aa6ef645358c7a4f DependenciesID=bbb60fc88cbf8204397204f6b6cd8a10 StaticDependenciesID=c7dd5a6f894953edc8a62f5db0955f8e 
Number of updated asset objects reloaded before import = 0Number of asset objects unloaded after import = 3

========================================================================
Received Import Request.
  Time since last request: 0.000020 seconds.
  path: Assets/Packages/JMO Assets/Cartoon FX Remaster/CFXR Assets/Graphics/cfxr spikes impact dissolve.png
  importAddress: Guid(1e72721b1694d9941876dee6ff532672) Importer(2089858483,b0f066a214c2f5e87bad3c948f4d605d)
Start importing Assets/Packages/JMO Assets/Cartoon FX Remaster/CFXR Assets/Graphics/cfxr spikes impact dissolve.png using Guid(1e72721b1694d9941876dee6ff532672) Importer(2089858483,b0f066a214c2f5e87bad3c948f4d605d) (ScriptedImporter) -> (Import Result ID: 'dfbd19358da7677138f8c5e4d637dee1') in 0.0193848 seconds [static and dynamic dependencies]. Details - ImportResultOutputID=bc29278fda6cea393ff26ef5f6ad59b1 DependenciesID=f8021c63b9d78bf1b33739a65d7e67a1 StaticDependenciesID=acfeb4b41dd6a9837d437fa70a98dbf2 
Number of updated asset objects reloaded before import = 0Number of asset objects unloaded after import = 1

========================================================================
Received Import Request.
  Time since last request: 0.000017 seconds.
  path: Assets/Packages/JMO Assets/Cartoon FX Remaster/CFXR Assets/Graphics/cfxr ring electric.png
  importAddress: Guid(b33cdc46c2218a1478cc45e3144cd2a7) Importer(2089858483,b0f066a214c2f5e87bad3c948f4d605d)
Start importing Assets/Packages/JMO Assets/Cartoon FX Remaster/CFXR Assets/Graphics/cfxr ring electric.png using Guid(b33cdc46c2218a1478cc45e3144cd2a7) Importer(2089858483,b0f066a214c2f5e87bad3c948f4d605d) (ScriptedImporter) -> (Import Result ID: 'a55c207eaf830d1d16fbb3c0a4100724') in 0.0245064 seconds [static and dynamic dependencies]. Details - ImportResultOutputID=a7a4899461cd377c7b9dc0e63e92dc46 DependenciesID=adea25f59128bfa1535ff5879e09715d StaticDependenciesID=a3b336a2dec12b7098c2250a6ca9c10e 
Number of updated asset objects reloaded before import = 0Number of asset objects unloaded after import = 1

========================================================================
Received Import Request.
  Time since last request: 0.000023 seconds.
  path: Assets/Packages/JMO Assets/Cartoon FX Remaster/CFXR Assets/Graphics/cfxr hit triangle dissolve.png
  importAddress: Guid(fb6973fd296f0164f9879f3cb40f8b8b) Importer(2089858483,b0f066a214c2f5e87bad3c948f4d605d)
Start importing Assets/Packages/JMO Assets/Cartoon FX Remaster/CFXR Assets/Graphics/cfxr hit triangle dissolve.png using Guid(fb6973fd296f0164f9879f3cb40f8b8b) Importer(2089858483,b0f066a214c2f5e87bad3c948f4d605d) (ScriptedImporter) -> (Import Result ID: 'd5fb43368b0ec8fe422fdaad048f95be') in 0.0192687 seconds [static and dynamic dependencies]. Details - ImportResultOutputID=48b961f6682e9511027d0fee1140c4b9 DependenciesID=5b68bb8f276d27bd1266798b6d24dee7 StaticDependenciesID=3e8c127842d5fa0f0d5a01b5198de299 
Number of updated asset objects reloaded before import = 0Number of asset objects unloaded after import = 1

========================================================================
Received Import Request.
  Time since last request: 0.000031 seconds.
  path: Assets/Packages/JMO Assets/Cartoon FX Remaster/CFXR Assets/Graphics/cfxr smiley frown ab.mat
  importAddress: Guid(08d47308464a99942ad8db9b460417d3) Importer(2089858483,b0f066a214c2f5e87bad3c948f4d605d)
Start importing Assets/Packages/JMO Assets/Cartoon FX Remaster/CFXR Assets/Graphics/cfxr smiley frown ab.mat using Guid(08d47308464a99942ad8db9b460417d3) Importer(2089858483,b0f066a214c2f5e87bad3c948f4d605d) (ScriptedImporter) -> (Import Result ID: 'bbbed461e17beebc4cf66121b6ae1d65') in 0.0157266 seconds [static and dynamic dependencies]. Details - ImportResultOutputID=dbe9819e6adf3a27f74dc55a229944f5 DependenciesID=58c1b9273ccb5bc3de30d22328c12908 StaticDependenciesID=20d5fbb3d6f6632de200f94fc593f18d 
Number of updated asset objects reloaded before import = 0Number of asset objects unloaded after import = 2

========================================================================
Received Import Request.
  Time since last request: 0.000018 seconds.
  path: Assets/Scripts/Character/CharacterState.cs
  importAddress: Guid(6c62b9238a18d974ea8635bc587b5fe3) Importer(2089858483,b0f066a214c2f5e87bad3c948f4d605d)
Start importing Assets/Scripts/Character/CharacterState.cs using Guid(6c62b9238a18d974ea8635bc587b5fe3) Importer(2089858483,b0f066a214c2f5e87bad3c948f4d605d) (ScriptedImporter) -> (Import Result ID: 'ece144548bbcdd57c6ba78f9dfd52554') in 0.0112797 seconds [static and dynamic dependencies]. Details - ImportResultOutputID=03cf5623a2af0ccf3f8bb529c89407fc DependenciesID=170ce646cdf8c8929804054881c618b6 StaticDependenciesID=5b4a24a64d33b912b6a43fd871e8c186 
Number of updated asset objects reloaded before import = 0Number of asset objects unloaded after import = 0

========================================================================
Received Import Request.
  Time since last request: 0.000018 seconds.
  path: Assets/Packages/JMO Assets/Cartoon FX Remaster/CFXR Assets/Graphics/cfxr blood.png
  importAddress: Guid(a29f55dbea218ca4fbd94deb36027aee) Importer(2089858483,b0f066a214c2f5e87bad3c948f4d605d)
Start importing Assets/Packages/JMO Assets/Cartoon FX Remaster/CFXR Assets/Graphics/cfxr blood.png using Guid(a29f55dbea218ca4fbd94deb36027aee) Importer(2089858483,b0f066a214c2f5e87bad3c948f4d605d) (ScriptedImporter) -> (Import Result ID: 'cfe12981e062bd06798c2f6afb1f2a85') in 0.0205659 seconds [static and dynamic dependencies]. Details - ImportResultOutputID=9b8870784e315eea7c2f7453a71e4f6f DependenciesID=dcbcefdb46d353d3116cbb0ab24537dc StaticDependenciesID=ce90efe31797819df159b910ebd7e807 
Number of updated asset objects reloaded before import = 0Number of asset objects unloaded after import = 1

========================================================================
Received Import Request.
  Time since last request: 0.000025 seconds.
  path: Assets/Packages/JMO Assets/Cartoon FX Remaster/CFXR Assets/Graphics/cfxr star.png
  importAddress: Guid(2e87876b19af3de43947a0cb28d5a578) Importer(2089858483,b0f066a214c2f5e87bad3c948f4d605d)
Start importing Assets/Packages/JMO Assets/Cartoon FX Remaster/CFXR Assets/Graphics/cfxr star.png using Guid(2e87876b19af3de43947a0cb28d5a578) Importer(2089858483,b0f066a214c2f5e87bad3c948f4d605d) (ScriptedImporter) -> (Import Result ID: '6cd11112743d6a50d602c755d7516793') in 0.0195407 seconds [static and dynamic dependencies]. Details - ImportResultOutputID=f05855f90a3c9af4ae598e5a32af3325 DependenciesID=b23df0ce3d32f3d9175d3dc3008c8d96 StaticDependenciesID=7be8a7f2e1cf69a9111d2eef0730ad63 
Number of updated asset objects reloaded before import = 0Number of asset objects unloaded after import = 1

========================================================================
Received Import Request.
  Time since last request: 0.000029 seconds.
  path: Assets/Packages/JMO Assets/Cartoon FX Remaster/CFXR Assets/Graphics/cfxr stretch rectangle ray ab.mat
  importAddress: Guid(d2e32673805f8974a888782e19aa2bbf) Importer(2089858483,b0f066a214c2f5e87bad3c948f4d605d)
Start importing Assets/Packages/JMO Assets/Cartoon FX Remaster/CFXR Assets/Graphics/cfxr stretch rectangle ray ab.mat using Guid(d2e32673805f8974a888782e19aa2bbf) Importer(2089858483,b0f066a214c2f5e87bad3c948f4d605d) (ScriptedImporter) -> (Import Result ID: '2b42b9fecebde2c22452de52fe764f4c') in 0.0168393 seconds [static and dynamic dependencies]. Details - ImportResultOutputID=3ec25fdc70de704f8916e70154b03a62 DependenciesID=2172c2c7d85c92ebe412ebfdbe9216f6 StaticDependenciesID=c0a138e2eb6b64777a9639a224d0c09f 
Number of updated asset objects reloaded before import = 0Number of asset objects unloaded after import = 2

========================================================================
Received Import Request.
  Time since last request: 0.000019 seconds.
  path: Assets/Packages/Pixel Adventure 1/Assets/Mask Dude/Jump (32x32).png
  importAddress: Guid(2d728ff08787c6640bbe4984c7ff018b) Importer(2089858483,b0f066a214c2f5e87bad3c948f4d605d)
Start importing Assets/Packages/Pixel Adventure 1/Assets/Mask Dude/Jump (32x32).png using Guid(2d728ff08787c6640bbe4984c7ff018b) Importer(2089858483,b0f066a214c2f5e87bad3c948f4d605d) (ScriptedImporter) -> (Import Result ID: '1846beec5224c9aa9de7fdf6701c74c6') in 0.0341164 seconds [static and dynamic dependencies]. Details - ImportResultOutputID=e25c289593bcfead047f1e6f07c929b8 DependenciesID=febdb992472ea6e4604318c9e3a7622f StaticDependenciesID=1366d2d2c43a6a7ca32a54f54be18551 
Number of updated asset objects reloaded before import = 0Number of asset objects unloaded after import = 3

========================================================================
Received Import Request.
  Time since last request: 0.000018 seconds.
  path: Assets/Packages/JMO Assets/Cartoon FX Remaster/CFXRF Demo.unity
  importAddress: Guid(04a677eab942f3842bc623749775964d) Importer(2089858483,b0f066a214c2f5e87bad3c948f4d605d)
Start importing Assets/Packages/JMO Assets/Cartoon FX Remaster/CFXRF Demo.unity using Guid(04a677eab942f3842bc623749775964d) Importer(2089858483,b0f066a214c2f5e87bad3c948f4d605d) (ScriptedImporter) -> (Import Result ID: 'ce934ac380aa8852c1ba8056def9f8bd') in 0.0259915 seconds [static and dynamic dependencies]. Details - ImportResultOutputID=60a36d5e2ddece356e20720c71147689 DependenciesID=d7efbc1dba21376adebf5d6d5e6bf7a1 StaticDependenciesID=5b71a346e2fd19a3c7b0e17200a80904 
Number of updated asset objects reloaded before import = 0Number of asset objects unloaded after import = 1

========================================================================
Received Import Request.
  Time since last request: 0.000021 seconds.
  path: Assets/Packages/JMO Assets/Cartoon FX Remaster/CFXR Assets/Graphics/cfxr proc glow crisp ab.mat
  importAddress: Guid(906ae4d407ec09644b01a6902dbb9ea6) Importer(2089858483,b0f066a214c2f5e87bad3c948f4d605d)
Start importing Assets/Packages/JMO Assets/Cartoon FX Remaster/CFXR Assets/Graphics/cfxr proc glow crisp ab.mat using Guid(906ae4d407ec09644b01a6902dbb9ea6) Importer(2089858483,b0f066a214c2f5e87bad3c948f4d605d) (ScriptedImporter) -> (Import Result ID: '12156a8e944d1fc50040cf66558cb541') in 0.0478361 seconds [static and dynamic dependencies]. Details - ImportResultOutputID=713ffd7712ca07a7006ddb3fd9cbb0e6 DependenciesID=47400b874b657410757f258934e0c327 StaticDependenciesID=0005b49faacd996cf2b1b88eb97b3fb4 
Number of updated asset objects reloaded before import = 0Number of asset objects unloaded after import = 1

========================================================================
Received Import Request.
  Time since last request: 0.000029 seconds.
  path: Assets/Packages/JMO Assets/Cartoon FX Remaster/CFXR Assets/Graphics/cfxr proc ring local space hdr ab.mat
  importAddress: Guid(851a3f25e203f584bbe9dea88fc580a4) Importer(2089858483,b0f066a214c2f5e87bad3c948f4d605d)
Start importing Assets/Packages/JMO Assets/Cartoon FX Remaster/CFXR Assets/Graphics/cfxr proc ring local space hdr ab.mat using Guid(851a3f25e203f584bbe9dea88fc580a4) Importer(2089858483,b0f066a214c2f5e87bad3c948f4d605d) (ScriptedImporter) -> (Import Result ID: '50ced16f5b45705f9c2e2486a13a0e42') in 0.0136667 seconds [static and dynamic dependencies]. Details - ImportResultOutputID=ee48ffcf24a905c56f357c8f2bbeac0d DependenciesID=1e1bbd2d09a46121eaeae3e09046a049 StaticDependenciesID=7e422aec42747facf2b65fafe9256ef1 
Number of updated asset objects reloaded before import = 0Number of asset objects unloaded after import = 1

========================================================================
Received Import Request.
  Time since last request: 0.000017 seconds.
  path: Assets/Packages/JMO Assets/Cartoon FX Remaster/CFXR Assets/Graphics/cfxr ring spikes revert hdr ab.mat
  importAddress: Guid(b5e165bd20254774d84be998858676af) Importer(2089858483,b0f066a214c2f5e87bad3c948f4d605d)
Start importing Assets/Packages/JMO Assets/Cartoon FX Remaster/CFXR Assets/Graphics/cfxr ring spikes revert hdr ab.mat using Guid(b5e165bd20254774d84be998858676af) Importer(2089858483,b0f066a214c2f5e87bad3c948f4d605d) (ScriptedImporter) -> (Import Result ID: '228761a69aabe001a4092eac11142c95') in 0.0489668 seconds [static and dynamic dependencies]. Details - ImportResultOutputID=fd45d90c775c4d21c5e931fc69b554ea DependenciesID=234916b1666c3d48cbcd89e7483b0ce7 StaticDependenciesID=c44b5bbc0fb6792050403714fa14e92b 
Number of updated asset objects reloaded before import = 0Number of asset objects unloaded after import = 3

========================================================================
Received Import Request.
  Time since last request: 0.000020 seconds.
  path: Assets/Packages/JMO Assets/Cartoon FX Remaster/CFXR Assets/Graphics/cfxr blood dissolve.png
  importAddress: Guid(0611efd272757c345a8ded5f38dd3f88) Importer(2089858483,b0f066a214c2f5e87bad3c948f4d605d)
Start importing Assets/Packages/JMO Assets/Cartoon FX Remaster/CFXR Assets/Graphics/cfxr blood dissolve.png using Guid(0611efd272757c345a8ded5f38dd3f88) Importer(2089858483,b0f066a214c2f5e87bad3c948f4d605d) (ScriptedImporter) -> (Import Result ID: 'e5f1d80eea306c5856a328b2aa43e956') in 0.0192837 seconds [static and dynamic dependencies]. Details - ImportResultOutputID=9c1bc60e64b46068bc29ed2b984e9bcc DependenciesID=e9924d920b037719b9da9765a735c90f StaticDependenciesID=5c4bc34366066df79c175e802fc88528 
Number of updated asset objects reloaded before import = 0Number of asset objects unloaded after import = 1

========================================================================
Received Import Request.
  Time since last request: 0.000024 seconds.
  path: Assets/Packages/JMO Assets/Cartoon FX Remaster/CFXR Assets/Graphics/cfxr smiley angry ab.mat
  importAddress: Guid(c07041c51f99748459f6c348337b94d1) Importer(2089858483,b0f066a214c2f5e87bad3c948f4d605d)
Start importing Assets/Packages/JMO Assets/Cartoon FX Remaster/CFXR Assets/Graphics/cfxr smiley angry ab.mat using Guid(c07041c51f99748459f6c348337b94d1) Importer(2089858483,b0f066a214c2f5e87bad3c948f4d605d) (ScriptedImporter) -> (Import Result ID: '692d2e7b9ad3bc461fcede8171668a0b') in 0.0163433 seconds [static and dynamic dependencies]. Details - ImportResultOutputID=1afb974f45c75550464bf100d8f97a7f DependenciesID=737d48e624906ca0f46889f5d3df13e8 StaticDependenciesID=92652d8af4959863d2293df65f7d75a5 
Number of updated asset objects reloaded before import = 0Number of asset objects unloaded after import = 2

========================================================================
Received Import Request.
  Time since last request: 0.000028 seconds.
  path: Assets/Packages/JMO Assets/Cartoon FX Remaster/CFXR Assets/Meshes/cfxr mesh disk.fbx
  importAddress: Guid(7874f2765cea0a547827d03a8933235d) Importer(2089858483,b0f066a214c2f5e87bad3c948f4d605d)
Start importing Assets/Packages/JMO Assets/Cartoon FX Remaster/CFXR Assets/Meshes/cfxr mesh disk.fbx using Guid(7874f2765cea0a547827d03a8933235d) Importer(2089858483,b0f066a214c2f5e87bad3c948f4d605d) (ScriptedImporter) -> (Import Result ID: 'a7f5e9168b976f110df9a071b7c8e9c9') in 0.0258481 seconds [static and dynamic dependencies]. Details - ImportResultOutputID=431b5e9806477537672dc9c6348379a6 DependenciesID=03476c2162aa2be60ddf2929103bdaf4 StaticDependenciesID=293d6fc7a983da044ba18524137de2a9 
Number of updated asset objects reloaded before import = 0Number of asset objects unloaded after import = 7

========================================================================
Received Import Request.
  Time since last request: 0.000017 seconds.
  path: Assets/Packages/JMO Assets/Cartoon FX Remaster/CFXR Assets/Graphics/cfxr stretch rectangle ray.png
  importAddress: Guid(6169cfc312e54a94ba501b9c3a5d7357) Importer(2089858483,b0f066a214c2f5e87bad3c948f4d605d)
Start importing Assets/Packages/JMO Assets/Cartoon FX Remaster/CFXR Assets/Graphics/cfxr stretch rectangle ray.png using Guid(6169cfc312e54a94ba501b9c3a5d7357) Importer(2089858483,b0f066a214c2f5e87bad3c948f4d605d) (ScriptedImporter) -> (Import Result ID: 'a5fb865b7ca698821141a8dbd9728824') in 0.0189547 seconds [static and dynamic dependencies]. Details - ImportResultOutputID=69c5c23af7e6a9eb84b21b0997d3ccfe DependenciesID=b5383a22f841459b1f678ee314901860 StaticDependenciesID=0cc20108da660e510b25e72fd966d1d1 
Number of updated asset objects reloaded before import = 0Number of asset objects unloaded after import = 1

========================================================================
Received Import Request.
  Time since last request: 0.000018 seconds.
  path: Assets/Packages/JMO Assets/Cartoon FX Remaster/CFXR Assets/Graphics/cfxr stretch rectangle ray blur.png
  importAddress: Guid(4077fe32903779747aeb714946d83235) Importer(2089858483,b0f066a214c2f5e87bad3c948f4d605d)
Start importing Assets/Packages/JMO Assets/Cartoon FX Remaster/CFXR Assets/Graphics/cfxr stretch rectangle ray blur.png using Guid(4077fe32903779747aeb714946d83235) Importer(2089858483,b0f066a214c2f5e87bad3c948f4d605d) (ScriptedImporter) -> (Import Result ID: '3bc8f4f95733b105fe415f5923d43b08') in 0.0194802 seconds [static and dynamic dependencies]. Details - ImportResultOutputID=a38f27e8686722caea089f01ef4d8242 DependenciesID=f3348bf9bd3e218c53589e729b48c3fd StaticDependenciesID=5e3fa81f289591e99e602787e49c14c5 
Number of updated asset objects reloaded before import = 0Number of asset objects unloaded after import = 1

========================================================================
Received Import Request.
  Time since last request: 0.000022 seconds.
  path: Assets/Packages/Pixel Adventure 1/Assets/Mask Dude/Hit (32x32).png
  importAddress: Guid(b234dd527243d1042a19b2cf7ef17cd7) Importer(2089858483,b0f066a214c2f5e87bad3c948f4d605d)
Start importing Assets/Packages/Pixel Adventure 1/Assets/Mask Dude/Hit (32x32).png using Guid(b234dd527243d1042a19b2cf7ef17cd7) Importer(2089858483,b0f066a214c2f5e87bad3c948f4d605d) (ScriptedImporter) -> (Import Result ID: 'dd3e04a9c314bd58dc0cd9926da5e415') in 0.0442234 seconds [static and dynamic dependencies]. Details - ImportResultOutputID=eb7bc033d2e3167495c8734004630713 DependenciesID=c72fa07874054859f99993d1ee181f50 StaticDependenciesID=40955ee2e277e84b0037fca0fe446677 
Number of updated asset objects reloaded before import = 0Number of asset objects unloaded after import = 9

========================================================================
Received Import Request.
  Time since last request: 0.000030 seconds.
  path: Assets/Packages/JMO Assets/Cartoon FX Remaster/CFXR Assets/Graphics/cfxr bubble ab.mat
  importAddress: Guid(b723f81f440998d42a4d4b393cac870c) Importer(2089858483,b0f066a214c2f5e87bad3c948f4d605d)
Start importing Assets/Packages/JMO Assets/Cartoon FX Remaster/CFXR Assets/Graphics/cfxr bubble ab.mat using Guid(b723f81f440998d42a4d4b393cac870c) Importer(2089858483,b0f066a214c2f5e87bad3c948f4d605d) (ScriptedImporter) -> (Import Result ID: '2bf3cf9f228ac8fb0247b9da0ac3f6ba') in 0.0509876 seconds [static and dynamic dependencies]. Details - ImportResultOutputID=d0584da06ff6cf0636741243382ff7e8 DependenciesID=188d3500687e1a8d046b6765764563e7 StaticDependenciesID=4d5861fe15a60409fcafc48fe6ab89d4 
Number of updated asset objects reloaded before import = 0Number of asset objects unloaded after import = 2

========================================================================
Received Import Request.
  Time since last request: 0.000019 seconds.
  path: Assets/Packages/JMO Assets/Cartoon FX Remaster/CFXR Assets/Graphics/cfxr smoke cloud x4 ab.mat
  importAddress: Guid(7840d900dc0a4ed4dbcd26e23f064dd8) Importer(2089858483,b0f066a214c2f5e87bad3c948f4d605d)
Start importing Assets/Packages/JMO Assets/Cartoon FX Remaster/CFXR Assets/Graphics/cfxr smoke cloud x4 ab.mat using Guid(7840d900dc0a4ed4dbcd26e23f064dd8) Importer(2089858483,b0f066a214c2f5e87bad3c948f4d605d) (ScriptedImporter) -> (Import Result ID: '00043c03034f98620162e830c7fd41d3') in 0.0164368 seconds [static and dynamic dependencies]. Details - ImportResultOutputID=03f092d6b318faa5aeefcd5bbaede9d7 DependenciesID=43e064d71eb49f9ed9e835aa17608f5d StaticDependenciesID=7673ad2fcd6ce5749cd6e4a33bc19b7d 
Number of updated asset objects reloaded before import = 0Number of asset objects unloaded after import = 3

========================================================================
Received Import Request.
  Time since last request: 0.000020 seconds.
  path: Assets/Packages/JMO Assets/Cartoon FX Remaster/CFXR Assets/Graphics/cfxr card club.png
  importAddress: Guid(d92fa0efcefbc2e4db627980b9abdb4c) Importer(2089858483,b0f066a214c2f5e87bad3c948f4d605d)
Start importing Assets/Packages/JMO Assets/Cartoon FX Remaster/CFXR Assets/Graphics/cfxr card club.png using Guid(d92fa0efcefbc2e4db627980b9abdb4c) Importer(2089858483,b0f066a214c2f5e87bad3c948f4d605d) (ScriptedImporter) -> (Import Result ID: '83c2369183947a179a285f13bb1b06e4') in 0.0217132 seconds [static and dynamic dependencies]. Details - ImportResultOutputID=fbc414bbd19766ff6ddf5a28aad5b5aa DependenciesID=26854befd790389ab0006b549c1181ad StaticDependenciesID=c9f979de653db86f03f576b549602b54 
Number of updated asset objects reloaded before import = 0Number of asset objects unloaded after import = 1

========================================================================
Received Import Request.
  Time since last request: 0.000025 seconds.
  path: Assets/Packages/JMO Assets/Cartoon FX Remaster/CFXR Assets/Graphics/cfxr fire edge dissolve.png
  importAddress: Guid(12db9c7e88bd8f149a35ba6e84f1c749) Importer(2089858483,b0f066a214c2f5e87bad3c948f4d605d)
Start importing Assets/Packages/JMO Assets/Cartoon FX Remaster/CFXR Assets/Graphics/cfxr fire edge dissolve.png using Guid(12db9c7e88bd8f149a35ba6e84f1c749) Importer(2089858483,b0f066a214c2f5e87bad3c948f4d605d) (ScriptedImporter) -> (Import Result ID: 'f637f0d938e6ca635e89a4364af7f376') in 0.0193288 seconds [static and dynamic dependencies]. Details - ImportResultOutputID=5dab84c507921c8d222b90caab6e0ea1 DependenciesID=cf810aced721dfb53610c943eaeb3574 StaticDependenciesID=af55720e1392a1be42ac06b0810070f1 
Number of updated asset objects reloaded before import = 0Number of asset objects unloaded after import = 1

========================================================================
Received Import Request.
  Time since last request: 0.000034 seconds.
  path: Assets/Packages/JMO Assets/Cartoon FX Remaster/CFXR Assets/Editor/CFXR_ExpressionParser.cs
  importAddress: Guid(ce7d96d3a4d4f3b4681ab437a9710d60) Importer(2089858483,b0f066a214c2f5e87bad3c948f4d605d)
Start importing Assets/Packages/JMO Assets/Cartoon FX Remaster/CFXR Assets/Editor/CFXR_ExpressionParser.cs using Guid(ce7d96d3a4d4f3b4681ab437a9710d60) Importer(2089858483,b0f066a214c2f5e87bad3c948f4d605d) (ScriptedImporter) -> (Import Result ID: '8e37b1347098490b3ea9676437cef6c8') in 0.0123863 seconds [static and dynamic dependencies]. Details - ImportResultOutputID=fdb9587c08b1609d88239d6698ae82dd DependenciesID=1b0bf9a425f05486093d1e57c2ae8536 StaticDependenciesID=05117c3e386b0eaf9bea3b4dd9328704 
Number of updated asset objects reloaded before import = 0Number of asset objects unloaded after import = 0

========================================================================
Received Import Request.
  Time since last request: 0.000019 seconds.
  path: Assets/Packages/JMO Assets/Cartoon FX Remaster/Demo Assets/CFXR_Demo.cs
  importAddress: Guid(35e9f6a6071b4f44fa2cf94b59d33251) Importer(2089858483,b0f066a214c2f5e87bad3c948f4d605d)
Start importing Assets/Packages/JMO Assets/Cartoon FX Remaster/Demo Assets/CFXR_Demo.cs using Guid(35e9f6a6071b4f44fa2cf94b59d33251) Importer(2089858483,b0f066a214c2f5e87bad3c948f4d605d) (ScriptedImporter) -> (Import Result ID: '89906569c89eeaaa6445cac54c143d5a') in 0.011677 seconds [static and dynamic dependencies]. Details - ImportResultOutputID=52e4480d11e64ca169a65457127079dc DependenciesID=c43f165cd4ecb42e46d5a7f01e021f47 StaticDependenciesID=392b422189f17d5f159a87331c54ba32 
Number of updated asset objects reloaded before import = 0Number of asset objects unloaded after import = 0

========================================================================
Received Import Request.
  Time since last request: 0.000019 seconds.
  path: Assets/Packages/JMO Assets/Cartoon FX Remaster/CFXR Assets/Graphics/cfxr stretch triangle smooth nosp add.mat
  importAddress: Guid(d94053f8609f0e14aadb270ec29d672f) Importer(2089858483,b0f066a214c2f5e87bad3c948f4d605d)
Start importing Assets/Packages/JMO Assets/Cartoon FX Remaster/CFXR Assets/Graphics/cfxr stretch triangle smooth nosp add.mat using Guid(d94053f8609f0e14aadb270ec29d672f) Importer(2089858483,b0f066a214c2f5e87bad3c948f4d605d) (ScriptedImporter) -> (Import Result ID: 'f6f008ab4a67057eae87d8c49d9263bc') in 0.0175829 seconds [static and dynamic dependencies]. Details - ImportResultOutputID=789dce60ded88e4bd84bf8cce96ff651 DependenciesID=b3afcdad5cef1b856fdd1d26f1dc82ee StaticDependenciesID=6bae27031e5444d374dec0551b0b509e 
Number of updated asset objects reloaded before import = 0Number of asset objects unloaded after import = 3

========================================================================
Received Import Request.
  Time since last request: 0.000023 seconds.
  path: Assets/Packages/JMO Assets/Cartoon FX Remaster/CFXR Assets/Misc/cfxr particle font.mat
  importAddress: Guid(daedbca3d89ee8640bed0c051d176ff9) Importer(2089858483,b0f066a214c2f5e87bad3c948f4d605d)
Start importing Assets/Packages/JMO Assets/Cartoon FX Remaster/CFXR Assets/Misc/cfxr particle font.mat using Guid(daedbca3d89ee8640bed0c051d176ff9) Importer(2089858483,b0f066a214c2f5e87bad3c948f4d605d) (ScriptedImporter) -> (Import Result ID: 'f9babed2cdb5084655ca0d7f4942fd74') in 0.015541 seconds [static and dynamic dependencies]. Details - ImportResultOutputID=220bbb3f53d11507d458b2c5cc20acc0 DependenciesID=9e332fe2d5bfa7a3dd553703b9593fcc StaticDependenciesID=757851d1f2c25dd0d6d79e2a1aaffdb5 
Number of updated asset objects reloaded before import = 0Number of asset objects unloaded after import = 1

========================================================================
Received Import Request.
  Time since last request: 0.000029 seconds.
  path: Assets/Packages/JMO Assets/Cartoon FX Remaster/CFXR Assets/Graphics/cfxr smoke cloud x4 normal.png
  importAddress: Guid(0608e2018b01b60429ffce642b5c689a) Importer(2089858483,b0f066a214c2f5e87bad3c948f4d605d)
Start importing Assets/Packages/JMO Assets/Cartoon FX Remaster/CFXR Assets/Graphics/cfxr smoke cloud x4 normal.png using Guid(0608e2018b01b60429ffce642b5c689a) Importer(2089858483,b0f066a214c2f5e87bad3c948f4d605d) (ScriptedImporter) -> (Import Result ID: 'b12166f381563c2057ce110f660b9b93') in 0.0199603 seconds [static and dynamic dependencies]. Details - ImportResultOutputID=1b4f8e197e7c98be81e81c4dde0082d8 DependenciesID=65285c97084f3cdb57c4411c71d5e9c7 StaticDependenciesID=7a94d5cc1d8fcd80a6da5f1777e99b57 
Number of updated asset objects reloaded before import = 0Number of asset objects unloaded after import = 1

========================================================================
Received Import Request.
  Time since last request: 0.000021 seconds.
  path: Assets/Packages/JMO Assets/Cartoon FX Remaster/CFXR Assets/Graphics/cfxr electric sparks ab.mat
  importAddress: Guid(75b0637026ec53946a826eb34b74157e) Importer(2089858483,b0f066a214c2f5e87bad3c948f4d605d)
Start importing Assets/Packages/JMO Assets/Cartoon FX Remaster/CFXR Assets/Graphics/cfxr electric sparks ab.mat using Guid(75b0637026ec53946a826eb34b74157e) Importer(2089858483,b0f066a214c2f5e87bad3c948f4d605d) (ScriptedImporter) -> (Import Result ID: '62db66b4ebb718507d74fabf2ab42acb') in 0.0159784 seconds [static and dynamic dependencies]. Details - ImportResultOutputID=3d97445aa4c80c0d972250cd4260b81b DependenciesID=35a0433b491c4fbdc735159f909f1780 StaticDependenciesID=ae33775c88c86e7925d7d18725882d34 
Number of updated asset objects reloaded before import = 0Number of asset objects unloaded after import = 2

========================================================================
Received Import Request.
  Time since last request: 0.000048 seconds.
  path: Assets/Packages/JMO Assets/Cartoon FX Remaster/CFXR Assets/Scripts/CFXR Runtime.asmdef
  importAddress: Guid(785156d0baf9e564e92265c9169511bb) Importer(2089858483,b0f066a214c2f5e87bad3c948f4d605d)
Start importing Assets/Packages/JMO Assets/Cartoon FX Remaster/CFXR Assets/Scripts/CFXR Runtime.asmdef using Guid(785156d0baf9e564e92265c9169511bb) Importer(2089858483,b0f066a214c2f5e87bad3c948f4d605d) (ScriptedImporter) -> (Import Result ID: '9903e128810b0fe05ae6aa3780bf4600') in 0.0389193 seconds [static and dynamic dependencies]. Details - ImportResultOutputID=64097b0c8a78bd72b076efcf91511414 DependenciesID=bf25c88f323a6960ab1b227b8db3ae74 StaticDependenciesID=87e00a981afbdd721d364d206419195c 
Number of updated asset objects reloaded before import = 0Number of asset objects unloaded after import = 1

========================================================================
Received Import Request.
  Time since last request: 0.000026 seconds.
  path: Assets/Packages/JMO Assets/Cartoon FX Remaster/CFXR Assets/Graphics/cfxr smoke cloud x4 white.png
  importAddress: Guid(e6865613fc11fc54298789bbd0f23296) Importer(2089858483,b0f066a214c2f5e87bad3c948f4d605d)
Start importing Assets/Packages/JMO Assets/Cartoon FX Remaster/CFXR Assets/Graphics/cfxr smoke cloud x4 white.png using Guid(e6865613fc11fc54298789bbd0f23296) Importer(2089858483,b0f066a214c2f5e87bad3c948f4d605d) (ScriptedImporter) -> (Import Result ID: '5b3f1a2ad827c54200c828cd5fbb3568') in 0.0250518 seconds [static and dynamic dependencies]. Details - ImportResultOutputID=f62e1515559f2a257cf92ec7b49dfe9a DependenciesID=b381f904c50c9f9d2c193fad1a69ff06 StaticDependenciesID=4b634f7f00e90c1565cbffb0079cff17 
Number of updated asset objects reloaded before import = 0Number of asset objects unloaded after import = 1

========================================================================
Received Import Request.
  Time since last request: 0.000030 seconds.
  path: Assets/Packages/JMO Assets/Cartoon FX Remaster/CFXR Assets/Graphics/cfxr proc glow soft ab.mat
  importAddress: Guid(cbd97a3a0f0d5c04f8d0225f1ea847d8) Importer(2089858483,b0f066a214c2f5e87bad3c948f4d605d)
Start importing Assets/Packages/JMO Assets/Cartoon FX Remaster/CFXR Assets/Graphics/cfxr proc glow soft ab.mat using Guid(cbd97a3a0f0d5c04f8d0225f1ea847d8) Importer(2089858483,b0f066a214c2f5e87bad3c948f4d605d) (ScriptedImporter) -> (Import Result ID: '72fe13e7f426c129befb0b0bb76ce605') in 0.0147578 seconds [static and dynamic dependencies]. Details - ImportResultOutputID=5bc59089ba49e257a7890f15d9653232 DependenciesID=810ce0b233bcce3696683857e8cc3b11 StaticDependenciesID=6ff65c30eda67844305b6ef68b84bf13 
Number of updated asset objects reloaded before import = 0Number of asset objects unloaded after import = 1

========================================================================
Received Import Request.
  Time since last request: 0.000017 seconds.
  path: Assets/Animation/PlayerAnimations/PlayerHeight.controller
  importAddress: Guid(b06898482ef6f9a42b4ef45ab7f06625) Importer(2089858483,b0f066a214c2f5e87bad3c948f4d605d)
Start importing Assets/Animation/PlayerAnimations/PlayerHeight.controller using Guid(b06898482ef6f9a42b4ef45ab7f06625) Importer(2089858483,b0f066a214c2f5e87bad3c948f4d605d) (ScriptedImporter) -> (Import Result ID: '299d418d2a37d288d30802a6b30493c3') in 0.01353 seconds [static and dynamic dependencies]. Details - ImportResultOutputID=2a42feb577e13548df1b8960e3b15c2a DependenciesID=1da360232182fff8ce4a271efcbcf537 StaticDependenciesID=f16ba62dd008d673336382074b438ec7 
Number of updated asset objects reloaded before import = 0Number of asset objects unloaded after import = 4

========================================================================
Received Import Request.
  Time since last request: 0.000019 seconds.
  path: Assets/Packages/JMO Assets/Cartoon FX Remaster/CFXR Assets/Graphics/cfxr flamme plain unstable fine hdr ab.mat
  importAddress: Guid(5f57f1e6bf79b22448e57c6ed217ee06) Importer(2089858483,b0f066a214c2f5e87bad3c948f4d605d)
Start importing Assets/Packages/JMO Assets/Cartoon FX Remaster/CFXR Assets/Graphics/cfxr flamme plain unstable fine hdr ab.mat using Guid(5f57f1e6bf79b22448e57c6ed217ee06) Importer(2089858483,b0f066a214c2f5e87bad3c948f4d605d) (ScriptedImporter) -> (Import Result ID: '235e4f8bba6f86d52e7dec03580aa632') in 0.0169841 seconds [static and dynamic dependencies]. Details - ImportResultOutputID=db741283a3188f72276ff69c1445e9df DependenciesID=8f825772f4782b1955424c76f1505554 StaticDependenciesID=cb54e90a482b0b6b99b7f1e67804dde8 
Number of updated asset objects reloaded before import = 0Number of asset objects unloaded after import = 3

========================================================================
Received Import Request.
  Time since last request: 0.000021 seconds.
  path: Assets/Packages/JMO Assets/Cartoon FX Remaster/CFXR Assets/Graphics/cfxr fly anim.mat
  importAddress: Guid(71ef950d76e4a6149b53e2136eaf4b2c) Importer(2089858483,b0f066a214c2f5e87bad3c948f4d605d)
Start importing Assets/Packages/JMO Assets/Cartoon FX Remaster/CFXR Assets/Graphics/cfxr fly anim.mat using Guid(71ef950d76e4a6149b53e2136eaf4b2c) Importer(2089858483,b0f066a214c2f5e87bad3c948f4d605d) (ScriptedImporter) -> (Import Result ID: 'd9496a13f1bb36ee49ef03d4e49f4fdb') in 0.0154707 seconds [static and dynamic dependencies]. Details - ImportResultOutputID=4005855f7a0b205c6256d40a2fa41ef2 DependenciesID=f8de4b9579ec9e9b9affae99cc7b3d3f StaticDependenciesID=41cad5e75b7a23f18ceb0b69096205eb 
Number of updated asset objects reloaded before import = 0Number of asset objects unloaded after import = 2

========================================================================
Received Import Request.
  Time since last request: 0.000031 seconds.
  path: Assets/Packages/JMO Assets/Cartoon FX Remaster/CFXR Assets/Graphics/cfxr ring spikes revert.png
  importAddress: Guid(bcd4f0c1c99fcfe42bd88ec27630ff17) Importer(2089858483,b0f066a214c2f5e87bad3c948f4d605d)
Start importing Assets/Packages/JMO Assets/Cartoon FX Remaster/CFXR Assets/Graphics/cfxr ring spikes revert.png using Guid(bcd4f0c1c99fcfe42bd88ec27630ff17) Importer(2089858483,b0f066a214c2f5e87bad3c948f4d605d) (ScriptedImporter) -> (Import Result ID: '4afb0804d20e603a1f340df3292ed972') in 0.0191416 seconds [static and dynamic dependencies]. Details - ImportResultOutputID=d4325893d7bf855e635c329d38a02bc1 DependenciesID=dc0f300b709782eaecbf28f7f3ed19c2 StaticDependenciesID=bcf09fa815506d4d1446d8f78cd8714c 
Number of updated asset objects reloaded before import = 0Number of asset objects unloaded after import = 1

========================================================================
Received Import Request.
  Time since last request: 0.000020 seconds.
  path: Assets/Packages/JMO Assets/Cartoon FX Remaster/CFXR Assets/Misc/cfxr ParticleFont WashYourHand.asset
  importAddress: Guid(248c4661420fe3d48b7f14d4c8afe6ab) Importer(2089858483,b0f066a214c2f5e87bad3c948f4d605d)
Start importing Assets/Packages/JMO Assets/Cartoon FX Remaster/CFXR Assets/Misc/cfxr ParticleFont WashYourHand.asset using Guid(248c4661420fe3d48b7f14d4c8afe6ab) Importer(2089858483,b0f066a214c2f5e87bad3c948f4d605d) (ScriptedImporter) -> (Import Result ID: 'f80b1a36174ca72ac8d482c3df18a3ce') in 0.0165008 seconds [static and dynamic dependencies]. Details - ImportResultOutputID=07455b10324dca712a8649e9c7a4ade2 DependenciesID=42f2cfb0e8f7fb6e438a9aa538920ece StaticDependenciesID=eb4019de1f2dac5dd0b59e4d30bf3522 
Number of updated asset objects reloaded before import = 0Number of asset objects unloaded after import = 69

========================================================================
Received Import Request.
  Time since last request: 0.000017 seconds.
  path: Assets/Packages/JMO Assets/Cartoon FX Remaster/CFXR Assets/Graphics/cfxr electric small anim2 7x2.png
  importAddress: Guid(f26118f31cdd28d4a925ca12705e1519) Importer(2089858483,b0f066a214c2f5e87bad3c948f4d605d)
Start importing Assets/Packages/JMO Assets/Cartoon FX Remaster/CFXR Assets/Graphics/cfxr electric small anim2 7x2.png using Guid(f26118f31cdd28d4a925ca12705e1519) Importer(2089858483,b0f066a214c2f5e87bad3c948f4d605d) (ScriptedImporter) -> (Import Result ID: '0e8090b26290a5141f29b13572af6441') in 0.030059 seconds [static and dynamic dependencies]. Details - ImportResultOutputID=be14bd65934fb3add6f1296000e86b2c DependenciesID=fe9833277ef8d47a2e3c3f5d509b01ac StaticDependenciesID=2175a4754fd41ef3a3c8cf2fc436d426 
Number of updated asset objects reloaded before import = 0Number of asset objects unloaded after import = 1

========================================================================
Received Import Request.
  Time since last request: 0.000022 seconds.
  path: Assets/Packages/JMO Assets/Cartoon FX Remaster/CFXR Assets/Graphics/cfxr stretch inv spike fade.png
  importAddress: Guid(0f396005b9d2a904aaaccab1ad4b77a2) Importer(2089858483,b0f066a214c2f5e87bad3c948f4d605d)
Start importing Assets/Packages/JMO Assets/Cartoon FX Remaster/CFXR Assets/Graphics/cfxr stretch inv spike fade.png using Guid(0f396005b9d2a904aaaccab1ad4b77a2) Importer(2089858483,b0f066a214c2f5e87bad3c948f4d605d) (ScriptedImporter) -> (Import Result ID: '92d653e6069feff56e4068f8e69754bd') in 0.0195351 seconds [static and dynamic dependencies]. Details - ImportResultOutputID=7a9df7fdcdbf187e2843808bbe6cc14b DependenciesID=c90d7c5c5a97df7ec881e72531d6f657 StaticDependenciesID=af1774dbde837b967702e0975bf11115 
Number of updated asset objects reloaded before import = 0Number of asset objects unloaded after import = 1

========================================================================
Received Import Request.
  Time since last request: 0.000031 seconds.
  path: Assets/Packages/JMO Assets/Cartoon FX Remaster/CFXR Assets/Graphics/cfxr screen distortion ring nosp.mat
  importAddress: Guid(37976d5d4486ae547867ea7ea8e80356) Importer(2089858483,b0f066a214c2f5e87bad3c948f4d605d)
Start importing Assets/Packages/JMO Assets/Cartoon FX Remaster/CFXR Assets/Graphics/cfxr screen distortion ring nosp.mat using Guid(37976d5d4486ae547867ea7ea8e80356) Importer(2089858483,b0f066a214c2f5e87bad3c948f4d605d) (ScriptedImporter) -> (Import Result ID: '1732dd46be6af00caf40e5b1bc201b5b') in 0.0155908 seconds [static and dynamic dependencies]. Details - ImportResultOutputID=355f4146492aeb03403a5a23ab21c7bf DependenciesID=5c5e0e59c6be9b5d772b6fd87d67c7c9 StaticDependenciesID=7e5eb5aa5614ff35611c0e629f21c8b2 
Number of updated asset objects reloaded before import = 0Number of asset objects unloaded after import = 2

========================================================================
Received Import Request.
  Time since last request: 0.000021 seconds.
  path: Assets/Packages/JMO Assets/Cartoon FX Remaster/CFXR Assets/Graphics/cfxr stretch sipkes x2 mesh.asset
  importAddress: Guid(a0ee99ac161e4ba45b09ccd7072aed4b) Importer(2089858483,b0f066a214c2f5e87bad3c948f4d605d)
Start importing Assets/Packages/JMO Assets/Cartoon FX Remaster/CFXR Assets/Graphics/cfxr stretch sipkes x2 mesh.asset using Guid(a0ee99ac161e4ba45b09ccd7072aed4b) Importer(2089858483,b0f066a214c2f5e87bad3c948f4d605d) (ScriptedImporter) -> (Import Result ID: '35cefceb9643027a2ab751938c913bc5') in 0.0125145 seconds [static and dynamic dependencies]. Details - ImportResultOutputID=30d8698523aab6db97a6152447706b0d DependenciesID=d89f8d48c7bd62c7a6a2bef8dabb3cfb StaticDependenciesID=ccdbcbfb41368ab7202fb138434f70a8 
Number of updated asset objects reloaded before import = 0Number of asset objects unloaded after import = 1

========================================================================
Received Import Request.
  Time since last request: 0.000022 seconds.
  path: Assets/Packages/JMO Assets/Cartoon FX Remaster/CFXR Assets/Graphics/cfxr proc glow soft add.mat
  importAddress: Guid(8d244b42458199344aaea0c6c77cbb90) Importer(2089858483,b0f066a214c2f5e87bad3c948f4d605d)
Start importing Assets/Packages/JMO Assets/Cartoon FX Remaster/CFXR Assets/Graphics/cfxr proc glow soft add.mat using Guid(8d244b42458199344aaea0c6c77cbb90) Importer(2089858483,b0f066a214c2f5e87bad3c948f4d605d) (ScriptedImporter) -> (Import Result ID: '6b0b6d8580969c4642a26cee638a749b') in 0.0133184 seconds [static and dynamic dependencies]. Details - ImportResultOutputID=cbe69484bcc7d734b3b6c62806aeed67 DependenciesID=0bbaa48e80e380d38febe9b4321edd7b StaticDependenciesID=bd02a535a3eefa33e18224f7c5810fed 
Number of updated asset objects reloaded before import = 0Number of asset objects unloaded after import = 1

========================================================================
Received Import Request.
  Time since last request: 0.000021 seconds.
  path: Assets/Packages/JMO Assets/Cartoon FX Remaster/CFXR Assets/Graphics/cfxr electric small anim2 7x2 ab.mat
  importAddress: Guid(db8a5b9ece13e724aa993174dc3c6843) Importer(2089858483,b0f066a214c2f5e87bad3c948f4d605d)
Start importing Assets/Packages/JMO Assets/Cartoon FX Remaster/CFXR Assets/Graphics/cfxr electric small anim2 7x2 ab.mat using Guid(db8a5b9ece13e724aa993174dc3c6843) Importer(2089858483,b0f066a214c2f5e87bad3c948f4d605d) (ScriptedImporter) -> (Import Result ID: 'be8fb94957dcb35b05d30c39423a40f0') in 0.0166531 seconds [static and dynamic dependencies]. Details - ImportResultOutputID=fa452fe0e8c30965810ee0f05e34bb8b DependenciesID=769a59e024e9d6dfdee5c1c4089d908b StaticDependenciesID=a980ee243ed74846fec8fa0fb4d7735b 
Number of updated asset objects reloaded before import = 0Number of asset objects unloaded after import = 2

========================================================================
Received Import Request.
  Time since last request: 0.000031 seconds.
  path: Assets/Packages/Pixel Adventure 1/Assets/Background/Purple.png
  importAddress: Guid(248611cc7bb8d85448933cee393ce41e) Importer(2089858483,b0f066a214c2f5e87bad3c948f4d605d)
Start importing Assets/Packages/Pixel Adventure 1/Assets/Background/Purple.png using Guid(248611cc7bb8d85448933cee393ce41e) Importer(2089858483,b0f066a214c2f5e87bad3c948f4d605d) (ScriptedImporter) -> (Import Result ID: '497930c63709f1388784f083bd98c0f2') in 0.0705914 seconds [static and dynamic dependencies]. Details - ImportResultOutputID=5b8cce4b0953026a97558a489914a072 DependenciesID=ed312244bb93d6ac52dcce4da5262a20 StaticDependenciesID=dfc3a7abb43f20a3a2eca57fc5381703 
Number of updated asset objects reloaded before import = 0Number of asset objects unloaded after import = 3

========================================================================
Received Import Request.
  Time since last request: 0.000025 seconds.
  path: Assets/Packages/JMO Assets/Cartoon FX Remaster/CFXR Assets/Graphics/cfxr bubble 2.png
  importAddress: Guid(e60eda0ccf5343e46b8cb114df9ba50d) Importer(2089858483,b0f066a214c2f5e87bad3c948f4d605d)
Start importing Assets/Packages/JMO Assets/Cartoon FX Remaster/CFXR Assets/Graphics/cfxr bubble 2.png using Guid(e60eda0ccf5343e46b8cb114df9ba50d) Importer(2089858483,b0f066a214c2f5e87bad3c948f4d605d) (ScriptedImporter) -> (Import Result ID: '1ae525cdecbdde704002401496c772d1') in 0.0214643 seconds [static and dynamic dependencies]. Details - ImportResultOutputID=e0aa83198de8795e9e26a999f9ace549 DependenciesID=23b914c08c21b2617c76447b7f2118b0 StaticDependenciesID=e337b6b1d4d543bbe58d942d363390f7 
Number of updated asset objects reloaded before import = 0Number of asset objects unloaded after import = 1

========================================================================
Received Import Request.
  Time since last request: 0.000022 seconds.
  path: Assets/Packages/JMO Assets/Cartoon FX Remaster/CFXR Assets/Graphics/cfxr fire circle drawn.png
  importAddress: Guid(0003acfc8bb663142b3444749651d29e) Importer(2089858483,b0f066a214c2f5e87bad3c948f4d605d)
Start importing Assets/Packages/JMO Assets/Cartoon FX Remaster/CFXR Assets/Graphics/cfxr fire circle drawn.png using Guid(0003acfc8bb663142b3444749651d29e) Importer(2089858483,b0f066a214c2f5e87bad3c948f4d605d) (ScriptedImporter) -> (Import Result ID: '7b6e64cfbdb8d206f07794e74cb1ab40') in 0.0194072 seconds [static and dynamic dependencies]. Details - ImportResultOutputID=b40d489058caf2ff04ce8e9bd8b0c3b5 DependenciesID=32845c0e051d10797407333d9a5f901f StaticDependenciesID=314abfa3146004ed30ddb13276346d6d 
Number of updated asset objects reloaded before import = 0Number of asset objects unloaded after import = 1

========================================================================
Received Import Request.
  Time since last request: 0.000032 seconds.
  path: Assets/Packages/JMO Assets/Cartoon FX Remaster/CFXR Assets/Graphics/cfxr stretch steam blur distort.png
  importAddress: Guid(abbe7d8f7afddbb43985056fe6012b8e) Importer(2089858483,b0f066a214c2f5e87bad3c948f4d605d)
Start importing Assets/Packages/JMO Assets/Cartoon FX Remaster/CFXR Assets/Graphics/cfxr stretch steam blur distort.png using Guid(abbe7d8f7afddbb43985056fe6012b8e) Importer(2089858483,b0f066a214c2f5e87bad3c948f4d605d) (ScriptedImporter) -> (Import Result ID: 'ddf09f4e86dc5f1ba7501791dbf32194') in 0.0192213 seconds [static and dynamic dependencies]. Details - ImportResultOutputID=9f681c54b53a7d044ff4e29a9d03d677 DependenciesID=f5289e66418ebdf50551d831624beff7 StaticDependenciesID=64475f0805f77076ba0a698e620ee36e 
Number of updated asset objects reloaded before import = 0Number of asset objects unloaded after import = 1

========================================================================
Received Import Request.
  Time since last request: 0.000021 seconds.
  path: Assets/Sprites/TV-Guy 8-Bit Parts/TVGuy-LBicep.png
  importAddress: Guid(a0b594a17d6345d4694ae1469e372947) Importer(2089858483,b0f066a214c2f5e87bad3c948f4d605d)
Start importing Assets/Sprites/TV-Guy 8-Bit Parts/TVGuy-LBicep.png using Guid(a0b594a17d6345d4694ae1469e372947) Importer(2089858483,b0f066a214c2f5e87bad3c948f4d605d) (ScriptedImporter) -> (Import Result ID: 'a9819b245d1496ddcd9c68e24def11e2') in 0.0369901 seconds [static and dynamic dependencies]. Details - ImportResultOutputID=0d67b80a536f8a88dffa1abe6379f2f1 DependenciesID=9346949bc137cf41b321d506df51e8b5 StaticDependenciesID=5b58ef9d74f1f0374cd49c567f02e42b 
Number of updated asset objects reloaded before import = 0Number of asset objects unloaded after import = 3

